
###############Alert###############
currentTime:1720180779635
AnomalyScore: 0.9977963959345711
AlertPath:[File: PATH-/sbin/pfctl]->PROCESS_LOAD->[Process: PName-sh, ARGUMENTS-]: 0.1: 0
[Process: PName-pfctl, ARGUMENTS-]->FILE_OPEN->[File: PATH-/var/run/ld-elf.so.hints]: 0.1: 0
[File: PATH-/var/run/ld-elf.so.hints]->FILE_READ->[Process: PName-egrep, ARGUMENTS-]: 0.3009092877246157: 339995177
[Process: PName-egrep, ARGUMENTS-]->FILE_WRITE->[File: PATH-<unknown>]: 0.1: 49998902
[File: PATH-<unknown>]->FILE_READ->[Process: PName-tee, ARGUMENTS-]: 0.3013642269380684: 0
[Process: PName-tee, ARGUMENTS-]->FILE_WRITE->[File: PATH-/tmp/periodic.L7oz7KTJ1r]: 0.1: 0

###############Alert###############
currentTime:1720180779636
AnomalyScore: 0.9977963959345711
AlertPath:[File: PATH-/sbin/pfctl]->PROCESS_LOAD->[Process: PName-sh, ARGUMENTS-]: 0.1: 0
[Process: PName-pfctl, ARGUMENTS-]->FILE_OPEN->[File: PATH-/var/run/ld-elf.so.hints]: 0.1: 0
[File: PATH-/var/run/ld-elf.so.hints]->FILE_READ->[Process: PName-egrep, ARGUMENTS-]: 0.3009092877246157: 339995177
[Process: PName-egrep, ARGUMENTS-]->FILE_WRITE->[File: PATH-<unknown>]: 0.1: 49998902
[File: PATH-<unknown>]->FILE_READ->[Process: PName-tee, ARGUMENTS-]: 0.3013642269380684: 0
[Process: PName-tee, ARGUMENTS-]->FILE_WRITE->[File: PATH-/tmp/periodic.L7oz7KTJ1r]: 0.1: 0

###############Alert###############
currentTime:1720180779637
AnomalyScore: 0.9977963959345711
AlertPath:[File: PATH-/sbin/pfctl]->PROCESS_LOAD->[Process: PName-sh, ARGUMENTS-]: 0.1: 0
[Process: PName-pfctl, ARGUMENTS-]->FILE_OPEN->[File: PATH-/var/run/ld-elf.so.hints]: 0.1: 0
[File: PATH-/var/run/ld-elf.so.hints]->FILE_READ->[Process: PName-egrep, ARGUMENTS-]: 0.3009092877246157: 339995177
[Process: PName-egrep, ARGUMENTS-]->FILE_WRITE->[File: PATH-<unknown>]: 0.1: 49998902
[File: PATH-<unknown>]->FILE_READ->[Process: PName-tee, ARGUMENTS-]: 0.3013642269380684: 0
[Process: PName-tee, ARGUMENTS-]->FILE_WRITE->[File: PATH-/tmp/periodic.L7oz7KTJ1r]: 0.1: 10001388

###############Alert###############
currentTime:1720180794545
AnomalyScore: 0.9973
AlertPath:[File: PATH-/usr/bin/touch]->PROCESS_LOAD->[Process: PName-sh, ARGUMENTS-]: 0.1: 0
[Process: PName-touch, ARGUMENTS-]->FILE_OPEN->[File: PATH-/etc/libmap.conf]: 0.1: 0
[File: PATH-/etc/libmap.conf]->FILE_READ->[Process: PName-chown, ARGUMENTS-]: 0.1: 20000407
[Process: PName-chown, ARGUMENTS-]->FILE_OPEN->[File: PATH-/var/run/ld-elf.so.hints]: 0.1: 0

###############Alert###############
currentTime:1720180794546
AnomalyScore: 0.9973
AlertPath:[File: PATH-/usr/bin/touch]->PROCESS_LOAD->[Process: PName-sh, ARGUMENTS-]: 0.1: 0
[Process: PName-touch, ARGUMENTS-]->FILE_OPEN->[File: PATH-/etc/libmap.conf]: 0.1: 0
[File: PATH-/etc/libmap.conf]->FILE_READ->[Process: PName-chown, ARGUMENTS-]: 0.1: 20000407
[Process: PName-chown, ARGUMENTS-]->FILE_OPEN->[File: PATH-/dev/hpet0]: 0.1: 10000119

###############Alert###############
currentTime:1720180794547
AnomalyScore: 0.9973
AlertPath:[File: PATH-/bin/chmod]->PROCESS_LOAD->[Process: PName-sh, ARGUMENTS-]: 0.1: 0
[Process: PName-chmod, ARGUMENTS-]->FILE_OPEN->[File: PATH-/etc/libmap.conf]: 0.1: 0
[File: PATH-/etc/libmap.conf]->FILE_READ->[Process: PName-nice, ARGUMENTS-]: 0.1: 19999077
[Process: PName-nice, ARGUMENTS-]->FILE_OPEN->[File: PATH-/var/run/ld-elf.so.hints]: 0.1: 0

###############Alert###############
currentTime:1720180794548
AnomalyScore: 0.9973
AlertPath:[File: PATH-/bin/chmod]->PROCESS_LOAD->[Process: PName-sh, ARGUMENTS-]: 0.1: 0
[Process: PName-chmod, ARGUMENTS-]->FILE_OPEN->[File: PATH-/etc/libmap.conf]: 0.1: 0
[File: PATH-/etc/libmap.conf]->FILE_READ->[Process: PName-nice, ARGUMENTS-]: 0.1: 19999077
[Process: PName-nice, ARGUMENTS-]->FILE_OPEN->[File: PATH-/dev/hpet0]: 0.1: 10001539

###############Alert###############
currentTime:1720180794549
AnomalyScore: 0.9975675385283265
AlertPath:[File: PATH-/usr/bin/touch]->PROCESS_LOAD->[Process: PName-sh, ARGUMENTS-]: 0.1: 0
[Process: PName-touch, ARGUMENTS-]->FILE_OPEN->[File: PATH-/etc/libmap.conf]: 0.1: 0
[File: PATH-/etc/libmap.conf]->FILE_READ->[Process: PName-chown, ARGUMENTS-]: 0.1: 20000407
[Process: PName-chown, ARGUMENTS-]->FILE_OPEN->[File: PATH-/etc/nsswitch.conf]: 0.1: 10000119
[File: PATH-/etc/nsswitch.conf]->FILE_READ->[Process: PName-su, ARGUMENTS-]: 0.3003038853917951: 59996902

###############Alert###############
currentTime:1720180794549
AnomalyScore: 0.9973
AlertPath:[File: PATH-/usr/bin/touch]->PROCESS_LOAD->[Process: PName-sh, ARGUMENTS-]: 0.1: 0
[Process: PName-touch, ARGUMENTS-]->FILE_OPEN->[File: PATH-/etc/libmap.conf]: 0.1: 0
[File: PATH-/etc/libmap.conf]->FILE_READ->[Process: PName-chown, ARGUMENTS-]: 0.1: 20000407
[Process: PName-chown, ARGUMENTS-]->FILE_OPEN->[File: PATH-/etc/spwd.db]: 0.1: 10000119

###############Alert###############
currentTime:1720180794557
AnomalyScore: 0.9973
AlertPath:[File: PATH-/usr/bin/touch]->PROCESS_LOAD->[Process: PName-sh, ARGUMENTS-]: 0.1: 0
[Process: PName-touch, ARGUMENTS-]->FILE_OPEN->[File: PATH-/etc/libmap.conf]: 0.1: 0
[File: PATH-/etc/libmap.conf]->FILE_READ->[Process: PName-chown, ARGUMENTS-]: 0.1: 20000407
[Process: PName-chown, ARGUMENTS-]->FILE_OPEN->[File: PATH-/etc/nsswitch.conf]: 0.1: 10000119

###############Alert###############
currentTime:1720180794579
AnomalyScore: 0.9974988027711625
AlertPath:[File: PATH-/usr/bin/lsvfs]->PROCESS_LOAD->[Process: PName-sh, ARGUMENTS-]: 0.1: 0
[Process: PName-lsvfs, ARGUMENTS-]->FILE_OPEN->[File: PATH-/var/run/ld-elf.so.hints]: 0.1: 10005449
[File: PATH-/var/run/ld-elf.so.hints]->FILE_READ->[Process: PName-find, ARGUMENTS-]: 0.30878978133795193: 29994696
[Process: PName-find, ARGUMENTS-]->FILE_WRITE->[File: PATH-<unknown>]: 0.1: 60005482
[File: PATH-<unknown>]->FILE_READ->[Process: PName-locate.code, ARGUMENTS-]: 0.1: 0

###############Alert###############
currentTime:1720180794583
AnomalyScore: 0.9974988027711625
AlertPath:[File: PATH-/usr/bin/lsvfs]->PROCESS_LOAD->[Process: PName-sh, ARGUMENTS-]: 0.1: 0
[Process: PName-lsvfs, ARGUMENTS-]->FILE_OPEN->[File: PATH-/var/run/ld-elf.so.hints]: 0.1: 10005449
[File: PATH-/var/run/ld-elf.so.hints]->FILE_READ->[Process: PName-find, ARGUMENTS-]: 0.30878978133795193: 29994696
[Process: PName-find, ARGUMENTS-]->FILE_WRITE->[File: PATH-<unknown>]: 0.1: 60005482
[File: PATH-<unknown>]->FILE_READ->[Process: PName-locate.code, ARGUMENTS-]: 0.1: 0

###############Alert###############
currentTime:1720180794584
AnomalyScore: 0.9974988027711625
AlertPath:[File: PATH-/usr/bin/lsvfs]->PROCESS_LOAD->[Process: PName-sh, ARGUMENTS-]: 0.1: 0
[Process: PName-lsvfs, ARGUMENTS-]->FILE_OPEN->[File: PATH-/var/run/ld-elf.so.hints]: 0.1: 10005449
[File: PATH-/var/run/ld-elf.so.hints]->FILE_READ->[Process: PName-find, ARGUMENTS-]: 0.30878978133795193: 29994696
[Process: PName-find, ARGUMENTS-]->FILE_WRITE->[File: PATH-<unknown>]: 0.1: 99999836
[File: PATH-<unknown>]->FILE_READ->[Process: PName-locate.code, ARGUMENTS-]: 0.1: 0

###############Alert###############
currentTime:1720180794584
AnomalyScore: 0.9974988027711625
AlertPath:[File: PATH-/usr/bin/lsvfs]->PROCESS_LOAD->[Process: PName-sh, ARGUMENTS-]: 0.1: 0
[Process: PName-lsvfs, ARGUMENTS-]->FILE_OPEN->[File: PATH-/var/run/ld-elf.so.hints]: 0.1: 10005449
[File: PATH-/var/run/ld-elf.so.hints]->FILE_READ->[Process: PName-find, ARGUMENTS-]: 0.30878978133795193: 29994696
[Process: PName-find, ARGUMENTS-]->FILE_WRITE->[File: PATH-<unknown>]: 0.1: 99999836
[File: PATH-<unknown>]->FILE_READ->[Process: PName-locate.code, ARGUMENTS-]: 0.1: 0

###############Alert###############
currentTime:1720180794587
AnomalyScore: 0.9974988027711625
AlertPath:[File: PATH-/usr/bin/lsvfs]->PROCESS_LOAD->[Process: PName-sh, ARGUMENTS-]: 0.1: 0
[Process: PName-lsvfs, ARGUMENTS-]->FILE_OPEN->[File: PATH-/var/run/ld-elf.so.hints]: 0.1: 10005449
[File: PATH-/var/run/ld-elf.so.hints]->FILE_READ->[Process: PName-find, ARGUMENTS-]: 0.30878978133795193: 29994696
[Process: PName-find, ARGUMENTS-]->FILE_WRITE->[File: PATH-<unknown>]: 0.1: 99999836
[File: PATH-<unknown>]->FILE_READ->[Process: PName-locate.code, ARGUMENTS-]: 0.1: 0

###############Alert###############
currentTime:1720180794604
AnomalyScore: 0.9974988027711625
AlertPath:[File: PATH-/usr/bin/lsvfs]->PROCESS_LOAD->[Process: PName-sh, ARGUMENTS-]: 0.1: 0
[Process: PName-lsvfs, ARGUMENTS-]->FILE_OPEN->[File: PATH-/var/run/ld-elf.so.hints]: 0.1: 10005449
[File: PATH-/var/run/ld-elf.so.hints]->FILE_READ->[Process: PName-find, ARGUMENTS-]: 0.30878978133795193: 29994696
[Process: PName-find, ARGUMENTS-]->FILE_WRITE->[File: PATH-<unknown>]: 0.1: 110001205
[File: PATH-<unknown>]->FILE_READ->[Process: PName-locate.code, ARGUMENTS-]: 0.1: 60007972

###############Alert###############
currentTime:1720180794605
AnomalyScore: 0.9974988027711625
AlertPath:[File: PATH-/usr/bin/lsvfs]->PROCESS_LOAD->[Process: PName-sh, ARGUMENTS-]: 0.1: 0
[Process: PName-lsvfs, ARGUMENTS-]->FILE_OPEN->[File: PATH-/var/run/ld-elf.so.hints]: 0.1: 10005449
[File: PATH-/var/run/ld-elf.so.hints]->FILE_READ->[Process: PName-find, ARGUMENTS-]: 0.30878978133795193: 29994696
[Process: PName-find, ARGUMENTS-]->FILE_WRITE->[File: PATH-<unknown>]: 0.1: 180007386
[File: PATH-<unknown>]->FILE_READ->[Process: PName-locate.code, ARGUMENTS-]: 0.1: 0

###############Alert###############
currentTime:1720180794606
AnomalyScore: 0.9974988027711625
AlertPath:[File: PATH-/usr/bin/lsvfs]->PROCESS_LOAD->[Process: PName-sh, ARGUMENTS-]: 0.1: 0
[Process: PName-lsvfs, ARGUMENTS-]->FILE_OPEN->[File: PATH-/var/run/ld-elf.so.hints]: 0.1: 10005449
[File: PATH-/var/run/ld-elf.so.hints]->FILE_READ->[Process: PName-find, ARGUMENTS-]: 0.30878978133795193: 29994696
[Process: PName-find, ARGUMENTS-]->FILE_WRITE->[File: PATH-<unknown>]: 0.1: 180007386
[File: PATH-<unknown>]->FILE_READ->[Process: PName-locate.code, ARGUMENTS-]: 0.1: 0

###############Alert###############
currentTime:1720180794610
AnomalyScore: 0.9974988027711625
AlertPath:[File: PATH-/usr/bin/lsvfs]->PROCESS_LOAD->[Process: PName-sh, ARGUMENTS-]: 0.1: 0
[Process: PName-lsvfs, ARGUMENTS-]->FILE_OPEN->[File: PATH-/var/run/ld-elf.so.hints]: 0.1: 10005449
[File: PATH-/var/run/ld-elf.so.hints]->FILE_READ->[Process: PName-find, ARGUMENTS-]: 0.30878978133795193: 29994696
[Process: PName-find, ARGUMENTS-]->FILE_WRITE->[File: PATH-<unknown>]: 0.1: 180007386
[File: PATH-<unknown>]->FILE_READ->[Process: PName-locate.code, ARGUMENTS-]: 0.1: 29992855

###############Alert###############
currentTime:1720180794611
AnomalyScore: 0.9974988027711625
AlertPath:[File: PATH-/usr/bin/lsvfs]->PROCESS_LOAD->[Process: PName-sh, ARGUMENTS-]: 0.1: 0
[Process: PName-lsvfs, ARGUMENTS-]->FILE_OPEN->[File: PATH-/var/run/ld-elf.so.hints]: 0.1: 10005449
[File: PATH-/var/run/ld-elf.so.hints]->FILE_READ->[Process: PName-find, ARGUMENTS-]: 0.30878978133795193: 29994696
[Process: PName-find, ARGUMENTS-]->FILE_WRITE->[File: PATH-<unknown>]: 0.1: 210000241
[File: PATH-<unknown>]->FILE_READ->[Process: PName-locate.code, ARGUMENTS-]: 0.1: 0

###############Alert###############
currentTime:1720180794611
AnomalyScore: 0.9974988027711625
AlertPath:[File: PATH-/usr/bin/lsvfs]->PROCESS_LOAD->[Process: PName-sh, ARGUMENTS-]: 0.1: 0
[Process: PName-lsvfs, ARGUMENTS-]->FILE_OPEN->[File: PATH-/var/run/ld-elf.so.hints]: 0.1: 10005449
[File: PATH-/var/run/ld-elf.so.hints]->FILE_READ->[Process: PName-find, ARGUMENTS-]: 0.30878978133795193: 29994696
[Process: PName-find, ARGUMENTS-]->FILE_WRITE->[File: PATH-<unknown>]: 0.1: 210000241
[File: PATH-<unknown>]->FILE_READ->[Process: PName-locate.code, ARGUMENTS-]: 0.1: 0

###############Alert###############
currentTime:1720180794612
AnomalyScore: 0.9974988027711625
AlertPath:[File: PATH-/usr/bin/lsvfs]->PROCESS_LOAD->[Process: PName-sh, ARGUMENTS-]: 0.1: 0
[Process: PName-lsvfs, ARGUMENTS-]->FILE_OPEN->[File: PATH-/var/run/ld-elf.so.hints]: 0.1: 10005449
[File: PATH-/var/run/ld-elf.so.hints]->FILE_READ->[Process: PName-find, ARGUMENTS-]: 0.30878978133795193: 29994696
[Process: PName-find, ARGUMENTS-]->FILE_WRITE->[File: PATH-<unknown>]: 0.1: 210000241
[File: PATH-<unknown>]->FILE_READ->[Process: PName-locate.code, ARGUMENTS-]: 0.1: 10005569

###############Alert###############
currentTime:1720180794634
AnomalyScore: 0.9974988027711625
AlertPath:[File: PATH-/usr/bin/lsvfs]->PROCESS_LOAD->[Process: PName-sh, ARGUMENTS-]: 0.1: 0
[Process: PName-lsvfs, ARGUMENTS-]->FILE_OPEN->[File: PATH-/var/run/ld-elf.so.hints]: 0.1: 10005449
[File: PATH-/var/run/ld-elf.so.hints]->FILE_READ->[Process: PName-find, ARGUMENTS-]: 0.30878978133795193: 29994696
[Process: PName-find, ARGUMENTS-]->FILE_WRITE->[File: PATH-<unknown>]: 0.1: 280003092
[File: PATH-<unknown>]->FILE_READ->[Process: PName-locate.code, ARGUMENTS-]: 0.1: 0

###############Alert###############
currentTime:1720180794642
AnomalyScore: 0.9974988027711625
AlertPath:[File: PATH-/usr/bin/lsvfs]->PROCESS_LOAD->[Process: PName-sh, ARGUMENTS-]: 0.1: 0
[Process: PName-lsvfs, ARGUMENTS-]->FILE_OPEN->[File: PATH-/var/run/ld-elf.so.hints]: 0.1: 10005449
[File: PATH-/var/run/ld-elf.so.hints]->FILE_READ->[Process: PName-find, ARGUMENTS-]: 0.30878978133795193: 29994696
[Process: PName-find, ARGUMENTS-]->FILE_WRITE->[File: PATH-<unknown>]: 0.1: 330001595
[File: PATH-<unknown>]->FILE_READ->[Process: PName-locate.code, ARGUMENTS-]: 0.1: 50001144

###############Alert###############
currentTime:1720180794643
AnomalyScore: 0.9974988027711625
AlertPath:[File: PATH-/usr/bin/lsvfs]->PROCESS_LOAD->[Process: PName-sh, ARGUMENTS-]: 0.1: 0
[Process: PName-lsvfs, ARGUMENTS-]->FILE_OPEN->[File: PATH-/var/run/ld-elf.so.hints]: 0.1: 10005449
[File: PATH-/var/run/ld-elf.so.hints]->FILE_READ->[Process: PName-find, ARGUMENTS-]: 0.30878978133795193: 29994696
[Process: PName-find, ARGUMENTS-]->FILE_WRITE->[File: PATH-<unknown>]: 0.1: 420001803
[File: PATH-<unknown>]->FILE_READ->[Process: PName-locate.code, ARGUMENTS-]: 0.1: 0

###############Alert###############
currentTime:1720180794645
AnomalyScore: 0.9974988027711625
AlertPath:[File: PATH-/usr/bin/lsvfs]->PROCESS_LOAD->[Process: PName-sh, ARGUMENTS-]: 0.1: 0
[Process: PName-lsvfs, ARGUMENTS-]->FILE_OPEN->[File: PATH-/var/run/ld-elf.so.hints]: 0.1: 10005449
[File: PATH-/var/run/ld-elf.so.hints]->FILE_READ->[Process: PName-find, ARGUMENTS-]: 0.30878978133795193: 29994696
[Process: PName-find, ARGUMENTS-]->FILE_WRITE->[File: PATH-<unknown>]: 0.1: 420001803
[File: PATH-<unknown>]->FILE_READ->[Process: PName-locate.code, ARGUMENTS-]: 0.1: 20001568

###############Alert###############
currentTime:1720180794650
AnomalyScore: 0.9974988027711625
AlertPath:[File: PATH-/usr/bin/lsvfs]->PROCESS_LOAD->[Process: PName-sh, ARGUMENTS-]: 0.1: 0
[Process: PName-lsvfs, ARGUMENTS-]->FILE_OPEN->[File: PATH-/var/run/ld-elf.so.hints]: 0.1: 10005449
[File: PATH-/var/run/ld-elf.so.hints]->FILE_READ->[Process: PName-find, ARGUMENTS-]: 0.30878978133795193: 29994696
[Process: PName-find, ARGUMENTS-]->FILE_WRITE->[File: PATH-<unknown>]: 0.1: 449999069
[File: PATH-<unknown>]->FILE_READ->[Process: PName-locate.code, ARGUMENTS-]: 0.1: 0

###############Alert###############
currentTime:1720180794658
AnomalyScore: 0.9974988027711625
AlertPath:[File: PATH-/usr/bin/lsvfs]->PROCESS_LOAD->[Process: PName-sh, ARGUMENTS-]: 0.1: 0
[Process: PName-lsvfs, ARGUMENTS-]->FILE_OPEN->[File: PATH-/var/run/ld-elf.so.hints]: 0.1: 10005449
[File: PATH-/var/run/ld-elf.so.hints]->FILE_READ->[Process: PName-find, ARGUMENTS-]: 0.30878978133795193: 29994696
[Process: PName-find, ARGUMENTS-]->FILE_WRITE->[File: PATH-<unknown>]: 0.1: 549999726
[File: PATH-<unknown>]->FILE_READ->[Process: PName-locate.code, ARGUMENTS-]: 0.1: 0

###############Alert###############
currentTime:1720180794663
AnomalyScore: 0.9974988027711625
AlertPath:[File: PATH-/usr/bin/lsvfs]->PROCESS_LOAD->[Process: PName-sh, ARGUMENTS-]: 0.1: 0
[Process: PName-lsvfs, ARGUMENTS-]->FILE_OPEN->[File: PATH-/var/run/ld-elf.so.hints]: 0.1: 10005449
[File: PATH-/var/run/ld-elf.so.hints]->FILE_READ->[Process: PName-find, ARGUMENTS-]: 0.30878978133795193: 29994696
[Process: PName-find, ARGUMENTS-]->FILE_WRITE->[File: PATH-<unknown>]: 0.1: 599999429
[File: PATH-<unknown>]->FILE_READ->[Process: PName-locate.code, ARGUMENTS-]: 0.1: 50002674

###############Alert###############
currentTime:1720180794667
AnomalyScore: 0.9974988027711625
AlertPath:[File: PATH-/usr/bin/lsvfs]->PROCESS_LOAD->[Process: PName-sh, ARGUMENTS-]: 0.1: 0
[Process: PName-lsvfs, ARGUMENTS-]->FILE_OPEN->[File: PATH-/var/run/ld-elf.so.hints]: 0.1: 10005449
[File: PATH-/var/run/ld-elf.so.hints]->FILE_READ->[Process: PName-find, ARGUMENTS-]: 0.30878978133795193: 29994696
[Process: PName-find, ARGUMENTS-]->FILE_WRITE->[File: PATH-<unknown>]: 0.1: 599999429
[File: PATH-<unknown>]->FILE_READ->[Process: PName-locate.code, ARGUMENTS-]: 0.1: 150007180

###############Alert###############
currentTime:1720180794671
AnomalyScore: 0.9974988027711625
AlertPath:[File: PATH-/usr/bin/lsvfs]->PROCESS_LOAD->[Process: PName-sh, ARGUMENTS-]: 0.1: 0
[Process: PName-lsvfs, ARGUMENTS-]->FILE_OPEN->[File: PATH-/var/run/ld-elf.so.hints]: 0.1: 10005449
[File: PATH-/var/run/ld-elf.so.hints]->FILE_READ->[Process: PName-find, ARGUMENTS-]: 0.30878978133795193: 29994696
[Process: PName-find, ARGUMENTS-]->FILE_WRITE->[File: PATH-<unknown>]: 0.1: 599999429
[File: PATH-<unknown>]->FILE_READ->[Process: PName-locate.code, ARGUMENTS-]: 0.1: 229999900

###############Alert###############
currentTime:1720180794674
AnomalyScore: 0.9974988027711625
AlertPath:[File: PATH-/usr/bin/lsvfs]->PROCESS_LOAD->[Process: PName-sh, ARGUMENTS-]: 0.1: 0
[Process: PName-lsvfs, ARGUMENTS-]->FILE_OPEN->[File: PATH-/var/run/ld-elf.so.hints]: 0.1: 10005449
[File: PATH-/var/run/ld-elf.so.hints]->FILE_READ->[Process: PName-find, ARGUMENTS-]: 0.30878978133795193: 29994696
[Process: PName-find, ARGUMENTS-]->FILE_WRITE->[File: PATH-<unknown>]: 0.1: 599999429
[File: PATH-<unknown>]->FILE_READ->[Process: PName-locate.code, ARGUMENTS-]: 0.1: 309999869

###############Alert###############
currentTime:1720180794676
AnomalyScore: 0.9974988027711625
AlertPath:[File: PATH-/usr/bin/lsvfs]->PROCESS_LOAD->[Process: PName-sh, ARGUMENTS-]: 0.1: 0
[Process: PName-lsvfs, ARGUMENTS-]->FILE_OPEN->[File: PATH-/var/run/ld-elf.so.hints]: 0.1: 10005449
[File: PATH-/var/run/ld-elf.so.hints]->FILE_READ->[Process: PName-find, ARGUMENTS-]: 0.30878978133795193: 29994696
[Process: PName-find, ARGUMENTS-]->FILE_WRITE->[File: PATH-<unknown>]: 0.1: 599999429
[File: PATH-<unknown>]->FILE_READ->[Process: PName-locate.code, ARGUMENTS-]: 0.1: 360008362

###############Alert###############
currentTime:1720180794679
AnomalyScore: 0.9974988027711625
AlertPath:[File: PATH-/usr/bin/lsvfs]->PROCESS_LOAD->[Process: PName-sh, ARGUMENTS-]: 0.1: 0
[Process: PName-lsvfs, ARGUMENTS-]->FILE_OPEN->[File: PATH-/var/run/ld-elf.so.hints]: 0.1: 10005449
[File: PATH-/var/run/ld-elf.so.hints]->FILE_READ->[Process: PName-find, ARGUMENTS-]: 0.30878978133795193: 29994696
[Process: PName-find, ARGUMENTS-]->FILE_WRITE->[File: PATH-<unknown>]: 0.1: 599999429
[File: PATH-<unknown>]->FILE_READ->[Process: PName-locate.code, ARGUMENTS-]: 0.1: 410010826

###############Alert###############
currentTime:1720180794682
AnomalyScore: 0.9974988027711625
AlertPath:[File: PATH-/usr/bin/lsvfs]->PROCESS_LOAD->[Process: PName-sh, ARGUMENTS-]: 0.1: 0
[Process: PName-lsvfs, ARGUMENTS-]->FILE_OPEN->[File: PATH-/var/run/ld-elf.so.hints]: 0.1: 10005449
[File: PATH-/var/run/ld-elf.so.hints]->FILE_READ->[Process: PName-find, ARGUMENTS-]: 0.30878978133795193: 29994696
[Process: PName-find, ARGUMENTS-]->FILE_WRITE->[File: PATH-<unknown>]: 0.1: 599999429
[File: PATH-<unknown>]->FILE_READ->[Process: PName-locate.code, ARGUMENTS-]: 0.1: 460002459

###############Alert###############
currentTime:1720180794686
AnomalyScore: 0.9974988027711625
AlertPath:[File: PATH-/usr/bin/lsvfs]->PROCESS_LOAD->[Process: PName-sh, ARGUMENTS-]: 0.1: 0
[Process: PName-lsvfs, ARGUMENTS-]->FILE_OPEN->[File: PATH-/var/run/ld-elf.so.hints]: 0.1: 10005449
[File: PATH-/var/run/ld-elf.so.hints]->FILE_READ->[Process: PName-find, ARGUMENTS-]: 0.30878978133795193: 29994696
[Process: PName-find, ARGUMENTS-]->FILE_WRITE->[File: PATH-<unknown>]: 0.1: 599999429
[File: PATH-<unknown>]->FILE_READ->[Process: PName-locate.code, ARGUMENTS-]: 0.1: 520002421

###############Alert###############
currentTime:1720180794689
AnomalyScore: 0.9974988027711625
AlertPath:[File: PATH-/usr/bin/lsvfs]->PROCESS_LOAD->[Process: PName-sh, ARGUMENTS-]: 0.1: 0
[Process: PName-lsvfs, ARGUMENTS-]->FILE_OPEN->[File: PATH-/var/run/ld-elf.so.hints]: 0.1: 10005449
[File: PATH-/var/run/ld-elf.so.hints]->FILE_READ->[Process: PName-find, ARGUMENTS-]: 0.30878978133795193: 29994696
[Process: PName-find, ARGUMENTS-]->FILE_WRITE->[File: PATH-<unknown>]: 0.1: 599999429
[File: PATH-<unknown>]->FILE_READ->[Process: PName-locate.code, ARGUMENTS-]: 0.1: 570000044

###############Alert###############
currentTime:1720180794730
AnomalyScore: 0.9992496408313488
AlertPath:[File: PATH-/usr/bin/lsvfs]->PROCESS_LOAD->[Process: PName-sh, ARGUMENTS-]: 0.1: 0
[Process: PName-lsvfs, ARGUMENTS-]->FILE_OPEN->[File: PATH-/var/run/ld-elf.so.hints]: 0.1: 10005449
[File: PATH-/var/run/ld-elf.so.hints]->FILE_READ->[Process: PName-find, ARGUMENTS-]: 0.30878978133795193: 29994696
[Process: PName-find, ARGUMENTS-]->FILE_WRITE->[File: PATH-<unknown>]: 0.1: 330001595
[File: PATH-<unknown>]->FILE_READ->[Process: PName-locate.code, ARGUMENTS-]: 0.1: 50001144
[Process: PName-locate.code, ARGUMENTS-]->FILE_WRITE->[File: PATH-/tmp/locatexhmAyn5hWz/mklocateUE2bfxxvlX/_mklocatedb11982.list]: 0.1: 0

###############Alert###############
currentTime:1720181041439
AnomalyScore: 0.9973
AlertPath:[File: PATH-/etc/libmap.conf]->FILE_READ->[Process: PName-ipfw, ARGUMENTS-]: 0.1: 0
[Process: PName-ipfw, ARGUMENTS-]->FILE_OPEN->[File: PATH-/var/run/ld-elf.so.hints]: 0.1: 0
[File: PATH-/var/run/ld-elf.so.hints]->FILE_READ->[Process: PName-pfctl, ARGUMENTS-]: 0.1: 169997604
[Process: PName-pfctl, ARGUMENTS-]->FILE_WRITE->[File: PATH-/dev/null]: 0.1: 10003779

###############Alert###############
currentTime:1720181041440
AnomalyScore: 0.9973
AlertPath:[File: PATH-/etc/libmap.conf]->FILE_READ->[Process: PName-ipfw, ARGUMENTS-]: 0.1: 0
[Process: PName-ipfw, ARGUMENTS-]->FILE_OPEN->[File: PATH-/var/run/ld-elf.so.hints]: 0.1: 0
[File: PATH-/var/run/ld-elf.so.hints]->FILE_READ->[Process: PName-pfctl, ARGUMENTS-]: 0.1: 169997604
[Process: PName-pfctl, ARGUMENTS-]->FILE_WRITE->[File: PATH-/dev/null]: 0.1: 20000628

###############Alert###############
currentTime:1720181041441
AnomalyScore: 0.9973
AlertPath:[File: PATH-/etc/libmap.conf]->FILE_READ->[Process: PName-ipfw, ARGUMENTS-]: 0.1: 0
[Process: PName-ipfw, ARGUMENTS-]->FILE_OPEN->[File: PATH-/var/run/ld-elf.so.hints]: 0.1: 0
[File: PATH-/var/run/ld-elf.so.hints]->FILE_READ->[Process: PName-pfctl, ARGUMENTS-]: 0.1: 169997604
[Process: PName-pfctl, ARGUMENTS-]->FILE_OPEN->[File: PATH-/lib/libm.so.5]: 0.1: 0

###############Alert###############
currentTime:1720181041442
AnomalyScore: 0.9973
AlertPath:[File: PATH-/etc/libmap.conf]->FILE_READ->[Process: PName-ipfw, ARGUMENTS-]: 0.1: 0
[Process: PName-ipfw, ARGUMENTS-]->FILE_OPEN->[File: PATH-/var/run/ld-elf.so.hints]: 0.1: 0
[File: PATH-/var/run/ld-elf.so.hints]->FILE_READ->[Process: PName-pfctl, ARGUMENTS-]: 0.1: 169997604
[Process: PName-pfctl, ARGUMENTS-]->FILE_OPEN->[File: PATH-/lib/libc.so.7]: 0.1: 10003779

###############Alert###############
currentTime:1720181041443
AnomalyScore: 0.9973
AlertPath:[File: PATH-/etc/libmap.conf]->FILE_READ->[Process: PName-ipfw, ARGUMENTS-]: 0.1: 0
[Process: PName-ipfw, ARGUMENTS-]->FILE_OPEN->[File: PATH-/var/run/ld-elf.so.hints]: 0.1: 0
[File: PATH-/var/run/ld-elf.so.hints]->FILE_READ->[Process: PName-pfctl, ARGUMENTS-]: 0.1: 169997604
[Process: PName-pfctl, ARGUMENTS-]->FILE_OPEN->[File: PATH-/dev/hpet0]: 0.1: 10003779

###############Alert###############
currentTime:1720181041443
AnomalyScore: 0.9973
AlertPath:[File: PATH-/usr/bin/nawk]->PROCESS_LOAD->[Process: PName-sh, ARGUMENTS-]: 0.1: 0
[Process: PName-nawk, ARGUMENTS-]->FILE_OPEN->[File: PATH-/etc/libmap.conf]: 0.1: 0
[File: PATH-/etc/libmap.conf]->FILE_READ->[Process: PName-pfctl, ARGUMENTS-]: 0.1: 0
[Process: PName-pfctl, ARGUMENTS-]->FILE_WRITE->[File: PATH-/dev/null]: 0.1: 19998048

###############Alert###############
currentTime:1720181041444
AnomalyScore: 0.9973
AlertPath:[File: PATH-/usr/bin/nawk]->PROCESS_LOAD->[Process: PName-sh, ARGUMENTS-]: 0.1: 0
[Process: PName-nawk, ARGUMENTS-]->FILE_OPEN->[File: PATH-/etc/libmap.conf]: 0.1: 0
[File: PATH-/etc/libmap.conf]->FILE_READ->[Process: PName-pfctl, ARGUMENTS-]: 0.1: 0
[Process: PName-pfctl, ARGUMENTS-]->FILE_WRITE->[File: PATH-/dev/null]: 0.1: 19998048

###############Alert###############
currentTime:1720181041445
AnomalyScore: 0.9973
AlertPath:[File: PATH-/usr/bin/nawk]->PROCESS_LOAD->[Process: PName-sh, ARGUMENTS-]: 0.1: 0
[Process: PName-nawk, ARGUMENTS-]->FILE_OPEN->[File: PATH-/etc/libmap.conf]: 0.1: 0
[File: PATH-/etc/libmap.conf]->FILE_READ->[Process: PName-pfctl, ARGUMENTS-]: 0.1: 0
[Process: PName-pfctl, ARGUMENTS-]->FILE_OPEN->[File: PATH-/var/run/ld-elf.so.hints]: 0.1: 0

###############Alert###############
currentTime:1720181041446
AnomalyScore: 0.9973
AlertPath:[File: PATH-/usr/bin/nawk]->PROCESS_LOAD->[Process: PName-sh, ARGUMENTS-]: 0.1: 0
[Process: PName-nawk, ARGUMENTS-]->FILE_OPEN->[File: PATH-/etc/libmap.conf]: 0.1: 0
[File: PATH-/etc/libmap.conf]->FILE_READ->[Process: PName-pfctl, ARGUMENTS-]: 0.1: 0
[Process: PName-pfctl, ARGUMENTS-]->FILE_OPEN->[File: PATH-/dev/hpet0]: 0.1: 19998048

###############Alert###############
currentTime:1720181041467
AnomalyScore: 0.9973
AlertPath:[File: PATH-/usr/bin/nawk]->PROCESS_LOAD->[Process: PName-sh, ARGUMENTS-]: 0.1: 0
[Process: PName-nawk, ARGUMENTS-]->FILE_OPEN->[File: PATH-/etc/libmap.conf]: 0.1: 0
[File: PATH-/etc/libmap.conf]->FILE_READ->[Process: PName-pfctl, ARGUMENTS-]: 0.1: 0
[Process: PName-pfctl, ARGUMENTS-]->FILE_OPEN->[File: PATH-/lib/libmd.so.6]: 0.1: 9999679

###############Alert###############
currentTime:1720181041482
AnomalyScore: 0.9975528144620047
AlertPath:[File: PATH-/usr/bin/nawk]->PROCESS_LOAD->[Process: PName-sh, ARGUMENTS-]: 0.1: 0
[Process: PName-nawk, ARGUMENTS-]->FILE_OPEN->[File: PATH-/etc/libmap.conf]: 0.1: 0
[File: PATH-/etc/libmap.conf]->FILE_READ->[Process: PName-cp, ARGUMENTS-]: 0.30212167135743667: 129998148
[Process: PName-cp, ARGUMENTS-]->FILE_OPEN->[File: PATH-/tmp/periodic.iBv1NTNPyb]: 0.1: 9999479
[File: PATH-/tmp/periodic.iBv1NTNPyb]->FILE_READ->[Process: PName-cat, ARGUMENTS-]: 0.1: 179999304

###############Alert###############
currentTime:1720181041526
AnomalyScore: 0.9973
AlertPath:[File: PATH-/usr/bin/nawk]->PROCESS_LOAD->[Process: PName-sh, ARGUMENTS-]: 0.1: 0
[Process: PName-nawk, ARGUMENTS-]->FILE_OPEN->[File: PATH-/etc/libmap.conf]: 0.1: 0
[File: PATH-/etc/libmap.conf]->FILE_READ->[Process: PName-pfctl, ARGUMENTS-]: 0.1: 0
[Process: PName-pfctl, ARGUMENTS-]->FILE_OPEN->[File: PATH-/lib/libm.so.5]: 0.1: 9999679

###############Alert###############
currentTime:1720181241472
AnomalyScore: 0.9973
AlertPath:[File: PATH-/usr/bin/nawk]->PROCESS_LOAD->[Process: PName-sh, ARGUMENTS-]: 0.1: 0
[Process: PName-nawk, ARGUMENTS-]->FILE_OPEN->[File: PATH-/var/run/ld-elf.so.hints]: 0.1: 0
[File: PATH-/var/run/ld-elf.so.hints]->FILE_READ->[Process: PName-pfctl, ARGUMENTS-]: 0.1: 0
[Process: PName-pfctl, ARGUMENTS-]->FILE_WRITE->[File: PATH-/dev/null]: 0.1: 19997646

###############Alert###############
currentTime:1720181241474
AnomalyScore: 0.9973
AlertPath:[File: PATH-/usr/bin/nawk]->PROCESS_LOAD->[Process: PName-sh, ARGUMENTS-]: 0.1: 0
[Process: PName-nawk, ARGUMENTS-]->FILE_OPEN->[File: PATH-/var/run/ld-elf.so.hints]: 0.1: 0
[File: PATH-/var/run/ld-elf.so.hints]->FILE_READ->[Process: PName-pfctl, ARGUMENTS-]: 0.1: 0
[Process: PName-pfctl, ARGUMENTS-]->FILE_OPEN->[File: PATH-/dev/hpet0]: 0.1: 19997646

###############Alert###############
currentTime:1720181241475
AnomalyScore: 0.9973
AlertPath:[File: PATH-/usr/bin/nawk]->PROCESS_LOAD->[Process: PName-sh, ARGUMENTS-]: 0.1: 0
[Process: PName-nawk, ARGUMENTS-]->FILE_OPEN->[File: PATH-/var/run/ld-elf.so.hints]: 0.1: 0
[File: PATH-/var/run/ld-elf.so.hints]->FILE_READ->[Process: PName-pfctl, ARGUMENTS-]: 0.1: 0
[Process: PName-pfctl, ARGUMENTS-]->FILE_OPEN->[File: PATH-/lib/libc.so.7]: 0.1: 9997858

###############Alert###############
currentTime:1720181241478
AnomalyScore: 0.9973
AlertPath:[File: PATH-/usr/bin/nawk]->PROCESS_LOAD->[Process: PName-sh, ARGUMENTS-]: 0.1: 0
[Process: PName-nawk, ARGUMENTS-]->FILE_OPEN->[File: PATH-/var/run/ld-elf.so.hints]: 0.1: 0
[File: PATH-/var/run/ld-elf.so.hints]->FILE_READ->[Process: PName-pfctl, ARGUMENTS-]: 0.1: 0
[Process: PName-pfctl, ARGUMENTS-]->FILE_WRITE->[File: PATH-/dev/null]: 0.1: 19997646

###############Alert###############
currentTime:1720181241525
AnomalyScore: 0.9973
AlertPath:[File: PATH-/usr/bin/nawk]->PROCESS_LOAD->[Process: PName-sh, ARGUMENTS-]: 0.1: 0
[Process: PName-nawk, ARGUMENTS-]->FILE_OPEN->[File: PATH-/var/run/ld-elf.so.hints]: 0.1: 0
[File: PATH-/var/run/ld-elf.so.hints]->FILE_READ->[Process: PName-pfctl, ARGUMENTS-]: 0.1: 0
[Process: PName-pfctl, ARGUMENTS-]->FILE_OPEN->[File: PATH-/lib/libmd.so.6]: 0.1: 9997858

###############Alert###############
currentTime:1720181241559
AnomalyScore: 0.9975528144620047
AlertPath:[File: PATH-/usr/bin/nawk]->PROCESS_LOAD->[Process: PName-sh, ARGUMENTS-]: 0.1: 0
[Process: PName-nawk, ARGUMENTS-]->FILE_OPEN->[File: PATH-/var/run/ld-elf.so.hints]: 0.1: 0
[File: PATH-/var/run/ld-elf.so.hints]->FILE_READ->[Process: PName-cp, ARGUMENTS-]: 0.30212167135743667: 220027989
[Process: PName-cp, ARGUMENTS-]->FILE_OPEN->[File: PATH-/tmp/periodic.Skx0zPTRQc]: 0.1: 9969248
[File: PATH-/tmp/periodic.Skx0zPTRQc]->FILE_READ->[Process: PName-cat, ARGUMENTS-]: 0.1: 270004280

###############Alert###############
currentTime:1720181241565
AnomalyScore: 0.9973
AlertPath:[File: PATH-/usr/bin/nawk]->PROCESS_LOAD->[Process: PName-sh, ARGUMENTS-]: 0.1: 0
[Process: PName-nawk, ARGUMENTS-]->FILE_OPEN->[File: PATH-/var/run/ld-elf.so.hints]: 0.1: 0
[File: PATH-/var/run/ld-elf.so.hints]->FILE_READ->[Process: PName-pfctl, ARGUMENTS-]: 0.1: 0
[Process: PName-pfctl, ARGUMENTS-]->FILE_OPEN->[File: PATH-/lib/libm.so.5]: 0.1: 9997858

###############Alert###############
currentTime:1720181365367
AnomalyScore: 0.9973
AlertPath:[File: PATH-/sbin/pfctl]->PROCESS_LOAD->[Process: PName-sh, ARGUMENTS-]: 0.1: 0
[Process: PName-pfctl, ARGUMENTS-]->FILE_OPEN->[File: PATH-/etc/libmap.conf]: 0.1: 0
[File: PATH-/etc/libmap.conf]->FILE_READ->[Process: PName-nawk, ARGUMENTS-]: 0.1: 39999076
[Process: PName-nawk, ARGUMENTS-]->FILE_OPEN->[File: PATH-/var/run/ld-elf.so.hints]: 0.1: 0

###############Alert###############
currentTime:1720181365367
AnomalyScore: 0.9973
AlertPath:[File: PATH-/sbin/pfctl]->PROCESS_LOAD->[Process: PName-sh, ARGUMENTS-]: 0.1: 0
[Process: PName-pfctl, ARGUMENTS-]->FILE_OPEN->[File: PATH-/etc/libmap.conf]: 0.1: 0
[File: PATH-/etc/libmap.conf]->FILE_READ->[Process: PName-nawk, ARGUMENTS-]: 0.1: 39999076
[Process: PName-nawk, ARGUMENTS-]->FILE_OPEN->[File: PATH-/lib/libc.so.7]: 0.1: 0

###############Alert###############
currentTime:1720181365368
AnomalyScore: 0.9973
AlertPath:[File: PATH-/sbin/pfctl]->PROCESS_LOAD->[Process: PName-sh, ARGUMENTS-]: 0.1: 0
[Process: PName-pfctl, ARGUMENTS-]->FILE_OPEN->[File: PATH-/etc/libmap.conf]: 0.1: 0
[File: PATH-/etc/libmap.conf]->FILE_READ->[Process: PName-nawk, ARGUMENTS-]: 0.1: 39999076
[Process: PName-nawk, ARGUMENTS-]->FILE_OPEN->[File: PATH-/dev/hpet0]: 0.1: 10001120

###############Alert###############
currentTime:1720181380905
AnomalyScore: 0.9980359455293354
AlertPath:[File: PATH-/tmp/mail.RsiBShdzSKQc]->FILE_READ->[Process: PName-mail, ARGUMENTS-]: 0.1: 0
[Process: PName-mail, ARGUMENTS-]->PROCESS_FORK->[Process: PName-mail, ARGUMENTS-aue_fork]: 0.1: 9997289
[Process: PName-sendmail, ARGUMENTS-]->FILE_OPEN->[File: PATH-/etc/libmap.conf]: 0.8833333333333333: 30004827
[File: PATH-/etc/libmap.conf]->FILE_READ->[Process: PName-uniq, ARGUMENTS-]: 0.1: 99999051
[Process: PName-uniq, ARGUMENTS-]->FILE_OPEN->[File: PATH-/var/run/ld-elf.so.hints]: 0.1: 0
[File: PATH-/var/run/ld-elf.so.hints]->FILE_READ->[Process: PName-cat, ARGUMENTS-]: 0.30500108248538643: 150004116
[Process: PName-cat, ARGUMENTS-]->FILE_OPEN->[File: PATH-/tmp/periodic.GlW9DzIYuc]: 0.1: 9995679

###############Alert###############
currentTime:1720181436570
AnomalyScore: 0.999757
AlertPath:[Network Connect: Localhost--53.158.101.118:80]->NET_CONNECT->[Process: PName-XIM, ARGUMENTS-]: 0.1: 0
[Process: PName-XIM, ARGUMENTS-]->PROCESS_FORK->[Process: PName-XIM, ARGUMENTS-aue_fork]: 0.1: 10001181
[Process: PName-test, ARGUMENTS-]->FILE_OPEN->[File: PATH-/var/run/ld-elf.so.hints]: 0.1: 0
[File: PATH-/var/run/ld-elf.so.hints]->FILE_READ->[Process: PName-uname, ARGUMENTS-]: 0.1: 40003355
[Process: PName-uname, ARGUMENTS-]->FILE_WRITE->[File: PATH-<unknown>]: 0.1: 0
[File: PATH-<unknown>]->FILE_READ->[Process: PName-test, ARGUMENTS-]: 0.1: 0

###############Alert###############
currentTime:1720181436574
AnomalyScore: 0.99919
AlertPath:[Network Connect: Localhost--53.158.101.118:80]->NET_CONNECT->[Process: PName-XIM, ARGUMENTS-]: 0.1: 0
[Process: PName-XIM, ARGUMENTS-]->PROCESS_FORK->[Process: PName-XIM, ARGUMENTS-aue_fork]: 0.1: 10001181
[Process: PName-test, ARGUMENTS-]->FILE_OPEN->[File: PATH-/var/run/ld-elf.so.hints]: 0.1: 0
[File: PATH-/var/run/ld-elf.so.hints]->FILE_READ->[Process: PName-uname, ARGUMENTS-]: 0.1: 40003355
[Process: PName-uname, ARGUMENTS-]->FILE_OPEN->[File: PATH-/lib/libc.so.7]: 0.1: 0

###############Alert###############
currentTime:1720181436574
AnomalyScore: 0.99919
AlertPath:[Network Connect: Localhost--53.158.101.118:80]->NET_CONNECT->[Process: PName-XIM, ARGUMENTS-]: 0.1: 0
[Process: PName-XIM, ARGUMENTS-]->PROCESS_FORK->[Process: PName-XIM, ARGUMENTS-aue_fork]: 0.1: 10001181
[Process: PName-test, ARGUMENTS-]->FILE_OPEN->[File: PATH-/var/run/ld-elf.so.hints]: 0.1: 0
[File: PATH-/var/run/ld-elf.so.hints]->FILE_READ->[Process: PName-uname, ARGUMENTS-]: 0.1: 40003355
[Process: PName-uname, ARGUMENTS-]->FILE_OPEN->[File: PATH-/dev/hpet0]: 0.1: 0

###############Alert###############
currentTime:1720181436716
AnomalyScore: 0.9973
AlertPath:[Network Connect: Localhost--192.113.144.28:80]->NET_CONNECT->[Process: PName-test, ARGUMENTS-]: 0.1: 0
[Process: PName-test, ARGUMENTS-]->PROCESS_FORK->[Process: PName-test, ARGUMENTS-aue_fork]: 0.1: 9994491
[Process: PName-uname, ARGUMENTS-]->FILE_WRITE->[File: PATH-<unknown>]: 0.1: 10010801
[File: PATH-<unknown>]->FILE_READ->[Process: PName-test, ARGUMENTS-]: 0.1: 0

###############Alert###############
currentTime:1720181479326
AnomalyScore: 0.9978822268561202
AlertPath:[File: PATH-/usr/bin/nawk]->PROCESS_LOAD->[Process: PName-sh, ARGUMENTS-]: 0.1: 0
[Process: PName-nawk, ARGUMENTS-]->FILE_OPEN->[File: PATH-/var/run/ld-elf.so.hints]: 0.1: 0
[File: PATH-/var/run/ld-elf.so.hints]->FILE_READ->[Process: PName-dmesg, ARGUMENTS-]: 0.30894132929205453: 189999016
[Process: PName-dmesg, ARGUMENTS-]->FILE_WRITE->[File: PATH-<unknown>]: 0.311864406779661: 20006111
[File: PATH-<unknown>]->FILE_READ->[Process: PName-cat, ARGUMENTS-]: 0.3015158077089649: 0
[Process: PName-cat, ARGUMENTS-]->FILE_WRITE->[File: PATH-/tmp/security.06G3esG2]: 0.1: 0
[File: PATH-/tmp/security.06G3esG2]->FILE_READ->[Process: PName-diff, ARGUMENTS-]: 0.1: 50004672

###############Alert###############
currentTime:1720181479327
AnomalyScore: 0.9978822268561202
AlertPath:[File: PATH-/usr/bin/nawk]->PROCESS_LOAD->[Process: PName-sh, ARGUMENTS-]: 0.1: 0
[Process: PName-nawk, ARGUMENTS-]->FILE_OPEN->[File: PATH-/var/run/ld-elf.so.hints]: 0.1: 0
[File: PATH-/var/run/ld-elf.so.hints]->FILE_READ->[Process: PName-dmesg, ARGUMENTS-]: 0.30894132929205453: 189999016
[Process: PName-dmesg, ARGUMENTS-]->FILE_WRITE->[File: PATH-<unknown>]: 0.311864406779661: 20006111
[File: PATH-<unknown>]->FILE_READ->[Process: PName-cat, ARGUMENTS-]: 0.3015158077089649: 0
[Process: PName-cat, ARGUMENTS-]->FILE_WRITE->[File: PATH-/tmp/security.06G3esG2]: 0.1: 0
[File: PATH-/tmp/security.06G3esG2]->FILE_READ->[Process: PName-diff, ARGUMENTS-]: 0.1: 50004672

###############Alert###############
currentTime:1720181479379
AnomalyScore: 0.9975552695388612
AlertPath:[File: PATH-/usr/bin/nawk]->PROCESS_LOAD->[Process: PName-sh, ARGUMENTS-]: 0.1: 0
[Process: PName-nawk, ARGUMENTS-]->FILE_OPEN->[File: PATH-/var/run/ld-elf.so.hints]: 0.1: 0
[File: PATH-/var/run/ld-elf.so.hints]->FILE_READ->[Process: PName-tee, ARGUMENTS-]: 0.3018185754492314: 390013933
[Process: PName-tee, ARGUMENTS-]->FILE_WRITE->[File: PATH-/tmp/periodic.xgfnFfTNd0]: 0.1: 109986334
[File: PATH-/tmp/periodic.xgfnFfTNd0]->FILE_READ->[Process: PName-cat, ARGUMENTS-]: 0.1: 9999801

###############Alert###############
currentTime:1720181559549
AnomalyScore: 0.9973
AlertPath:[Network Connect: Localhost--53.158.101.118:80]->NET_CONNECT->[Process: PName-pEja72mA, ARGUMENTS-]: 0.1: 0
[Process: PName-pEja72mA, ARGUMENTS-]->PROCESS_FORK->[Process: PName-pEja72mA, ARGUMENTS-aue_fork]: 0.1: 39996566
[Process: PName-procstat, ARGUMENTS-]->FILE_WRITE->[File: PATH-<unknown>]: 0.1: 60001263
[File: PATH-<unknown>]->FILE_READ->[Process: PName-pEja72mA, ARGUMENTS-]: 0.1: 0

###############Alert###############
currentTime:1720181559551
AnomalyScore: 0.9973
AlertPath:[Network Connect: Localhost--53.158.101.118:80]->NET_CONNECT->[Process: PName-pEja72mA, ARGUMENTS-]: 0.1: 0
[Process: PName-pEja72mA, ARGUMENTS-]->PROCESS_FORK->[Process: PName-pEja72mA, ARGUMENTS-aue_fork]: 0.1: 39996566
[Process: PName-procstat, ARGUMENTS-]->FILE_WRITE->[File: PATH-<unknown>]: 0.1: 60001263
[File: PATH-<unknown>]->FILE_READ->[Process: PName-pEja72mA, ARGUMENTS-]: 0.1: 0

###############Alert###############
currentTime:1720181559551
AnomalyScore: 0.9973
AlertPath:[Network Connect: Localhost--53.158.101.118:80]->NET_CONNECT->[Process: PName-pEja72mA, ARGUMENTS-]: 0.1: 0
[Process: PName-pEja72mA, ARGUMENTS-]->PROCESS_FORK->[Process: PName-pEja72mA, ARGUMENTS-aue_fork]: 0.1: 39996566
[Process: PName-procstat, ARGUMENTS-]->FILE_WRITE->[File: PATH-<unknown>]: 0.1: 60001263
[File: PATH-<unknown>]->FILE_READ->[Process: PName-pEja72mA, ARGUMENTS-]: 0.1: 0

###############Alert###############
currentTime:1720181559553
AnomalyScore: 0.9973
AlertPath:[Network Connect: Localhost--53.158.101.118:80]->NET_CONNECT->[Process: PName-pEja72mA, ARGUMENTS-]: 0.1: 0
[Process: PName-pEja72mA, ARGUMENTS-]->PROCESS_FORK->[Process: PName-pEja72mA, ARGUMENTS-aue_fork]: 0.1: 39996566
[Process: PName-procstat, ARGUMENTS-]->FILE_WRITE->[File: PATH-<unknown>]: 0.1: 60001263
[File: PATH-<unknown>]->FILE_READ->[Process: PName-pEja72mA, ARGUMENTS-]: 0.1: 0

###############Alert###############
currentTime:1720181559553
AnomalyScore: 0.9973
AlertPath:[Network Connect: Localhost--53.158.101.118:80]->NET_CONNECT->[Process: PName-pEja72mA, ARGUMENTS-]: 0.1: 0
[Process: PName-pEja72mA, ARGUMENTS-]->PROCESS_FORK->[Process: PName-pEja72mA, ARGUMENTS-aue_fork]: 0.1: 39996566
[Process: PName-procstat, ARGUMENTS-]->FILE_WRITE->[File: PATH-<unknown>]: 0.1: 60001263
[File: PATH-<unknown>]->FILE_READ->[Process: PName-pEja72mA, ARGUMENTS-]: 0.1: 0

###############Alert###############
currentTime:1720181559555
AnomalyScore: 0.9973
AlertPath:[Network Connect: Localhost--53.158.101.118:80]->NET_CONNECT->[Process: PName-pEja72mA, ARGUMENTS-]: 0.1: 0
[Process: PName-pEja72mA, ARGUMENTS-]->PROCESS_FORK->[Process: PName-pEja72mA, ARGUMENTS-aue_fork]: 0.1: 39996566
[Process: PName-procstat, ARGUMENTS-]->FILE_WRITE->[File: PATH-<unknown>]: 0.1: 60001263
[File: PATH-<unknown>]->FILE_READ->[Process: PName-pEja72mA, ARGUMENTS-]: 0.1: 0

###############Alert###############
currentTime:1720181559555
AnomalyScore: 0.9973
AlertPath:[Network Connect: Localhost--53.158.101.118:80]->NET_CONNECT->[Process: PName-pEja72mA, ARGUMENTS-]: 0.1: 0
[Process: PName-pEja72mA, ARGUMENTS-]->PROCESS_FORK->[Process: PName-pEja72mA, ARGUMENTS-aue_fork]: 0.1: 39996566
[Process: PName-procstat, ARGUMENTS-]->FILE_WRITE->[File: PATH-<unknown>]: 0.1: 60001263
[File: PATH-<unknown>]->FILE_READ->[Process: PName-pEja72mA, ARGUMENTS-]: 0.1: 0

###############Alert###############
currentTime:1720181559557
AnomalyScore: 0.9973
AlertPath:[Network Connect: Localhost--53.158.101.118:80]->NET_CONNECT->[Process: PName-pEja72mA, ARGUMENTS-]: 0.1: 0
[Process: PName-pEja72mA, ARGUMENTS-]->PROCESS_FORK->[Process: PName-pEja72mA, ARGUMENTS-aue_fork]: 0.1: 39996566
[Process: PName-procstat, ARGUMENTS-]->FILE_WRITE->[File: PATH-<unknown>]: 0.1: 60001263
[File: PATH-<unknown>]->FILE_READ->[Process: PName-pEja72mA, ARGUMENTS-]: 0.1: 0

###############Alert###############
currentTime:1720181559557
AnomalyScore: 0.9973
AlertPath:[Network Connect: Localhost--53.158.101.118:80]->NET_CONNECT->[Process: PName-pEja72mA, ARGUMENTS-]: 0.1: 0
[Process: PName-pEja72mA, ARGUMENTS-]->PROCESS_FORK->[Process: PName-pEja72mA, ARGUMENTS-aue_fork]: 0.1: 39996566
[Process: PName-procstat, ARGUMENTS-]->FILE_WRITE->[File: PATH-<unknown>]: 0.1: 60001263
[File: PATH-<unknown>]->FILE_READ->[Process: PName-pEja72mA, ARGUMENTS-]: 0.1: 0

###############Alert###############
currentTime:1720181559558
AnomalyScore: 0.9973
AlertPath:[Network Connect: Localhost--53.158.101.118:80]->NET_CONNECT->[Process: PName-pEja72mA, ARGUMENTS-]: 0.1: 0
[Process: PName-pEja72mA, ARGUMENTS-]->PROCESS_FORK->[Process: PName-pEja72mA, ARGUMENTS-aue_fork]: 0.1: 39996566
[Process: PName-procstat, ARGUMENTS-]->FILE_WRITE->[File: PATH-<unknown>]: 0.1: 60001263
[File: PATH-<unknown>]->FILE_READ->[Process: PName-pEja72mA, ARGUMENTS-]: 0.1: 0

###############Alert###############
currentTime:1720181559559
AnomalyScore: 0.9973
AlertPath:[Network Connect: Localhost--53.158.101.118:80]->NET_CONNECT->[Process: PName-pEja72mA, ARGUMENTS-]: 0.1: 0
[Process: PName-pEja72mA, ARGUMENTS-]->PROCESS_FORK->[Process: PName-pEja72mA, ARGUMENTS-aue_fork]: 0.1: 39996566
[Process: PName-procstat, ARGUMENTS-]->FILE_WRITE->[File: PATH-<unknown>]: 0.1: 60001263
[File: PATH-<unknown>]->FILE_READ->[Process: PName-pEja72mA, ARGUMENTS-]: 0.1: 0

###############Alert###############
currentTime:1720181559560
AnomalyScore: 0.9973
AlertPath:[Network Connect: Localhost--53.158.101.118:80]->NET_CONNECT->[Process: PName-pEja72mA, ARGUMENTS-]: 0.1: 0
[Process: PName-pEja72mA, ARGUMENTS-]->PROCESS_FORK->[Process: PName-pEja72mA, ARGUMENTS-aue_fork]: 0.1: 39996566
[Process: PName-procstat, ARGUMENTS-]->FILE_WRITE->[File: PATH-<unknown>]: 0.1: 60001263
[File: PATH-<unknown>]->FILE_READ->[Process: PName-pEja72mA, ARGUMENTS-]: 0.1: 10001329

###############Alert###############
currentTime:1720181559560
AnomalyScore: 0.9973
AlertPath:[Network Connect: Localhost--53.158.101.118:80]->NET_CONNECT->[Process: PName-pEja72mA, ARGUMENTS-]: 0.1: 0
[Process: PName-pEja72mA, ARGUMENTS-]->PROCESS_FORK->[Process: PName-pEja72mA, ARGUMENTS-aue_fork]: 0.1: 39996566
[Process: PName-procstat, ARGUMENTS-]->FILE_WRITE->[File: PATH-<unknown>]: 0.1: 60001263
[File: PATH-<unknown>]->FILE_READ->[Process: PName-pEja72mA, ARGUMENTS-]: 0.1: 10001329

###############Alert###############
currentTime:1720181559562
AnomalyScore: 0.9973
AlertPath:[Network Connect: Localhost--53.158.101.118:80]->NET_CONNECT->[Process: PName-pEja72mA, ARGUMENTS-]: 0.1: 0
[Process: PName-pEja72mA, ARGUMENTS-]->PROCESS_FORK->[Process: PName-pEja72mA, ARGUMENTS-aue_fork]: 0.1: 39996566
[Process: PName-procstat, ARGUMENTS-]->FILE_WRITE->[File: PATH-<unknown>]: 0.1: 60001263
[File: PATH-<unknown>]->FILE_READ->[Process: PName-pEja72mA, ARGUMENTS-]: 0.1: 10001329

###############Alert###############
currentTime:1720181559562
AnomalyScore: 0.9973
AlertPath:[Network Connect: Localhost--53.158.101.118:80]->NET_CONNECT->[Process: PName-pEja72mA, ARGUMENTS-]: 0.1: 0
[Process: PName-pEja72mA, ARGUMENTS-]->PROCESS_FORK->[Process: PName-pEja72mA, ARGUMENTS-aue_fork]: 0.1: 39996566
[Process: PName-procstat, ARGUMENTS-]->FILE_WRITE->[File: PATH-<unknown>]: 0.1: 60001263
[File: PATH-<unknown>]->FILE_READ->[Process: PName-pEja72mA, ARGUMENTS-]: 0.1: 10001329

###############Alert###############
currentTime:1720181559564
AnomalyScore: 0.9973
AlertPath:[Network Connect: Localhost--53.158.101.118:80]->NET_CONNECT->[Process: PName-pEja72mA, ARGUMENTS-]: 0.1: 0
[Process: PName-pEja72mA, ARGUMENTS-]->PROCESS_FORK->[Process: PName-pEja72mA, ARGUMENTS-aue_fork]: 0.1: 39996566
[Process: PName-procstat, ARGUMENTS-]->FILE_WRITE->[File: PATH-<unknown>]: 0.1: 60001263
[File: PATH-<unknown>]->FILE_READ->[Process: PName-pEja72mA, ARGUMENTS-]: 0.1: 10001329

###############Alert###############
currentTime:1720181559564
AnomalyScore: 0.9973
AlertPath:[Network Connect: Localhost--53.158.101.118:80]->NET_CONNECT->[Process: PName-pEja72mA, ARGUMENTS-]: 0.1: 0
[Process: PName-pEja72mA, ARGUMENTS-]->PROCESS_FORK->[Process: PName-pEja72mA, ARGUMENTS-aue_fork]: 0.1: 39996566
[Process: PName-procstat, ARGUMENTS-]->FILE_WRITE->[File: PATH-<unknown>]: 0.1: 60001263
[File: PATH-<unknown>]->FILE_READ->[Process: PName-pEja72mA, ARGUMENTS-]: 0.1: 10001329

###############Alert###############
currentTime:1720181559565
AnomalyScore: 0.9973
AlertPath:[Network Connect: Localhost--53.158.101.118:80]->NET_CONNECT->[Process: PName-pEja72mA, ARGUMENTS-]: 0.1: 0
[Process: PName-pEja72mA, ARGUMENTS-]->PROCESS_FORK->[Process: PName-pEja72mA, ARGUMENTS-aue_fork]: 0.1: 39996566
[Process: PName-procstat, ARGUMENTS-]->FILE_WRITE->[File: PATH-<unknown>]: 0.1: 60001263
[File: PATH-<unknown>]->FILE_READ->[Process: PName-pEja72mA, ARGUMENTS-]: 0.1: 10001329

###############Alert###############
currentTime:1720181559566
AnomalyScore: 0.9973
AlertPath:[Network Connect: Localhost--53.158.101.118:80]->NET_CONNECT->[Process: PName-pEja72mA, ARGUMENTS-]: 0.1: 0
[Process: PName-pEja72mA, ARGUMENTS-]->PROCESS_FORK->[Process: PName-pEja72mA, ARGUMENTS-aue_fork]: 0.1: 39996566
[Process: PName-procstat, ARGUMENTS-]->FILE_WRITE->[File: PATH-<unknown>]: 0.1: 60001263
[File: PATH-<unknown>]->FILE_READ->[Process: PName-pEja72mA, ARGUMENTS-]: 0.1: 10001329

###############Alert###############
currentTime:1720181559567
AnomalyScore: 0.9973
AlertPath:[Network Connect: Localhost--53.158.101.118:80]->NET_CONNECT->[Process: PName-pEja72mA, ARGUMENTS-]: 0.1: 0
[Process: PName-pEja72mA, ARGUMENTS-]->PROCESS_FORK->[Process: PName-pEja72mA, ARGUMENTS-aue_fork]: 0.1: 39996566
[Process: PName-procstat, ARGUMENTS-]->FILE_WRITE->[File: PATH-<unknown>]: 0.1: 60001263
[File: PATH-<unknown>]->FILE_READ->[Process: PName-pEja72mA, ARGUMENTS-]: 0.1: 10001329

###############Alert###############
currentTime:1720181559567
AnomalyScore: 0.9973
AlertPath:[Network Connect: Localhost--53.158.101.118:80]->NET_CONNECT->[Process: PName-pEja72mA, ARGUMENTS-]: 0.1: 0
[Process: PName-pEja72mA, ARGUMENTS-]->PROCESS_FORK->[Process: PName-pEja72mA, ARGUMENTS-aue_fork]: 0.1: 39996566
[Process: PName-procstat, ARGUMENTS-]->FILE_WRITE->[File: PATH-<unknown>]: 0.1: 60001263
[File: PATH-<unknown>]->FILE_READ->[Process: PName-pEja72mA, ARGUMENTS-]: 0.1: 10001329

###############Alert###############
currentTime:1720181559569
AnomalyScore: 0.9973
AlertPath:[Network Connect: Localhost--53.158.101.118:80]->NET_CONNECT->[Process: PName-pEja72mA, ARGUMENTS-]: 0.1: 0
[Process: PName-pEja72mA, ARGUMENTS-]->PROCESS_FORK->[Process: PName-pEja72mA, ARGUMENTS-aue_fork]: 0.1: 39996566
[Process: PName-procstat, ARGUMENTS-]->FILE_WRITE->[File: PATH-<unknown>]: 0.1: 60001263
[File: PATH-<unknown>]->FILE_READ->[Process: PName-pEja72mA, ARGUMENTS-]: 0.1: 10001329

###############Alert###############
currentTime:1720181559569
AnomalyScore: 0.9973
AlertPath:[Network Connect: Localhost--53.158.101.118:80]->NET_CONNECT->[Process: PName-pEja72mA, ARGUMENTS-]: 0.1: 0
[Process: PName-pEja72mA, ARGUMENTS-]->PROCESS_FORK->[Process: PName-pEja72mA, ARGUMENTS-aue_fork]: 0.1: 39996566
[Process: PName-procstat, ARGUMENTS-]->FILE_WRITE->[File: PATH-<unknown>]: 0.1: 60001263
[File: PATH-<unknown>]->FILE_READ->[Process: PName-pEja72mA, ARGUMENTS-]: 0.1: 10001329

###############Alert###############
currentTime:1720181559570
AnomalyScore: 0.9973
AlertPath:[Network Connect: Localhost--53.158.101.118:80]->NET_CONNECT->[Process: PName-pEja72mA, ARGUMENTS-]: 0.1: 0
[Process: PName-pEja72mA, ARGUMENTS-]->PROCESS_FORK->[Process: PName-pEja72mA, ARGUMENTS-aue_fork]: 0.1: 39996566
[Process: PName-procstat, ARGUMENTS-]->FILE_WRITE->[File: PATH-<unknown>]: 0.1: 60001263
[File: PATH-<unknown>]->FILE_READ->[Process: PName-pEja72mA, ARGUMENTS-]: 0.1: 10001329

###############Alert###############
currentTime:1720181559571
AnomalyScore: 0.9973
AlertPath:[Network Connect: Localhost--53.158.101.118:80]->NET_CONNECT->[Process: PName-pEja72mA, ARGUMENTS-]: 0.1: 0
[Process: PName-pEja72mA, ARGUMENTS-]->PROCESS_FORK->[Process: PName-pEja72mA, ARGUMENTS-aue_fork]: 0.1: 39996566
[Process: PName-procstat, ARGUMENTS-]->FILE_WRITE->[File: PATH-<unknown>]: 0.1: 60001263
[File: PATH-<unknown>]->FILE_READ->[Process: PName-pEja72mA, ARGUMENTS-]: 0.1: 20000698

###############Alert###############
currentTime:1720181559572
AnomalyScore: 0.9973
AlertPath:[Network Connect: Localhost--53.158.101.118:80]->NET_CONNECT->[Process: PName-pEja72mA, ARGUMENTS-]: 0.1: 0
[Process: PName-pEja72mA, ARGUMENTS-]->PROCESS_FORK->[Process: PName-pEja72mA, ARGUMENTS-aue_fork]: 0.1: 39996566
[Process: PName-procstat, ARGUMENTS-]->FILE_WRITE->[File: PATH-<unknown>]: 0.1: 60001263
[File: PATH-<unknown>]->FILE_READ->[Process: PName-pEja72mA, ARGUMENTS-]: 0.1: 20000698

###############Alert###############
currentTime:1720181559572
AnomalyScore: 0.9973
AlertPath:[Network Connect: Localhost--53.158.101.118:80]->NET_CONNECT->[Process: PName-pEja72mA, ARGUMENTS-]: 0.1: 0
[Process: PName-pEja72mA, ARGUMENTS-]->PROCESS_FORK->[Process: PName-pEja72mA, ARGUMENTS-aue_fork]: 0.1: 39996566
[Process: PName-procstat, ARGUMENTS-]->FILE_WRITE->[File: PATH-<unknown>]: 0.1: 60001263
[File: PATH-<unknown>]->FILE_READ->[Process: PName-pEja72mA, ARGUMENTS-]: 0.1: 20000698

###############Alert###############
currentTime:1720181559574
AnomalyScore: 0.9973
AlertPath:[Network Connect: Localhost--53.158.101.118:80]->NET_CONNECT->[Process: PName-pEja72mA, ARGUMENTS-]: 0.1: 0
[Process: PName-pEja72mA, ARGUMENTS-]->PROCESS_FORK->[Process: PName-pEja72mA, ARGUMENTS-aue_fork]: 0.1: 39996566
[Process: PName-procstat, ARGUMENTS-]->FILE_WRITE->[File: PATH-<unknown>]: 0.1: 60001263
[File: PATH-<unknown>]->FILE_READ->[Process: PName-pEja72mA, ARGUMENTS-]: 0.1: 20000698

###############Alert###############
currentTime:1720181559574
AnomalyScore: 0.9973
AlertPath:[Network Connect: Localhost--53.158.101.118:80]->NET_CONNECT->[Process: PName-pEja72mA, ARGUMENTS-]: 0.1: 0
[Process: PName-pEja72mA, ARGUMENTS-]->PROCESS_FORK->[Process: PName-pEja72mA, ARGUMENTS-aue_fork]: 0.1: 39996566
[Process: PName-procstat, ARGUMENTS-]->FILE_WRITE->[File: PATH-<unknown>]: 0.1: 60001263
[File: PATH-<unknown>]->FILE_READ->[Process: PName-pEja72mA, ARGUMENTS-]: 0.1: 20000698

###############Alert###############
currentTime:1720181559575
AnomalyScore: 0.9973
AlertPath:[Network Connect: Localhost--53.158.101.118:80]->NET_CONNECT->[Process: PName-pEja72mA, ARGUMENTS-]: 0.1: 0
[Process: PName-pEja72mA, ARGUMENTS-]->PROCESS_FORK->[Process: PName-pEja72mA, ARGUMENTS-aue_fork]: 0.1: 39996566
[Process: PName-procstat, ARGUMENTS-]->FILE_WRITE->[File: PATH-<unknown>]: 0.1: 60001263
[File: PATH-<unknown>]->FILE_READ->[Process: PName-pEja72mA, ARGUMENTS-]: 0.1: 20000698

###############Alert###############
currentTime:1720181559575
AnomalyScore: 0.9973
AlertPath:[Network Connect: Localhost--53.158.101.118:80]->NET_CONNECT->[Process: PName-pEja72mA, ARGUMENTS-]: 0.1: 0
[Process: PName-pEja72mA, ARGUMENTS-]->PROCESS_FORK->[Process: PName-pEja72mA, ARGUMENTS-aue_fork]: 0.1: 39996566
[Process: PName-procstat, ARGUMENTS-]->FILE_WRITE->[File: PATH-<unknown>]: 0.1: 60001263
[File: PATH-<unknown>]->FILE_READ->[Process: PName-pEja72mA, ARGUMENTS-]: 0.1: 20000698

###############Alert###############
currentTime:1720181559578
AnomalyScore: 0.9973
AlertPath:[Network Connect: Localhost--53.158.101.118:80]->NET_CONNECT->[Process: PName-pEja72mA, ARGUMENTS-]: 0.1: 0
[Process: PName-pEja72mA, ARGUMENTS-]->PROCESS_FORK->[Process: PName-pEja72mA, ARGUMENTS-aue_fork]: 0.1: 39996566
[Process: PName-procstat, ARGUMENTS-]->FILE_WRITE->[File: PATH-<unknown>]: 0.1: 60001263
[File: PATH-<unknown>]->FILE_READ->[Process: PName-pEja72mA, ARGUMENTS-]: 0.1: 20000698

###############Alert###############
currentTime:1720181559578
AnomalyScore: 0.9973
AlertPath:[Network Connect: Localhost--53.158.101.118:80]->NET_CONNECT->[Process: PName-pEja72mA, ARGUMENTS-]: 0.1: 0
[Process: PName-pEja72mA, ARGUMENTS-]->PROCESS_FORK->[Process: PName-pEja72mA, ARGUMENTS-aue_fork]: 0.1: 39996566
[Process: PName-procstat, ARGUMENTS-]->FILE_WRITE->[File: PATH-<unknown>]: 0.1: 60001263
[File: PATH-<unknown>]->FILE_READ->[Process: PName-pEja72mA, ARGUMENTS-]: 0.1: 20000698

###############Alert###############
currentTime:1720181559579
AnomalyScore: 0.9973
AlertPath:[Network Connect: Localhost--53.158.101.118:80]->NET_CONNECT->[Process: PName-pEja72mA, ARGUMENTS-]: 0.1: 0
[Process: PName-pEja72mA, ARGUMENTS-]->PROCESS_FORK->[Process: PName-pEja72mA, ARGUMENTS-aue_fork]: 0.1: 39996566
[Process: PName-procstat, ARGUMENTS-]->FILE_WRITE->[File: PATH-<unknown>]: 0.1: 60001263
[File: PATH-<unknown>]->FILE_READ->[Process: PName-pEja72mA, ARGUMENTS-]: 0.1: 20000698

###############Alert###############
currentTime:1720181559580
AnomalyScore: 0.9973
AlertPath:[Network Connect: Localhost--53.158.101.118:80]->NET_CONNECT->[Process: PName-pEja72mA, ARGUMENTS-]: 0.1: 0
[Process: PName-pEja72mA, ARGUMENTS-]->PROCESS_FORK->[Process: PName-pEja72mA, ARGUMENTS-aue_fork]: 0.1: 39996566
[Process: PName-procstat, ARGUMENTS-]->FILE_WRITE->[File: PATH-<unknown>]: 0.1: 60001263
[File: PATH-<unknown>]->FILE_READ->[Process: PName-pEja72mA, ARGUMENTS-]: 0.1: 20000698

###############Alert###############
currentTime:1720181559581
AnomalyScore: 0.9973
AlertPath:[Network Connect: Localhost--53.158.101.118:80]->NET_CONNECT->[Process: PName-pEja72mA, ARGUMENTS-]: 0.1: 0
[Process: PName-pEja72mA, ARGUMENTS-]->PROCESS_FORK->[Process: PName-pEja72mA, ARGUMENTS-aue_fork]: 0.1: 39996566
[Process: PName-procstat, ARGUMENTS-]->FILE_WRITE->[File: PATH-<unknown>]: 0.1: 60001263
[File: PATH-<unknown>]->FILE_READ->[Process: PName-pEja72mA, ARGUMENTS-]: 0.1: 20000698

###############Alert###############
currentTime:1720181559581
AnomalyScore: 0.9973
AlertPath:[Network Connect: Localhost--53.158.101.118:80]->NET_CONNECT->[Process: PName-pEja72mA, ARGUMENTS-]: 0.1: 0
[Process: PName-pEja72mA, ARGUMENTS-]->PROCESS_FORK->[Process: PName-pEja72mA, ARGUMENTS-aue_fork]: 0.1: 39996566
[Process: PName-procstat, ARGUMENTS-]->FILE_WRITE->[File: PATH-<unknown>]: 0.1: 60001263
[File: PATH-<unknown>]->FILE_READ->[Process: PName-pEja72mA, ARGUMENTS-]: 0.1: 20000698

###############Alert###############
currentTime:1720181559583
AnomalyScore: 0.9973
AlertPath:[Network Connect: Localhost--53.158.101.118:80]->NET_CONNECT->[Process: PName-pEja72mA, ARGUMENTS-]: 0.1: 0
[Process: PName-pEja72mA, ARGUMENTS-]->PROCESS_FORK->[Process: PName-pEja72mA, ARGUMENTS-aue_fork]: 0.1: 39996566
[Process: PName-procstat, ARGUMENTS-]->FILE_WRITE->[File: PATH-<unknown>]: 0.1: 60001263
[File: PATH-<unknown>]->FILE_READ->[Process: PName-pEja72mA, ARGUMENTS-]: 0.1: 30001527

###############Alert###############
currentTime:1720181559583
AnomalyScore: 0.9973
AlertPath:[Network Connect: Localhost--53.158.101.118:80]->NET_CONNECT->[Process: PName-pEja72mA, ARGUMENTS-]: 0.1: 0
[Process: PName-pEja72mA, ARGUMENTS-]->PROCESS_FORK->[Process: PName-pEja72mA, ARGUMENTS-aue_fork]: 0.1: 39996566
[Process: PName-procstat, ARGUMENTS-]->FILE_WRITE->[File: PATH-<unknown>]: 0.1: 60001263
[File: PATH-<unknown>]->FILE_READ->[Process: PName-pEja72mA, ARGUMENTS-]: 0.1: 30001527

###############Alert###############
currentTime:1720181559585
AnomalyScore: 0.9973
AlertPath:[Network Connect: Localhost--53.158.101.118:80]->NET_CONNECT->[Process: PName-pEja72mA, ARGUMENTS-]: 0.1: 0
[Process: PName-pEja72mA, ARGUMENTS-]->PROCESS_FORK->[Process: PName-pEja72mA, ARGUMENTS-aue_fork]: 0.1: 39996566
[Process: PName-procstat, ARGUMENTS-]->FILE_WRITE->[File: PATH-<unknown>]: 0.1: 60001263
[File: PATH-<unknown>]->FILE_READ->[Process: PName-pEja72mA, ARGUMENTS-]: 0.1: 30001527

###############Alert###############
currentTime:1720181559585
AnomalyScore: 0.9973
AlertPath:[Network Connect: Localhost--53.158.101.118:80]->NET_CONNECT->[Process: PName-pEja72mA, ARGUMENTS-]: 0.1: 0
[Process: PName-pEja72mA, ARGUMENTS-]->PROCESS_FORK->[Process: PName-pEja72mA, ARGUMENTS-aue_fork]: 0.1: 39996566
[Process: PName-procstat, ARGUMENTS-]->FILE_WRITE->[File: PATH-<unknown>]: 0.1: 60001263
[File: PATH-<unknown>]->FILE_READ->[Process: PName-pEja72mA, ARGUMENTS-]: 0.1: 30001527

###############Alert###############
currentTime:1720181559586
AnomalyScore: 0.9973
AlertPath:[Network Connect: Localhost--53.158.101.118:80]->NET_CONNECT->[Process: PName-pEja72mA, ARGUMENTS-]: 0.1: 0
[Process: PName-pEja72mA, ARGUMENTS-]->PROCESS_FORK->[Process: PName-pEja72mA, ARGUMENTS-aue_fork]: 0.1: 39996566
[Process: PName-procstat, ARGUMENTS-]->FILE_WRITE->[File: PATH-<unknown>]: 0.1: 60001263
[File: PATH-<unknown>]->FILE_READ->[Process: PName-pEja72mA, ARGUMENTS-]: 0.1: 30001527

###############Alert###############
currentTime:1720181559587
AnomalyScore: 0.9973
AlertPath:[Network Connect: Localhost--53.158.101.118:80]->NET_CONNECT->[Process: PName-pEja72mA, ARGUMENTS-]: 0.1: 0
[Process: PName-pEja72mA, ARGUMENTS-]->PROCESS_FORK->[Process: PName-pEja72mA, ARGUMENTS-aue_fork]: 0.1: 39996566
[Process: PName-procstat, ARGUMENTS-]->FILE_WRITE->[File: PATH-<unknown>]: 0.1: 60001263
[File: PATH-<unknown>]->FILE_READ->[Process: PName-pEja72mA, ARGUMENTS-]: 0.1: 30001527

###############Alert###############
currentTime:1720181559588
AnomalyScore: 0.9973
AlertPath:[Network Connect: Localhost--53.158.101.118:80]->NET_CONNECT->[Process: PName-pEja72mA, ARGUMENTS-]: 0.1: 0
[Process: PName-pEja72mA, ARGUMENTS-]->PROCESS_FORK->[Process: PName-pEja72mA, ARGUMENTS-aue_fork]: 0.1: 39996566
[Process: PName-procstat, ARGUMENTS-]->FILE_WRITE->[File: PATH-<unknown>]: 0.1: 60001263
[File: PATH-<unknown>]->FILE_READ->[Process: PName-pEja72mA, ARGUMENTS-]: 0.1: 30001527

###############Alert###############
currentTime:1720181559588
AnomalyScore: 0.9973
AlertPath:[Network Connect: Localhost--53.158.101.118:80]->NET_CONNECT->[Process: PName-pEja72mA, ARGUMENTS-]: 0.1: 0
[Process: PName-pEja72mA, ARGUMENTS-]->PROCESS_FORK->[Process: PName-pEja72mA, ARGUMENTS-aue_fork]: 0.1: 39996566
[Process: PName-procstat, ARGUMENTS-]->FILE_WRITE->[File: PATH-<unknown>]: 0.1: 60001263
[File: PATH-<unknown>]->FILE_READ->[Process: PName-pEja72mA, ARGUMENTS-]: 0.1: 30001527

###############Alert###############
currentTime:1720181559590
AnomalyScore: 0.9973
AlertPath:[Network Connect: Localhost--53.158.101.118:80]->NET_CONNECT->[Process: PName-pEja72mA, ARGUMENTS-]: 0.1: 0
[Process: PName-pEja72mA, ARGUMENTS-]->PROCESS_FORK->[Process: PName-pEja72mA, ARGUMENTS-aue_fork]: 0.1: 39996566
[Process: PName-procstat, ARGUMENTS-]->FILE_WRITE->[File: PATH-<unknown>]: 0.1: 60001263
[File: PATH-<unknown>]->FILE_READ->[Process: PName-pEja72mA, ARGUMENTS-]: 0.1: 30001527

###############Alert###############
currentTime:1720181559590
AnomalyScore: 0.9973
AlertPath:[Network Connect: Localhost--53.158.101.118:80]->NET_CONNECT->[Process: PName-pEja72mA, ARGUMENTS-]: 0.1: 0
[Process: PName-pEja72mA, ARGUMENTS-]->PROCESS_FORK->[Process: PName-pEja72mA, ARGUMENTS-aue_fork]: 0.1: 39996566
[Process: PName-procstat, ARGUMENTS-]->FILE_WRITE->[File: PATH-<unknown>]: 0.1: 60001263
[File: PATH-<unknown>]->FILE_READ->[Process: PName-pEja72mA, ARGUMENTS-]: 0.1: 30001527

###############Alert###############
currentTime:1720181559591
AnomalyScore: 0.9973
AlertPath:[Network Connect: Localhost--53.158.101.118:80]->NET_CONNECT->[Process: PName-pEja72mA, ARGUMENTS-]: 0.1: 0
[Process: PName-pEja72mA, ARGUMENTS-]->PROCESS_FORK->[Process: PName-pEja72mA, ARGUMENTS-aue_fork]: 0.1: 39996566
[Process: PName-procstat, ARGUMENTS-]->FILE_WRITE->[File: PATH-<unknown>]: 0.1: 60001263
[File: PATH-<unknown>]->FILE_READ->[Process: PName-pEja72mA, ARGUMENTS-]: 0.1: 30001527

###############Alert###############
currentTime:1720181559592
AnomalyScore: 0.9973
AlertPath:[Network Connect: Localhost--53.158.101.118:80]->NET_CONNECT->[Process: PName-pEja72mA, ARGUMENTS-]: 0.1: 0
[Process: PName-pEja72mA, ARGUMENTS-]->PROCESS_FORK->[Process: PName-pEja72mA, ARGUMENTS-aue_fork]: 0.1: 39996566
[Process: PName-procstat, ARGUMENTS-]->FILE_WRITE->[File: PATH-<unknown>]: 0.1: 60001263
[File: PATH-<unknown>]->FILE_READ->[Process: PName-pEja72mA, ARGUMENTS-]: 0.1: 30001527

###############Alert###############
currentTime:1720181559593
AnomalyScore: 0.9973
AlertPath:[Network Connect: Localhost--53.158.101.118:80]->NET_CONNECT->[Process: PName-pEja72mA, ARGUMENTS-]: 0.1: 0
[Process: PName-pEja72mA, ARGUMENTS-]->PROCESS_FORK->[Process: PName-pEja72mA, ARGUMENTS-aue_fork]: 0.1: 39996566
[Process: PName-procstat, ARGUMENTS-]->FILE_WRITE->[File: PATH-<unknown>]: 0.1: 60001263
[File: PATH-<unknown>]->FILE_READ->[Process: PName-pEja72mA, ARGUMENTS-]: 0.1: 30001527

###############Alert###############
currentTime:1720181559593
AnomalyScore: 0.9973
AlertPath:[Network Connect: Localhost--53.158.101.118:80]->NET_CONNECT->[Process: PName-pEja72mA, ARGUMENTS-]: 0.1: 0
[Process: PName-pEja72mA, ARGUMENTS-]->PROCESS_FORK->[Process: PName-pEja72mA, ARGUMENTS-aue_fork]: 0.1: 39996566
[Process: PName-procstat, ARGUMENTS-]->FILE_WRITE->[File: PATH-<unknown>]: 0.1: 60001263
[File: PATH-<unknown>]->FILE_READ->[Process: PName-pEja72mA, ARGUMENTS-]: 0.1: 40001786

###############Alert###############
currentTime:1720181559595
AnomalyScore: 0.9973
AlertPath:[Network Connect: Localhost--53.158.101.118:80]->NET_CONNECT->[Process: PName-pEja72mA, ARGUMENTS-]: 0.1: 0
[Process: PName-pEja72mA, ARGUMENTS-]->PROCESS_FORK->[Process: PName-pEja72mA, ARGUMENTS-aue_fork]: 0.1: 39996566
[Process: PName-procstat, ARGUMENTS-]->FILE_WRITE->[File: PATH-<unknown>]: 0.1: 60001263
[File: PATH-<unknown>]->FILE_READ->[Process: PName-pEja72mA, ARGUMENTS-]: 0.1: 40001786

###############Alert###############
currentTime:1720181559595
AnomalyScore: 0.9973
AlertPath:[Network Connect: Localhost--53.158.101.118:80]->NET_CONNECT->[Process: PName-pEja72mA, ARGUMENTS-]: 0.1: 0
[Process: PName-pEja72mA, ARGUMENTS-]->PROCESS_FORK->[Process: PName-pEja72mA, ARGUMENTS-aue_fork]: 0.1: 39996566
[Process: PName-procstat, ARGUMENTS-]->FILE_WRITE->[File: PATH-<unknown>]: 0.1: 60001263
[File: PATH-<unknown>]->FILE_READ->[Process: PName-pEja72mA, ARGUMENTS-]: 0.1: 40001786

###############Alert###############
currentTime:1720181559597
AnomalyScore: 0.9973
AlertPath:[Network Connect: Localhost--53.158.101.118:80]->NET_CONNECT->[Process: PName-pEja72mA, ARGUMENTS-]: 0.1: 0
[Process: PName-pEja72mA, ARGUMENTS-]->PROCESS_FORK->[Process: PName-pEja72mA, ARGUMENTS-aue_fork]: 0.1: 39996566
[Process: PName-procstat, ARGUMENTS-]->FILE_WRITE->[File: PATH-<unknown>]: 0.1: 60001263
[File: PATH-<unknown>]->FILE_READ->[Process: PName-pEja72mA, ARGUMENTS-]: 0.1: 40001786

###############Alert###############
currentTime:1720181559597
AnomalyScore: 0.9973
AlertPath:[Network Connect: Localhost--53.158.101.118:80]->NET_CONNECT->[Process: PName-pEja72mA, ARGUMENTS-]: 0.1: 0
[Process: PName-pEja72mA, ARGUMENTS-]->PROCESS_FORK->[Process: PName-pEja72mA, ARGUMENTS-aue_fork]: 0.1: 39996566
[Process: PName-procstat, ARGUMENTS-]->FILE_WRITE->[File: PATH-<unknown>]: 0.1: 60001263
[File: PATH-<unknown>]->FILE_READ->[Process: PName-pEja72mA, ARGUMENTS-]: 0.1: 40001786

###############Alert###############
currentTime:1720181559598
AnomalyScore: 0.9973
AlertPath:[Network Connect: Localhost--53.158.101.118:80]->NET_CONNECT->[Process: PName-pEja72mA, ARGUMENTS-]: 0.1: 0
[Process: PName-pEja72mA, ARGUMENTS-]->PROCESS_FORK->[Process: PName-pEja72mA, ARGUMENTS-aue_fork]: 0.1: 39996566
[Process: PName-procstat, ARGUMENTS-]->FILE_WRITE->[File: PATH-<unknown>]: 0.1: 60001263
[File: PATH-<unknown>]->FILE_READ->[Process: PName-pEja72mA, ARGUMENTS-]: 0.1: 40001786

###############Alert###############
currentTime:1720181559598
AnomalyScore: 0.9973
AlertPath:[Network Connect: Localhost--53.158.101.118:80]->NET_CONNECT->[Process: PName-pEja72mA, ARGUMENTS-]: 0.1: 0
[Process: PName-pEja72mA, ARGUMENTS-]->PROCESS_FORK->[Process: PName-pEja72mA, ARGUMENTS-aue_fork]: 0.1: 39996566
[Process: PName-procstat, ARGUMENTS-]->FILE_WRITE->[File: PATH-<unknown>]: 0.1: 60001263
[File: PATH-<unknown>]->FILE_READ->[Process: PName-pEja72mA, ARGUMENTS-]: 0.1: 40001786

###############Alert###############
currentTime:1720181559600
AnomalyScore: 0.9973
AlertPath:[Network Connect: Localhost--53.158.101.118:80]->NET_CONNECT->[Process: PName-pEja72mA, ARGUMENTS-]: 0.1: 0
[Process: PName-pEja72mA, ARGUMENTS-]->PROCESS_FORK->[Process: PName-pEja72mA, ARGUMENTS-aue_fork]: 0.1: 39996566
[Process: PName-procstat, ARGUMENTS-]->FILE_WRITE->[File: PATH-<unknown>]: 0.1: 60001263
[File: PATH-<unknown>]->FILE_READ->[Process: PName-pEja72mA, ARGUMENTS-]: 0.1: 40001786

###############Alert###############
currentTime:1720181559600
AnomalyScore: 0.9973
AlertPath:[Network Connect: Localhost--53.158.101.118:80]->NET_CONNECT->[Process: PName-pEja72mA, ARGUMENTS-]: 0.1: 0
[Process: PName-pEja72mA, ARGUMENTS-]->PROCESS_FORK->[Process: PName-pEja72mA, ARGUMENTS-aue_fork]: 0.1: 39996566
[Process: PName-procstat, ARGUMENTS-]->FILE_WRITE->[File: PATH-<unknown>]: 0.1: 60001263
[File: PATH-<unknown>]->FILE_READ->[Process: PName-pEja72mA, ARGUMENTS-]: 0.1: 40001786

###############Alert###############
currentTime:1720181559602
AnomalyScore: 0.9973
AlertPath:[Network Connect: Localhost--53.158.101.118:80]->NET_CONNECT->[Process: PName-pEja72mA, ARGUMENTS-]: 0.1: 0
[Process: PName-pEja72mA, ARGUMENTS-]->PROCESS_FORK->[Process: PName-pEja72mA, ARGUMENTS-aue_fork]: 0.1: 39996566
[Process: PName-procstat, ARGUMENTS-]->FILE_WRITE->[File: PATH-<unknown>]: 0.1: 60001263
[File: PATH-<unknown>]->FILE_READ->[Process: PName-pEja72mA, ARGUMENTS-]: 0.1: 40001786

###############Alert###############
currentTime:1720181559602
AnomalyScore: 0.9973
AlertPath:[Network Connect: Localhost--53.158.101.118:80]->NET_CONNECT->[Process: PName-pEja72mA, ARGUMENTS-]: 0.1: 0
[Process: PName-pEja72mA, ARGUMENTS-]->PROCESS_FORK->[Process: PName-pEja72mA, ARGUMENTS-aue_fork]: 0.1: 39996566
[Process: PName-procstat, ARGUMENTS-]->FILE_WRITE->[File: PATH-<unknown>]: 0.1: 60001263
[File: PATH-<unknown>]->FILE_READ->[Process: PName-pEja72mA, ARGUMENTS-]: 0.1: 40001786

###############Alert###############
currentTime:1720181559604
AnomalyScore: 0.9973
AlertPath:[Network Connect: Localhost--53.158.101.118:80]->NET_CONNECT->[Process: PName-pEja72mA, ARGUMENTS-]: 0.1: 0
[Process: PName-pEja72mA, ARGUMENTS-]->PROCESS_FORK->[Process: PName-pEja72mA, ARGUMENTS-aue_fork]: 0.1: 39996566
[Process: PName-procstat, ARGUMENTS-]->FILE_WRITE->[File: PATH-<unknown>]: 0.1: 60001263
[File: PATH-<unknown>]->FILE_READ->[Process: PName-pEja72mA, ARGUMENTS-]: 0.1: 40001786

###############Alert###############
currentTime:1720181559604
AnomalyScore: 0.9973
AlertPath:[Network Connect: Localhost--53.158.101.118:80]->NET_CONNECT->[Process: PName-pEja72mA, ARGUMENTS-]: 0.1: 0
[Process: PName-pEja72mA, ARGUMENTS-]->PROCESS_FORK->[Process: PName-pEja72mA, ARGUMENTS-aue_fork]: 0.1: 39996566
[Process: PName-procstat, ARGUMENTS-]->FILE_WRITE->[File: PATH-<unknown>]: 0.1: 60001263
[File: PATH-<unknown>]->FILE_READ->[Process: PName-pEja72mA, ARGUMENTS-]: 0.1: 40001786

###############Alert###############
currentTime:1720181559606
AnomalyScore: 0.9973
AlertPath:[Network Connect: Localhost--53.158.101.118:80]->NET_CONNECT->[Process: PName-pEja72mA, ARGUMENTS-]: 0.1: 0
[Process: PName-pEja72mA, ARGUMENTS-]->PROCESS_FORK->[Process: PName-pEja72mA, ARGUMENTS-aue_fork]: 0.1: 39996566
[Process: PName-procstat, ARGUMENTS-]->FILE_WRITE->[File: PATH-<unknown>]: 0.1: 60001263
[File: PATH-<unknown>]->FILE_READ->[Process: PName-pEja72mA, ARGUMENTS-]: 0.1: 50000415

###############Alert###############
currentTime:1720181559606
AnomalyScore: 0.9973
AlertPath:[Network Connect: Localhost--53.158.101.118:80]->NET_CONNECT->[Process: PName-pEja72mA, ARGUMENTS-]: 0.1: 0
[Process: PName-pEja72mA, ARGUMENTS-]->PROCESS_FORK->[Process: PName-pEja72mA, ARGUMENTS-aue_fork]: 0.1: 39996566
[Process: PName-procstat, ARGUMENTS-]->FILE_WRITE->[File: PATH-<unknown>]: 0.1: 60001263
[File: PATH-<unknown>]->FILE_READ->[Process: PName-pEja72mA, ARGUMENTS-]: 0.1: 50000415

###############Alert###############
currentTime:1720181559607
AnomalyScore: 0.9973
AlertPath:[Network Connect: Localhost--53.158.101.118:80]->NET_CONNECT->[Process: PName-pEja72mA, ARGUMENTS-]: 0.1: 0
[Process: PName-pEja72mA, ARGUMENTS-]->PROCESS_FORK->[Process: PName-pEja72mA, ARGUMENTS-aue_fork]: 0.1: 39996566
[Process: PName-procstat, ARGUMENTS-]->FILE_WRITE->[File: PATH-<unknown>]: 0.1: 60001263
[File: PATH-<unknown>]->FILE_READ->[Process: PName-pEja72mA, ARGUMENTS-]: 0.1: 50000415

###############Alert###############
currentTime:1720181559608
AnomalyScore: 0.9973
AlertPath:[Network Connect: Localhost--53.158.101.118:80]->NET_CONNECT->[Process: PName-pEja72mA, ARGUMENTS-]: 0.1: 0
[Process: PName-pEja72mA, ARGUMENTS-]->PROCESS_FORK->[Process: PName-pEja72mA, ARGUMENTS-aue_fork]: 0.1: 39996566
[Process: PName-procstat, ARGUMENTS-]->FILE_WRITE->[File: PATH-<unknown>]: 0.1: 60001263
[File: PATH-<unknown>]->FILE_READ->[Process: PName-pEja72mA, ARGUMENTS-]: 0.1: 50000415

###############Alert###############
currentTime:1720181559609
AnomalyScore: 0.9973
AlertPath:[Network Connect: Localhost--53.158.101.118:80]->NET_CONNECT->[Process: PName-pEja72mA, ARGUMENTS-]: 0.1: 0
[Process: PName-pEja72mA, ARGUMENTS-]->PROCESS_FORK->[Process: PName-pEja72mA, ARGUMENTS-aue_fork]: 0.1: 39996566
[Process: PName-procstat, ARGUMENTS-]->FILE_WRITE->[File: PATH-<unknown>]: 0.1: 60001263
[File: PATH-<unknown>]->FILE_READ->[Process: PName-pEja72mA, ARGUMENTS-]: 0.1: 50000415

###############Alert###############
currentTime:1720181559609
AnomalyScore: 0.9973
AlertPath:[Network Connect: Localhost--53.158.101.118:80]->NET_CONNECT->[Process: PName-pEja72mA, ARGUMENTS-]: 0.1: 0
[Process: PName-pEja72mA, ARGUMENTS-]->PROCESS_FORK->[Process: PName-pEja72mA, ARGUMENTS-aue_fork]: 0.1: 39996566
[Process: PName-procstat, ARGUMENTS-]->FILE_WRITE->[File: PATH-<unknown>]: 0.1: 60001263
[File: PATH-<unknown>]->FILE_READ->[Process: PName-pEja72mA, ARGUMENTS-]: 0.1: 50000415

###############Alert###############
currentTime:1720181559611
AnomalyScore: 0.9973
AlertPath:[Network Connect: Localhost--53.158.101.118:80]->NET_CONNECT->[Process: PName-pEja72mA, ARGUMENTS-]: 0.1: 0
[Process: PName-pEja72mA, ARGUMENTS-]->PROCESS_FORK->[Process: PName-pEja72mA, ARGUMENTS-aue_fork]: 0.1: 39996566
[Process: PName-procstat, ARGUMENTS-]->FILE_WRITE->[File: PATH-<unknown>]: 0.1: 60001263
[File: PATH-<unknown>]->FILE_READ->[Process: PName-pEja72mA, ARGUMENTS-]: 0.1: 50000415

###############Alert###############
currentTime:1720181559611
AnomalyScore: 0.9973
AlertPath:[Network Connect: Localhost--53.158.101.118:80]->NET_CONNECT->[Process: PName-pEja72mA, ARGUMENTS-]: 0.1: 0
[Process: PName-pEja72mA, ARGUMENTS-]->PROCESS_FORK->[Process: PName-pEja72mA, ARGUMENTS-aue_fork]: 0.1: 39996566
[Process: PName-procstat, ARGUMENTS-]->FILE_WRITE->[File: PATH-<unknown>]: 0.1: 60001263
[File: PATH-<unknown>]->FILE_READ->[Process: PName-pEja72mA, ARGUMENTS-]: 0.1: 50000415

###############Alert###############
currentTime:1720181559613
AnomalyScore: 0.9973
AlertPath:[Network Connect: Localhost--53.158.101.118:80]->NET_CONNECT->[Process: PName-pEja72mA, ARGUMENTS-]: 0.1: 0
[Process: PName-pEja72mA, ARGUMENTS-]->PROCESS_FORK->[Process: PName-pEja72mA, ARGUMENTS-aue_fork]: 0.1: 39996566
[Process: PName-procstat, ARGUMENTS-]->FILE_WRITE->[File: PATH-<unknown>]: 0.1: 60001263
[File: PATH-<unknown>]->FILE_READ->[Process: PName-pEja72mA, ARGUMENTS-]: 0.1: 50000415

###############Alert###############
currentTime:1720181559613
AnomalyScore: 0.9973
AlertPath:[Network Connect: Localhost--53.158.101.118:80]->NET_CONNECT->[Process: PName-pEja72mA, ARGUMENTS-]: 0.1: 0
[Process: PName-pEja72mA, ARGUMENTS-]->PROCESS_FORK->[Process: PName-pEja72mA, ARGUMENTS-aue_fork]: 0.1: 39996566
[Process: PName-procstat, ARGUMENTS-]->FILE_WRITE->[File: PATH-<unknown>]: 0.1: 60001263
[File: PATH-<unknown>]->FILE_READ->[Process: PName-pEja72mA, ARGUMENTS-]: 0.1: 50000415

###############Alert###############
currentTime:1720181559615
AnomalyScore: 0.9973
AlertPath:[Network Connect: Localhost--53.158.101.118:80]->NET_CONNECT->[Process: PName-pEja72mA, ARGUMENTS-]: 0.1: 0
[Process: PName-pEja72mA, ARGUMENTS-]->PROCESS_FORK->[Process: PName-pEja72mA, ARGUMENTS-aue_fork]: 0.1: 39996566
[Process: PName-procstat, ARGUMENTS-]->FILE_WRITE->[File: PATH-<unknown>]: 0.1: 60001263
[File: PATH-<unknown>]->FILE_READ->[Process: PName-pEja72mA, ARGUMENTS-]: 0.1: 50000415

###############Alert###############
currentTime:1720181559615
AnomalyScore: 0.9973
AlertPath:[Network Connect: Localhost--53.158.101.118:80]->NET_CONNECT->[Process: PName-pEja72mA, ARGUMENTS-]: 0.1: 0
[Process: PName-pEja72mA, ARGUMENTS-]->PROCESS_FORK->[Process: PName-pEja72mA, ARGUMENTS-aue_fork]: 0.1: 39996566
[Process: PName-procstat, ARGUMENTS-]->FILE_WRITE->[File: PATH-<unknown>]: 0.1: 60001263
[File: PATH-<unknown>]->FILE_READ->[Process: PName-pEja72mA, ARGUMENTS-]: 0.1: 50000415

###############Alert###############
currentTime:1720181559617
AnomalyScore: 0.9973
AlertPath:[Network Connect: Localhost--53.158.101.118:80]->NET_CONNECT->[Process: PName-pEja72mA, ARGUMENTS-]: 0.1: 0
[Process: PName-pEja72mA, ARGUMENTS-]->PROCESS_FORK->[Process: PName-pEja72mA, ARGUMENTS-aue_fork]: 0.1: 39996566
[Process: PName-procstat, ARGUMENTS-]->FILE_WRITE->[File: PATH-<unknown>]: 0.1: 60001263
[File: PATH-<unknown>]->FILE_READ->[Process: PName-pEja72mA, ARGUMENTS-]: 0.1: 60008814

###############Alert###############
currentTime:1720181559617
AnomalyScore: 0.9973
AlertPath:[Network Connect: Localhost--53.158.101.118:80]->NET_CONNECT->[Process: PName-pEja72mA, ARGUMENTS-]: 0.1: 0
[Process: PName-pEja72mA, ARGUMENTS-]->PROCESS_FORK->[Process: PName-pEja72mA, ARGUMENTS-aue_fork]: 0.1: 39996566
[Process: PName-procstat, ARGUMENTS-]->FILE_WRITE->[File: PATH-<unknown>]: 0.1: 60001263
[File: PATH-<unknown>]->FILE_READ->[Process: PName-pEja72mA, ARGUMENTS-]: 0.1: 60008814

###############Alert###############
currentTime:1720181559619
AnomalyScore: 0.9973
AlertPath:[Network Connect: Localhost--53.158.101.118:80]->NET_CONNECT->[Process: PName-pEja72mA, ARGUMENTS-]: 0.1: 0
[Process: PName-pEja72mA, ARGUMENTS-]->PROCESS_FORK->[Process: PName-pEja72mA, ARGUMENTS-aue_fork]: 0.1: 39996566
[Process: PName-procstat, ARGUMENTS-]->FILE_WRITE->[File: PATH-<unknown>]: 0.1: 60001263
[File: PATH-<unknown>]->FILE_READ->[Process: PName-pEja72mA, ARGUMENTS-]: 0.1: 60008814

###############Alert###############
currentTime:1720181559619
AnomalyScore: 0.9973
AlertPath:[Network Connect: Localhost--53.158.101.118:80]->NET_CONNECT->[Process: PName-pEja72mA, ARGUMENTS-]: 0.1: 0
[Process: PName-pEja72mA, ARGUMENTS-]->PROCESS_FORK->[Process: PName-pEja72mA, ARGUMENTS-aue_fork]: 0.1: 39996566
[Process: PName-procstat, ARGUMENTS-]->FILE_WRITE->[File: PATH-<unknown>]: 0.1: 60001263
[File: PATH-<unknown>]->FILE_READ->[Process: PName-pEja72mA, ARGUMENTS-]: 0.1: 60008814

###############Alert###############
currentTime:1720181559621
AnomalyScore: 0.9973
AlertPath:[Network Connect: Localhost--53.158.101.118:80]->NET_CONNECT->[Process: PName-pEja72mA, ARGUMENTS-]: 0.1: 0
[Process: PName-pEja72mA, ARGUMENTS-]->PROCESS_FORK->[Process: PName-pEja72mA, ARGUMENTS-aue_fork]: 0.1: 39996566
[Process: PName-procstat, ARGUMENTS-]->FILE_WRITE->[File: PATH-<unknown>]: 0.1: 60001263
[File: PATH-<unknown>]->FILE_READ->[Process: PName-pEja72mA, ARGUMENTS-]: 0.1: 60008814

###############Alert###############
currentTime:1720181559621
AnomalyScore: 0.9973
AlertPath:[Network Connect: Localhost--53.158.101.118:80]->NET_CONNECT->[Process: PName-pEja72mA, ARGUMENTS-]: 0.1: 0
[Process: PName-pEja72mA, ARGUMENTS-]->PROCESS_FORK->[Process: PName-pEja72mA, ARGUMENTS-aue_fork]: 0.1: 39996566
[Process: PName-procstat, ARGUMENTS-]->FILE_WRITE->[File: PATH-<unknown>]: 0.1: 60001263
[File: PATH-<unknown>]->FILE_READ->[Process: PName-pEja72mA, ARGUMENTS-]: 0.1: 60008814

###############Alert###############
currentTime:1720181559622
AnomalyScore: 0.9973
AlertPath:[Network Connect: Localhost--53.158.101.118:80]->NET_CONNECT->[Process: PName-pEja72mA, ARGUMENTS-]: 0.1: 0
[Process: PName-pEja72mA, ARGUMENTS-]->PROCESS_FORK->[Process: PName-pEja72mA, ARGUMENTS-aue_fork]: 0.1: 39996566
[Process: PName-procstat, ARGUMENTS-]->FILE_WRITE->[File: PATH-<unknown>]: 0.1: 60001263
[File: PATH-<unknown>]->FILE_READ->[Process: PName-pEja72mA, ARGUMENTS-]: 0.1: 60008814

###############Alert###############
currentTime:1720181559623
AnomalyScore: 0.9973
AlertPath:[Network Connect: Localhost--53.158.101.118:80]->NET_CONNECT->[Process: PName-pEja72mA, ARGUMENTS-]: 0.1: 0
[Process: PName-pEja72mA, ARGUMENTS-]->PROCESS_FORK->[Process: PName-pEja72mA, ARGUMENTS-aue_fork]: 0.1: 39996566
[Process: PName-procstat, ARGUMENTS-]->FILE_WRITE->[File: PATH-<unknown>]: 0.1: 60001263
[File: PATH-<unknown>]->FILE_READ->[Process: PName-pEja72mA, ARGUMENTS-]: 0.1: 60008814

###############Alert###############
currentTime:1720181559624
AnomalyScore: 0.9973
AlertPath:[Network Connect: Localhost--53.158.101.118:80]->NET_CONNECT->[Process: PName-pEja72mA, ARGUMENTS-]: 0.1: 0
[Process: PName-pEja72mA, ARGUMENTS-]->PROCESS_FORK->[Process: PName-pEja72mA, ARGUMENTS-aue_fork]: 0.1: 39996566
[Process: PName-procstat, ARGUMENTS-]->FILE_WRITE->[File: PATH-<unknown>]: 0.1: 60001263
[File: PATH-<unknown>]->FILE_READ->[Process: PName-pEja72mA, ARGUMENTS-]: 0.1: 60008814

###############Alert###############
currentTime:1720181559624
AnomalyScore: 0.9973
AlertPath:[Network Connect: Localhost--53.158.101.118:80]->NET_CONNECT->[Process: PName-pEja72mA, ARGUMENTS-]: 0.1: 0
[Process: PName-pEja72mA, ARGUMENTS-]->PROCESS_FORK->[Process: PName-pEja72mA, ARGUMENTS-aue_fork]: 0.1: 39996566
[Process: PName-procstat, ARGUMENTS-]->FILE_WRITE->[File: PATH-<unknown>]: 0.1: 60001263
[File: PATH-<unknown>]->FILE_READ->[Process: PName-pEja72mA, ARGUMENTS-]: 0.1: 60008814

###############Alert###############
currentTime:1720181559626
AnomalyScore: 0.9973
AlertPath:[Network Connect: Localhost--53.158.101.118:80]->NET_CONNECT->[Process: PName-pEja72mA, ARGUMENTS-]: 0.1: 0
[Process: PName-pEja72mA, ARGUMENTS-]->PROCESS_FORK->[Process: PName-pEja72mA, ARGUMENTS-aue_fork]: 0.1: 39996566
[Process: PName-procstat, ARGUMENTS-]->FILE_WRITE->[File: PATH-<unknown>]: 0.1: 60001263
[File: PATH-<unknown>]->FILE_READ->[Process: PName-pEja72mA, ARGUMENTS-]: 0.1: 60008814

###############Alert###############
currentTime:1720181559626
AnomalyScore: 0.9973
AlertPath:[Network Connect: Localhost--53.158.101.118:80]->NET_CONNECT->[Process: PName-pEja72mA, ARGUMENTS-]: 0.1: 0
[Process: PName-pEja72mA, ARGUMENTS-]->PROCESS_FORK->[Process: PName-pEja72mA, ARGUMENTS-aue_fork]: 0.1: 39996566
[Process: PName-procstat, ARGUMENTS-]->FILE_WRITE->[File: PATH-<unknown>]: 0.1: 60001263
[File: PATH-<unknown>]->FILE_READ->[Process: PName-pEja72mA, ARGUMENTS-]: 0.1: 60008814

###############Alert###############
currentTime:1720181559628
AnomalyScore: 0.9973
AlertPath:[Network Connect: Localhost--53.158.101.118:80]->NET_CONNECT->[Process: PName-pEja72mA, ARGUMENTS-]: 0.1: 0
[Process: PName-pEja72mA, ARGUMENTS-]->PROCESS_FORK->[Process: PName-pEja72mA, ARGUMENTS-aue_fork]: 0.1: 39996566
[Process: PName-procstat, ARGUMENTS-]->FILE_WRITE->[File: PATH-<unknown>]: 0.1: 60001263
[File: PATH-<unknown>]->FILE_READ->[Process: PName-pEja72mA, ARGUMENTS-]: 0.1: 60008814

###############Alert###############
currentTime:1720181559628
AnomalyScore: 0.9973
AlertPath:[Network Connect: Localhost--53.158.101.118:80]->NET_CONNECT->[Process: PName-pEja72mA, ARGUMENTS-]: 0.1: 0
[Process: PName-pEja72mA, ARGUMENTS-]->PROCESS_FORK->[Process: PName-pEja72mA, ARGUMENTS-aue_fork]: 0.1: 39996566
[Process: PName-procstat, ARGUMENTS-]->FILE_WRITE->[File: PATH-<unknown>]: 0.1: 60001263
[File: PATH-<unknown>]->FILE_READ->[Process: PName-pEja72mA, ARGUMENTS-]: 0.1: 70003423

###############Alert###############
currentTime:1720181559630
AnomalyScore: 0.9973
AlertPath:[Network Connect: Localhost--53.158.101.118:80]->NET_CONNECT->[Process: PName-pEja72mA, ARGUMENTS-]: 0.1: 0
[Process: PName-pEja72mA, ARGUMENTS-]->PROCESS_FORK->[Process: PName-pEja72mA, ARGUMENTS-aue_fork]: 0.1: 39996566
[Process: PName-procstat, ARGUMENTS-]->FILE_WRITE->[File: PATH-<unknown>]: 0.1: 60001263
[File: PATH-<unknown>]->FILE_READ->[Process: PName-pEja72mA, ARGUMENTS-]: 0.1: 70003423

###############Alert###############
currentTime:1720181559630
AnomalyScore: 0.9973
AlertPath:[Network Connect: Localhost--53.158.101.118:80]->NET_CONNECT->[Process: PName-pEja72mA, ARGUMENTS-]: 0.1: 0
[Process: PName-pEja72mA, ARGUMENTS-]->PROCESS_FORK->[Process: PName-pEja72mA, ARGUMENTS-aue_fork]: 0.1: 39996566
[Process: PName-procstat, ARGUMENTS-]->FILE_WRITE->[File: PATH-<unknown>]: 0.1: 60001263
[File: PATH-<unknown>]->FILE_READ->[Process: PName-pEja72mA, ARGUMENTS-]: 0.1: 70003423

###############Alert###############
currentTime:1720181559632
AnomalyScore: 0.9973
AlertPath:[Network Connect: Localhost--53.158.101.118:80]->NET_CONNECT->[Process: PName-pEja72mA, ARGUMENTS-]: 0.1: 0
[Process: PName-pEja72mA, ARGUMENTS-]->PROCESS_FORK->[Process: PName-pEja72mA, ARGUMENTS-aue_fork]: 0.1: 39996566
[Process: PName-procstat, ARGUMENTS-]->FILE_WRITE->[File: PATH-<unknown>]: 0.1: 60001263
[File: PATH-<unknown>]->FILE_READ->[Process: PName-pEja72mA, ARGUMENTS-]: 0.1: 70003423

###############Alert###############
currentTime:1720181559632
AnomalyScore: 0.9973
AlertPath:[Network Connect: Localhost--53.158.101.118:80]->NET_CONNECT->[Process: PName-pEja72mA, ARGUMENTS-]: 0.1: 0
[Process: PName-pEja72mA, ARGUMENTS-]->PROCESS_FORK->[Process: PName-pEja72mA, ARGUMENTS-aue_fork]: 0.1: 39996566
[Process: PName-procstat, ARGUMENTS-]->FILE_WRITE->[File: PATH-<unknown>]: 0.1: 60001263
[File: PATH-<unknown>]->FILE_READ->[Process: PName-pEja72mA, ARGUMENTS-]: 0.1: 70003423

###############Alert###############
currentTime:1720181559633
AnomalyScore: 0.9973
AlertPath:[Network Connect: Localhost--53.158.101.118:80]->NET_CONNECT->[Process: PName-pEja72mA, ARGUMENTS-]: 0.1: 0
[Process: PName-pEja72mA, ARGUMENTS-]->PROCESS_FORK->[Process: PName-pEja72mA, ARGUMENTS-aue_fork]: 0.1: 39996566
[Process: PName-procstat, ARGUMENTS-]->FILE_WRITE->[File: PATH-<unknown>]: 0.1: 60001263
[File: PATH-<unknown>]->FILE_READ->[Process: PName-pEja72mA, ARGUMENTS-]: 0.1: 70003423

###############Alert###############
currentTime:1720181559634
AnomalyScore: 0.9973
AlertPath:[Network Connect: Localhost--53.158.101.118:80]->NET_CONNECT->[Process: PName-pEja72mA, ARGUMENTS-]: 0.1: 0
[Process: PName-pEja72mA, ARGUMENTS-]->PROCESS_FORK->[Process: PName-pEja72mA, ARGUMENTS-aue_fork]: 0.1: 39996566
[Process: PName-procstat, ARGUMENTS-]->FILE_WRITE->[File: PATH-<unknown>]: 0.1: 60001263
[File: PATH-<unknown>]->FILE_READ->[Process: PName-pEja72mA, ARGUMENTS-]: 0.1: 70003423

###############Alert###############
currentTime:1720181559635
AnomalyScore: 0.9973
AlertPath:[Network Connect: Localhost--53.158.101.118:80]->NET_CONNECT->[Process: PName-pEja72mA, ARGUMENTS-]: 0.1: 0
[Process: PName-pEja72mA, ARGUMENTS-]->PROCESS_FORK->[Process: PName-pEja72mA, ARGUMENTS-aue_fork]: 0.1: 39996566
[Process: PName-procstat, ARGUMENTS-]->FILE_WRITE->[File: PATH-<unknown>]: 0.1: 60001263
[File: PATH-<unknown>]->FILE_READ->[Process: PName-pEja72mA, ARGUMENTS-]: 0.1: 70003423

###############Alert###############
currentTime:1720181559635
AnomalyScore: 0.9973
AlertPath:[Network Connect: Localhost--53.158.101.118:80]->NET_CONNECT->[Process: PName-pEja72mA, ARGUMENTS-]: 0.1: 0
[Process: PName-pEja72mA, ARGUMENTS-]->PROCESS_FORK->[Process: PName-pEja72mA, ARGUMENTS-aue_fork]: 0.1: 39996566
[Process: PName-procstat, ARGUMENTS-]->FILE_WRITE->[File: PATH-<unknown>]: 0.1: 60001263
[File: PATH-<unknown>]->FILE_READ->[Process: PName-pEja72mA, ARGUMENTS-]: 0.1: 70003423

###############Alert###############
currentTime:1720181559637
AnomalyScore: 0.9973
AlertPath:[Network Connect: Localhost--53.158.101.118:80]->NET_CONNECT->[Process: PName-pEja72mA, ARGUMENTS-]: 0.1: 0
[Process: PName-pEja72mA, ARGUMENTS-]->PROCESS_FORK->[Process: PName-pEja72mA, ARGUMENTS-aue_fork]: 0.1: 39996566
[Process: PName-procstat, ARGUMENTS-]->FILE_WRITE->[File: PATH-<unknown>]: 0.1: 60001263
[File: PATH-<unknown>]->FILE_READ->[Process: PName-pEja72mA, ARGUMENTS-]: 0.1: 70003423

###############Alert###############
currentTime:1720181559637
AnomalyScore: 0.9973
AlertPath:[Network Connect: Localhost--53.158.101.118:80]->NET_CONNECT->[Process: PName-pEja72mA, ARGUMENTS-]: 0.1: 0
[Process: PName-pEja72mA, ARGUMENTS-]->PROCESS_FORK->[Process: PName-pEja72mA, ARGUMENTS-aue_fork]: 0.1: 39996566
[Process: PName-procstat, ARGUMENTS-]->FILE_WRITE->[File: PATH-<unknown>]: 0.1: 60001263
[File: PATH-<unknown>]->FILE_READ->[Process: PName-pEja72mA, ARGUMENTS-]: 0.1: 70003423

###############Alert###############
currentTime:1720181559639
AnomalyScore: 0.9973
AlertPath:[Network Connect: Localhost--53.158.101.118:80]->NET_CONNECT->[Process: PName-pEja72mA, ARGUMENTS-]: 0.1: 0
[Process: PName-pEja72mA, ARGUMENTS-]->PROCESS_FORK->[Process: PName-pEja72mA, ARGUMENTS-aue_fork]: 0.1: 39996566
[Process: PName-procstat, ARGUMENTS-]->FILE_WRITE->[File: PATH-<unknown>]: 0.1: 60001263
[File: PATH-<unknown>]->FILE_READ->[Process: PName-pEja72mA, ARGUMENTS-]: 0.1: 70003423

###############Alert###############
currentTime:1720181559639
AnomalyScore: 0.9973
AlertPath:[Network Connect: Localhost--53.158.101.118:80]->NET_CONNECT->[Process: PName-pEja72mA, ARGUMENTS-]: 0.1: 0
[Process: PName-pEja72mA, ARGUMENTS-]->PROCESS_FORK->[Process: PName-pEja72mA, ARGUMENTS-aue_fork]: 0.1: 39996566
[Process: PName-procstat, ARGUMENTS-]->FILE_WRITE->[File: PATH-<unknown>]: 0.1: 60001263
[File: PATH-<unknown>]->FILE_READ->[Process: PName-pEja72mA, ARGUMENTS-]: 0.1: 70003423

###############Alert###############
currentTime:1720181559640
AnomalyScore: 0.9973
AlertPath:[Network Connect: Localhost--53.158.101.118:80]->NET_CONNECT->[Process: PName-pEja72mA, ARGUMENTS-]: 0.1: 0
[Process: PName-pEja72mA, ARGUMENTS-]->PROCESS_FORK->[Process: PName-pEja72mA, ARGUMENTS-aue_fork]: 0.1: 39996566
[Process: PName-procstat, ARGUMENTS-]->FILE_WRITE->[File: PATH-<unknown>]: 0.1: 60001263
[File: PATH-<unknown>]->FILE_READ->[Process: PName-pEja72mA, ARGUMENTS-]: 0.1: 80003551

###############Alert###############
currentTime:1720181559640
AnomalyScore: 0.9973
AlertPath:[Network Connect: Localhost--53.158.101.118:80]->NET_CONNECT->[Process: PName-pEja72mA, ARGUMENTS-]: 0.1: 0
[Process: PName-pEja72mA, ARGUMENTS-]->PROCESS_FORK->[Process: PName-pEja72mA, ARGUMENTS-aue_fork]: 0.1: 39996566
[Process: PName-procstat, ARGUMENTS-]->FILE_WRITE->[File: PATH-<unknown>]: 0.1: 60001263
[File: PATH-<unknown>]->FILE_READ->[Process: PName-pEja72mA, ARGUMENTS-]: 0.1: 80003551

###############Alert###############
currentTime:1720181559642
AnomalyScore: 0.9973
AlertPath:[Network Connect: Localhost--53.158.101.118:80]->NET_CONNECT->[Process: PName-pEja72mA, ARGUMENTS-]: 0.1: 0
[Process: PName-pEja72mA, ARGUMENTS-]->PROCESS_FORK->[Process: PName-pEja72mA, ARGUMENTS-aue_fork]: 0.1: 39996566
[Process: PName-procstat, ARGUMENTS-]->FILE_WRITE->[File: PATH-<unknown>]: 0.1: 60001263
[File: PATH-<unknown>]->FILE_READ->[Process: PName-pEja72mA, ARGUMENTS-]: 0.1: 80003551

###############Alert###############
currentTime:1720181559642
AnomalyScore: 0.9973
AlertPath:[Network Connect: Localhost--53.158.101.118:80]->NET_CONNECT->[Process: PName-pEja72mA, ARGUMENTS-]: 0.1: 0
[Process: PName-pEja72mA, ARGUMENTS-]->PROCESS_FORK->[Process: PName-pEja72mA, ARGUMENTS-aue_fork]: 0.1: 39996566
[Process: PName-procstat, ARGUMENTS-]->FILE_WRITE->[File: PATH-<unknown>]: 0.1: 60001263
[File: PATH-<unknown>]->FILE_READ->[Process: PName-pEja72mA, ARGUMENTS-]: 0.1: 80003551

###############Alert###############
currentTime:1720181559643
AnomalyScore: 0.9973
AlertPath:[Network Connect: Localhost--53.158.101.118:80]->NET_CONNECT->[Process: PName-pEja72mA, ARGUMENTS-]: 0.1: 0
[Process: PName-pEja72mA, ARGUMENTS-]->PROCESS_FORK->[Process: PName-pEja72mA, ARGUMENTS-aue_fork]: 0.1: 39996566
[Process: PName-procstat, ARGUMENTS-]->FILE_WRITE->[File: PATH-<unknown>]: 0.1: 60001263
[File: PATH-<unknown>]->FILE_READ->[Process: PName-pEja72mA, ARGUMENTS-]: 0.1: 80003551

###############Alert###############
currentTime:1720181559644
AnomalyScore: 0.9973
AlertPath:[Network Connect: Localhost--53.158.101.118:80]->NET_CONNECT->[Process: PName-pEja72mA, ARGUMENTS-]: 0.1: 0
[Process: PName-pEja72mA, ARGUMENTS-]->PROCESS_FORK->[Process: PName-pEja72mA, ARGUMENTS-aue_fork]: 0.1: 39996566
[Process: PName-procstat, ARGUMENTS-]->FILE_WRITE->[File: PATH-<unknown>]: 0.1: 60001263
[File: PATH-<unknown>]->FILE_READ->[Process: PName-pEja72mA, ARGUMENTS-]: 0.1: 80003551

###############Alert###############
currentTime:1720181559645
AnomalyScore: 0.9973
AlertPath:[Network Connect: Localhost--53.158.101.118:80]->NET_CONNECT->[Process: PName-pEja72mA, ARGUMENTS-]: 0.1: 0
[Process: PName-pEja72mA, ARGUMENTS-]->PROCESS_FORK->[Process: PName-pEja72mA, ARGUMENTS-aue_fork]: 0.1: 39996566
[Process: PName-procstat, ARGUMENTS-]->FILE_WRITE->[File: PATH-<unknown>]: 0.1: 60001263
[File: PATH-<unknown>]->FILE_READ->[Process: PName-pEja72mA, ARGUMENTS-]: 0.1: 80003551

###############Alert###############
currentTime:1720181559645
AnomalyScore: 0.9973
AlertPath:[Network Connect: Localhost--53.158.101.118:80]->NET_CONNECT->[Process: PName-pEja72mA, ARGUMENTS-]: 0.1: 0
[Process: PName-pEja72mA, ARGUMENTS-]->PROCESS_FORK->[Process: PName-pEja72mA, ARGUMENTS-aue_fork]: 0.1: 39996566
[Process: PName-procstat, ARGUMENTS-]->FILE_WRITE->[File: PATH-<unknown>]: 0.1: 60001263
[File: PATH-<unknown>]->FILE_READ->[Process: PName-pEja72mA, ARGUMENTS-]: 0.1: 80003551

###############Alert###############
currentTime:1720181559647
AnomalyScore: 0.9973
AlertPath:[Network Connect: Localhost--53.158.101.118:80]->NET_CONNECT->[Process: PName-pEja72mA, ARGUMENTS-]: 0.1: 0
[Process: PName-pEja72mA, ARGUMENTS-]->PROCESS_FORK->[Process: PName-pEja72mA, ARGUMENTS-aue_fork]: 0.1: 39996566
[Process: PName-procstat, ARGUMENTS-]->FILE_WRITE->[File: PATH-<unknown>]: 0.1: 60001263
[File: PATH-<unknown>]->FILE_READ->[Process: PName-pEja72mA, ARGUMENTS-]: 0.1: 80003551

###############Alert###############
currentTime:1720181559647
AnomalyScore: 0.9973
AlertPath:[Network Connect: Localhost--53.158.101.118:80]->NET_CONNECT->[Process: PName-pEja72mA, ARGUMENTS-]: 0.1: 0
[Process: PName-pEja72mA, ARGUMENTS-]->PROCESS_FORK->[Process: PName-pEja72mA, ARGUMENTS-aue_fork]: 0.1: 39996566
[Process: PName-procstat, ARGUMENTS-]->FILE_WRITE->[File: PATH-<unknown>]: 0.1: 60001263
[File: PATH-<unknown>]->FILE_READ->[Process: PName-pEja72mA, ARGUMENTS-]: 0.1: 80003551

###############Alert###############
currentTime:1720181559649
AnomalyScore: 0.9973
AlertPath:[Network Connect: Localhost--53.158.101.118:80]->NET_CONNECT->[Process: PName-pEja72mA, ARGUMENTS-]: 0.1: 0
[Process: PName-pEja72mA, ARGUMENTS-]->PROCESS_FORK->[Process: PName-pEja72mA, ARGUMENTS-aue_fork]: 0.1: 39996566
[Process: PName-procstat, ARGUMENTS-]->FILE_WRITE->[File: PATH-<unknown>]: 0.1: 60001263
[File: PATH-<unknown>]->FILE_READ->[Process: PName-pEja72mA, ARGUMENTS-]: 0.1: 80003551

###############Alert###############
currentTime:1720181559649
AnomalyScore: 0.9973
AlertPath:[Network Connect: Localhost--53.158.101.118:80]->NET_CONNECT->[Process: PName-pEja72mA, ARGUMENTS-]: 0.1: 0
[Process: PName-pEja72mA, ARGUMENTS-]->PROCESS_FORK->[Process: PName-pEja72mA, ARGUMENTS-aue_fork]: 0.1: 39996566
[Process: PName-procstat, ARGUMENTS-]->FILE_WRITE->[File: PATH-<unknown>]: 0.1: 60001263
[File: PATH-<unknown>]->FILE_READ->[Process: PName-pEja72mA, ARGUMENTS-]: 0.1: 80003551

###############Alert###############
currentTime:1720181559651
AnomalyScore: 0.9973
AlertPath:[Network Connect: Localhost--53.158.101.118:80]->NET_CONNECT->[Process: PName-pEja72mA, ARGUMENTS-]: 0.1: 0
[Process: PName-pEja72mA, ARGUMENTS-]->PROCESS_FORK->[Process: PName-pEja72mA, ARGUMENTS-aue_fork]: 0.1: 39996566
[Process: PName-procstat, ARGUMENTS-]->FILE_WRITE->[File: PATH-<unknown>]: 0.1: 60001263
[File: PATH-<unknown>]->FILE_READ->[Process: PName-pEja72mA, ARGUMENTS-]: 0.1: 80003551

###############Alert###############
currentTime:1720181559651
AnomalyScore: 0.9973
AlertPath:[Network Connect: Localhost--53.158.101.118:80]->NET_CONNECT->[Process: PName-pEja72mA, ARGUMENTS-]: 0.1: 0
[Process: PName-pEja72mA, ARGUMENTS-]->PROCESS_FORK->[Process: PName-pEja72mA, ARGUMENTS-aue_fork]: 0.1: 39996566
[Process: PName-procstat, ARGUMENTS-]->FILE_WRITE->[File: PATH-<unknown>]: 0.1: 60001263
[File: PATH-<unknown>]->FILE_READ->[Process: PName-pEja72mA, ARGUMENTS-]: 0.1: 90002230

###############Alert###############
currentTime:1720181559652
AnomalyScore: 0.9973
AlertPath:[Network Connect: Localhost--53.158.101.118:80]->NET_CONNECT->[Process: PName-pEja72mA, ARGUMENTS-]: 0.1: 0
[Process: PName-pEja72mA, ARGUMENTS-]->PROCESS_FORK->[Process: PName-pEja72mA, ARGUMENTS-aue_fork]: 0.1: 39996566
[Process: PName-procstat, ARGUMENTS-]->FILE_WRITE->[File: PATH-<unknown>]: 0.1: 60001263
[File: PATH-<unknown>]->FILE_READ->[Process: PName-pEja72mA, ARGUMENTS-]: 0.1: 90002230

###############Alert###############
currentTime:1720181559653
AnomalyScore: 0.9973
AlertPath:[Network Connect: Localhost--53.158.101.118:80]->NET_CONNECT->[Process: PName-pEja72mA, ARGUMENTS-]: 0.1: 0
[Process: PName-pEja72mA, ARGUMENTS-]->PROCESS_FORK->[Process: PName-pEja72mA, ARGUMENTS-aue_fork]: 0.1: 39996566
[Process: PName-procstat, ARGUMENTS-]->FILE_WRITE->[File: PATH-<unknown>]: 0.1: 60001263
[File: PATH-<unknown>]->FILE_READ->[Process: PName-pEja72mA, ARGUMENTS-]: 0.1: 90002230

###############Alert###############
currentTime:1720181559654
AnomalyScore: 0.9973
AlertPath:[Network Connect: Localhost--53.158.101.118:80]->NET_CONNECT->[Process: PName-pEja72mA, ARGUMENTS-]: 0.1: 0
[Process: PName-pEja72mA, ARGUMENTS-]->PROCESS_FORK->[Process: PName-pEja72mA, ARGUMENTS-aue_fork]: 0.1: 39996566
[Process: PName-procstat, ARGUMENTS-]->FILE_WRITE->[File: PATH-<unknown>]: 0.1: 60001263
[File: PATH-<unknown>]->FILE_READ->[Process: PName-pEja72mA, ARGUMENTS-]: 0.1: 90002230

###############Alert###############
currentTime:1720181559654
AnomalyScore: 0.9973
AlertPath:[Network Connect: Localhost--53.158.101.118:80]->NET_CONNECT->[Process: PName-pEja72mA, ARGUMENTS-]: 0.1: 0
[Process: PName-pEja72mA, ARGUMENTS-]->PROCESS_FORK->[Process: PName-pEja72mA, ARGUMENTS-aue_fork]: 0.1: 39996566
[Process: PName-procstat, ARGUMENTS-]->FILE_WRITE->[File: PATH-<unknown>]: 0.1: 60001263
[File: PATH-<unknown>]->FILE_READ->[Process: PName-pEja72mA, ARGUMENTS-]: 0.1: 90002230

###############Alert###############
currentTime:1720181559656
AnomalyScore: 0.9973
AlertPath:[Network Connect: Localhost--53.158.101.118:80]->NET_CONNECT->[Process: PName-pEja72mA, ARGUMENTS-]: 0.1: 0
[Process: PName-pEja72mA, ARGUMENTS-]->PROCESS_FORK->[Process: PName-pEja72mA, ARGUMENTS-aue_fork]: 0.1: 39996566
[Process: PName-procstat, ARGUMENTS-]->FILE_WRITE->[File: PATH-<unknown>]: 0.1: 60001263
[File: PATH-<unknown>]->FILE_READ->[Process: PName-pEja72mA, ARGUMENTS-]: 0.1: 90002230

###############Alert###############
currentTime:1720181559656
AnomalyScore: 0.9973
AlertPath:[Network Connect: Localhost--53.158.101.118:80]->NET_CONNECT->[Process: PName-pEja72mA, ARGUMENTS-]: 0.1: 0
[Process: PName-pEja72mA, ARGUMENTS-]->PROCESS_FORK->[Process: PName-pEja72mA, ARGUMENTS-aue_fork]: 0.1: 39996566
[Process: PName-procstat, ARGUMENTS-]->FILE_WRITE->[File: PATH-<unknown>]: 0.1: 60001263
[File: PATH-<unknown>]->FILE_READ->[Process: PName-pEja72mA, ARGUMENTS-]: 0.1: 90002230

###############Alert###############
currentTime:1720181559657
AnomalyScore: 0.9973
AlertPath:[Network Connect: Localhost--53.158.101.118:80]->NET_CONNECT->[Process: PName-pEja72mA, ARGUMENTS-]: 0.1: 0
[Process: PName-pEja72mA, ARGUMENTS-]->PROCESS_FORK->[Process: PName-pEja72mA, ARGUMENTS-aue_fork]: 0.1: 39996566
[Process: PName-procstat, ARGUMENTS-]->FILE_WRITE->[File: PATH-<unknown>]: 0.1: 60001263
[File: PATH-<unknown>]->FILE_READ->[Process: PName-pEja72mA, ARGUMENTS-]: 0.1: 90002230

###############Alert###############
currentTime:1720181559658
AnomalyScore: 0.9973
AlertPath:[Network Connect: Localhost--53.158.101.118:80]->NET_CONNECT->[Process: PName-pEja72mA, ARGUMENTS-]: 0.1: 0
[Process: PName-pEja72mA, ARGUMENTS-]->PROCESS_FORK->[Process: PName-pEja72mA, ARGUMENTS-aue_fork]: 0.1: 39996566
[Process: PName-procstat, ARGUMENTS-]->FILE_WRITE->[File: PATH-<unknown>]: 0.1: 60001263
[File: PATH-<unknown>]->FILE_READ->[Process: PName-pEja72mA, ARGUMENTS-]: 0.1: 90002230

###############Alert###############
currentTime:1720181559659
AnomalyScore: 0.9973
AlertPath:[Network Connect: Localhost--53.158.101.118:80]->NET_CONNECT->[Process: PName-pEja72mA, ARGUMENTS-]: 0.1: 0
[Process: PName-pEja72mA, ARGUMENTS-]->PROCESS_FORK->[Process: PName-pEja72mA, ARGUMENTS-aue_fork]: 0.1: 39996566
[Process: PName-procstat, ARGUMENTS-]->FILE_WRITE->[File: PATH-<unknown>]: 0.1: 60001263
[File: PATH-<unknown>]->FILE_READ->[Process: PName-pEja72mA, ARGUMENTS-]: 0.1: 90002230

###############Alert###############
currentTime:1720181559659
AnomalyScore: 0.9973
AlertPath:[Network Connect: Localhost--53.158.101.118:80]->NET_CONNECT->[Process: PName-pEja72mA, ARGUMENTS-]: 0.1: 0
[Process: PName-pEja72mA, ARGUMENTS-]->PROCESS_FORK->[Process: PName-pEja72mA, ARGUMENTS-aue_fork]: 0.1: 39996566
[Process: PName-procstat, ARGUMENTS-]->FILE_WRITE->[File: PATH-<unknown>]: 0.1: 60001263
[File: PATH-<unknown>]->FILE_READ->[Process: PName-pEja72mA, ARGUMENTS-]: 0.1: 90002230

###############Alert###############
currentTime:1720181559661
AnomalyScore: 0.9973
AlertPath:[Network Connect: Localhost--53.158.101.118:80]->NET_CONNECT->[Process: PName-pEja72mA, ARGUMENTS-]: 0.1: 0
[Process: PName-pEja72mA, ARGUMENTS-]->PROCESS_FORK->[Process: PName-pEja72mA, ARGUMENTS-aue_fork]: 0.1: 39996566
[Process: PName-procstat, ARGUMENTS-]->FILE_WRITE->[File: PATH-<unknown>]: 0.1: 60001263
[File: PATH-<unknown>]->FILE_READ->[Process: PName-pEja72mA, ARGUMENTS-]: 0.1: 90002230

###############Alert###############
currentTime:1720181559661
AnomalyScore: 0.9973
AlertPath:[Network Connect: Localhost--53.158.101.118:80]->NET_CONNECT->[Process: PName-pEja72mA, ARGUMENTS-]: 0.1: 0
[Process: PName-pEja72mA, ARGUMENTS-]->PROCESS_FORK->[Process: PName-pEja72mA, ARGUMENTS-aue_fork]: 0.1: 39996566
[Process: PName-procstat, ARGUMENTS-]->FILE_WRITE->[File: PATH-<unknown>]: 0.1: 60001263
[File: PATH-<unknown>]->FILE_READ->[Process: PName-pEja72mA, ARGUMENTS-]: 0.1: 90002230

###############Alert###############
currentTime:1720181559663
AnomalyScore: 0.9973
AlertPath:[Network Connect: Localhost--53.158.101.118:80]->NET_CONNECT->[Process: PName-pEja72mA, ARGUMENTS-]: 0.1: 0
[Process: PName-pEja72mA, ARGUMENTS-]->PROCESS_FORK->[Process: PName-pEja72mA, ARGUMENTS-aue_fork]: 0.1: 39996566
[Process: PName-procstat, ARGUMENTS-]->FILE_WRITE->[File: PATH-<unknown>]: 0.1: 60001263
[File: PATH-<unknown>]->FILE_READ->[Process: PName-pEja72mA, ARGUMENTS-]: 0.1: 100000749

###############Alert###############
currentTime:1720181559663
AnomalyScore: 0.9973
AlertPath:[Network Connect: Localhost--53.158.101.118:80]->NET_CONNECT->[Process: PName-pEja72mA, ARGUMENTS-]: 0.1: 0
[Process: PName-pEja72mA, ARGUMENTS-]->PROCESS_FORK->[Process: PName-pEja72mA, ARGUMENTS-aue_fork]: 0.1: 39996566
[Process: PName-procstat, ARGUMENTS-]->FILE_WRITE->[File: PATH-<unknown>]: 0.1: 60001263
[File: PATH-<unknown>]->FILE_READ->[Process: PName-pEja72mA, ARGUMENTS-]: 0.1: 100000749

###############Alert###############
currentTime:1720181559664
AnomalyScore: 0.9973
AlertPath:[Network Connect: Localhost--53.158.101.118:80]->NET_CONNECT->[Process: PName-pEja72mA, ARGUMENTS-]: 0.1: 0
[Process: PName-pEja72mA, ARGUMENTS-]->PROCESS_FORK->[Process: PName-pEja72mA, ARGUMENTS-aue_fork]: 0.1: 39996566
[Process: PName-procstat, ARGUMENTS-]->FILE_WRITE->[File: PATH-<unknown>]: 0.1: 60001263
[File: PATH-<unknown>]->FILE_READ->[Process: PName-pEja72mA, ARGUMENTS-]: 0.1: 100000749

###############Alert###############
currentTime:1720181559665
AnomalyScore: 0.9973
AlertPath:[Network Connect: Localhost--53.158.101.118:80]->NET_CONNECT->[Process: PName-pEja72mA, ARGUMENTS-]: 0.1: 0
[Process: PName-pEja72mA, ARGUMENTS-]->PROCESS_FORK->[Process: PName-pEja72mA, ARGUMENTS-aue_fork]: 0.1: 39996566
[Process: PName-procstat, ARGUMENTS-]->FILE_WRITE->[File: PATH-<unknown>]: 0.1: 60001263
[File: PATH-<unknown>]->FILE_READ->[Process: PName-pEja72mA, ARGUMENTS-]: 0.1: 100000749

###############Alert###############
currentTime:1720181559667
AnomalyScore: 0.9973
AlertPath:[Network Connect: Localhost--53.158.101.118:80]->NET_CONNECT->[Process: PName-pEja72mA, ARGUMENTS-]: 0.1: 0
[Process: PName-pEja72mA, ARGUMENTS-]->PROCESS_FORK->[Process: PName-pEja72mA, ARGUMENTS-aue_fork]: 0.1: 39996566
[Process: PName-procstat, ARGUMENTS-]->FILE_WRITE->[File: PATH-<unknown>]: 0.1: 60001263
[File: PATH-<unknown>]->FILE_READ->[Process: PName-pEja72mA, ARGUMENTS-]: 0.1: 100000749

###############Alert###############
currentTime:1720181559667
AnomalyScore: 0.9973
AlertPath:[Network Connect: Localhost--53.158.101.118:80]->NET_CONNECT->[Process: PName-pEja72mA, ARGUMENTS-]: 0.1: 0
[Process: PName-pEja72mA, ARGUMENTS-]->PROCESS_FORK->[Process: PName-pEja72mA, ARGUMENTS-aue_fork]: 0.1: 39996566
[Process: PName-procstat, ARGUMENTS-]->FILE_WRITE->[File: PATH-<unknown>]: 0.1: 60001263
[File: PATH-<unknown>]->FILE_READ->[Process: PName-pEja72mA, ARGUMENTS-]: 0.1: 100000749

###############Alert###############
currentTime:1720181559668
AnomalyScore: 0.9973
AlertPath:[Network Connect: Localhost--53.158.101.118:80]->NET_CONNECT->[Process: PName-pEja72mA, ARGUMENTS-]: 0.1: 0
[Process: PName-pEja72mA, ARGUMENTS-]->PROCESS_FORK->[Process: PName-pEja72mA, ARGUMENTS-aue_fork]: 0.1: 39996566
[Process: PName-procstat, ARGUMENTS-]->FILE_WRITE->[File: PATH-<unknown>]: 0.1: 60001263
[File: PATH-<unknown>]->FILE_READ->[Process: PName-pEja72mA, ARGUMENTS-]: 0.1: 100000749

###############Alert###############
currentTime:1720181559668
AnomalyScore: 0.9973
AlertPath:[Network Connect: Localhost--53.158.101.118:80]->NET_CONNECT->[Process: PName-pEja72mA, ARGUMENTS-]: 0.1: 0
[Process: PName-pEja72mA, ARGUMENTS-]->PROCESS_FORK->[Process: PName-pEja72mA, ARGUMENTS-aue_fork]: 0.1: 39996566
[Process: PName-procstat, ARGUMENTS-]->FILE_WRITE->[File: PATH-<unknown>]: 0.1: 60001263
[File: PATH-<unknown>]->FILE_READ->[Process: PName-pEja72mA, ARGUMENTS-]: 0.1: 100000749

###############Alert###############
currentTime:1720181559670
AnomalyScore: 0.9973
AlertPath:[Network Connect: Localhost--53.158.101.118:80]->NET_CONNECT->[Process: PName-pEja72mA, ARGUMENTS-]: 0.1: 0
[Process: PName-pEja72mA, ARGUMENTS-]->PROCESS_FORK->[Process: PName-pEja72mA, ARGUMENTS-aue_fork]: 0.1: 39996566
[Process: PName-procstat, ARGUMENTS-]->FILE_WRITE->[File: PATH-<unknown>]: 0.1: 60001263
[File: PATH-<unknown>]->FILE_READ->[Process: PName-pEja72mA, ARGUMENTS-]: 0.1: 100000749

###############Alert###############
currentTime:1720181559670
AnomalyScore: 0.9973
AlertPath:[Network Connect: Localhost--53.158.101.118:80]->NET_CONNECT->[Process: PName-pEja72mA, ARGUMENTS-]: 0.1: 0
[Process: PName-pEja72mA, ARGUMENTS-]->PROCESS_FORK->[Process: PName-pEja72mA, ARGUMENTS-aue_fork]: 0.1: 39996566
[Process: PName-procstat, ARGUMENTS-]->FILE_WRITE->[File: PATH-<unknown>]: 0.1: 60001263
[File: PATH-<unknown>]->FILE_READ->[Process: PName-pEja72mA, ARGUMENTS-]: 0.1: 100000749

###############Alert###############
currentTime:1720181559672
AnomalyScore: 0.9973
AlertPath:[Network Connect: Localhost--53.158.101.118:80]->NET_CONNECT->[Process: PName-pEja72mA, ARGUMENTS-]: 0.1: 0
[Process: PName-pEja72mA, ARGUMENTS-]->PROCESS_FORK->[Process: PName-pEja72mA, ARGUMENTS-aue_fork]: 0.1: 39996566
[Process: PName-procstat, ARGUMENTS-]->FILE_WRITE->[File: PATH-<unknown>]: 0.1: 60001263
[File: PATH-<unknown>]->FILE_READ->[Process: PName-pEja72mA, ARGUMENTS-]: 0.1: 100000749

###############Alert###############
currentTime:1720181559672
AnomalyScore: 0.9973
AlertPath:[Network Connect: Localhost--53.158.101.118:80]->NET_CONNECT->[Process: PName-pEja72mA, ARGUMENTS-]: 0.1: 0
[Process: PName-pEja72mA, ARGUMENTS-]->PROCESS_FORK->[Process: PName-pEja72mA, ARGUMENTS-aue_fork]: 0.1: 39996566
[Process: PName-procstat, ARGUMENTS-]->FILE_WRITE->[File: PATH-<unknown>]: 0.1: 60001263
[File: PATH-<unknown>]->FILE_READ->[Process: PName-pEja72mA, ARGUMENTS-]: 0.1: 100000749

###############Alert###############
currentTime:1720181559673
AnomalyScore: 0.9973
AlertPath:[Network Connect: Localhost--53.158.101.118:80]->NET_CONNECT->[Process: PName-pEja72mA, ARGUMENTS-]: 0.1: 0
[Process: PName-pEja72mA, ARGUMENTS-]->PROCESS_FORK->[Process: PName-pEja72mA, ARGUMENTS-aue_fork]: 0.1: 39996566
[Process: PName-procstat, ARGUMENTS-]->FILE_WRITE->[File: PATH-<unknown>]: 0.1: 60001263
[File: PATH-<unknown>]->FILE_READ->[Process: PName-pEja72mA, ARGUMENTS-]: 0.1: 100000749

###############Alert###############
currentTime:1720181559674
AnomalyScore: 0.9973
AlertPath:[Network Connect: Localhost--53.158.101.118:80]->NET_CONNECT->[Process: PName-pEja72mA, ARGUMENTS-]: 0.1: 0
[Process: PName-pEja72mA, ARGUMENTS-]->PROCESS_FORK->[Process: PName-pEja72mA, ARGUMENTS-aue_fork]: 0.1: 39996566
[Process: PName-procstat, ARGUMENTS-]->FILE_WRITE->[File: PATH-<unknown>]: 0.1: 60001263
[File: PATH-<unknown>]->FILE_READ->[Process: PName-pEja72mA, ARGUMENTS-]: 0.1: 110001128

###############Alert###############
currentTime:1720181559675
AnomalyScore: 0.9973
AlertPath:[Network Connect: Localhost--53.158.101.118:80]->NET_CONNECT->[Process: PName-pEja72mA, ARGUMENTS-]: 0.1: 0
[Process: PName-pEja72mA, ARGUMENTS-]->PROCESS_FORK->[Process: PName-pEja72mA, ARGUMENTS-aue_fork]: 0.1: 39996566
[Process: PName-procstat, ARGUMENTS-]->FILE_WRITE->[File: PATH-<unknown>]: 0.1: 60001263
[File: PATH-<unknown>]->FILE_READ->[Process: PName-pEja72mA, ARGUMENTS-]: 0.1: 110001128

###############Alert###############
currentTime:1720181559676
AnomalyScore: 0.9973
AlertPath:[Network Connect: Localhost--53.158.101.118:80]->NET_CONNECT->[Process: PName-pEja72mA, ARGUMENTS-]: 0.1: 0
[Process: PName-pEja72mA, ARGUMENTS-]->PROCESS_FORK->[Process: PName-pEja72mA, ARGUMENTS-aue_fork]: 0.1: 39996566
[Process: PName-procstat, ARGUMENTS-]->FILE_WRITE->[File: PATH-<unknown>]: 0.1: 60001263
[File: PATH-<unknown>]->FILE_READ->[Process: PName-pEja72mA, ARGUMENTS-]: 0.1: 110001128

###############Alert###############
currentTime:1720181559677
AnomalyScore: 0.9973
AlertPath:[Network Connect: Localhost--53.158.101.118:80]->NET_CONNECT->[Process: PName-pEja72mA, ARGUMENTS-]: 0.1: 0
[Process: PName-pEja72mA, ARGUMENTS-]->PROCESS_FORK->[Process: PName-pEja72mA, ARGUMENTS-aue_fork]: 0.1: 39996566
[Process: PName-procstat, ARGUMENTS-]->FILE_WRITE->[File: PATH-<unknown>]: 0.1: 60001263
[File: PATH-<unknown>]->FILE_READ->[Process: PName-pEja72mA, ARGUMENTS-]: 0.1: 110001128

###############Alert###############
currentTime:1720181559677
AnomalyScore: 0.9973
AlertPath:[Network Connect: Localhost--53.158.101.118:80]->NET_CONNECT->[Process: PName-pEja72mA, ARGUMENTS-]: 0.1: 0
[Process: PName-pEja72mA, ARGUMENTS-]->PROCESS_FORK->[Process: PName-pEja72mA, ARGUMENTS-aue_fork]: 0.1: 39996566
[Process: PName-procstat, ARGUMENTS-]->FILE_WRITE->[File: PATH-<unknown>]: 0.1: 60001263
[File: PATH-<unknown>]->FILE_READ->[Process: PName-pEja72mA, ARGUMENTS-]: 0.1: 110001128

###############Alert###############
currentTime:1720181559679
AnomalyScore: 0.9973
AlertPath:[Network Connect: Localhost--53.158.101.118:80]->NET_CONNECT->[Process: PName-pEja72mA, ARGUMENTS-]: 0.1: 0
[Process: PName-pEja72mA, ARGUMENTS-]->PROCESS_FORK->[Process: PName-pEja72mA, ARGUMENTS-aue_fork]: 0.1: 39996566
[Process: PName-procstat, ARGUMENTS-]->FILE_WRITE->[File: PATH-<unknown>]: 0.1: 60001263
[File: PATH-<unknown>]->FILE_READ->[Process: PName-pEja72mA, ARGUMENTS-]: 0.1: 110001128

###############Alert###############
currentTime:1720181559679
AnomalyScore: 0.9973
AlertPath:[Network Connect: Localhost--53.158.101.118:80]->NET_CONNECT->[Process: PName-pEja72mA, ARGUMENTS-]: 0.1: 0
[Process: PName-pEja72mA, ARGUMENTS-]->PROCESS_FORK->[Process: PName-pEja72mA, ARGUMENTS-aue_fork]: 0.1: 39996566
[Process: PName-procstat, ARGUMENTS-]->FILE_WRITE->[File: PATH-<unknown>]: 0.1: 60001263
[File: PATH-<unknown>]->FILE_READ->[Process: PName-pEja72mA, ARGUMENTS-]: 0.1: 110001128

###############Alert###############
currentTime:1720181559681
AnomalyScore: 0.9973
AlertPath:[Network Connect: Localhost--53.158.101.118:80]->NET_CONNECT->[Process: PName-pEja72mA, ARGUMENTS-]: 0.1: 0
[Process: PName-pEja72mA, ARGUMENTS-]->PROCESS_FORK->[Process: PName-pEja72mA, ARGUMENTS-aue_fork]: 0.1: 39996566
[Process: PName-procstat, ARGUMENTS-]->FILE_WRITE->[File: PATH-<unknown>]: 0.1: 60001263
[File: PATH-<unknown>]->FILE_READ->[Process: PName-pEja72mA, ARGUMENTS-]: 0.1: 110001128

###############Alert###############
currentTime:1720181559681
AnomalyScore: 0.9973
AlertPath:[Network Connect: Localhost--53.158.101.118:80]->NET_CONNECT->[Process: PName-pEja72mA, ARGUMENTS-]: 0.1: 0
[Process: PName-pEja72mA, ARGUMENTS-]->PROCESS_FORK->[Process: PName-pEja72mA, ARGUMENTS-aue_fork]: 0.1: 39996566
[Process: PName-procstat, ARGUMENTS-]->FILE_WRITE->[File: PATH-<unknown>]: 0.1: 60001263
[File: PATH-<unknown>]->FILE_READ->[Process: PName-pEja72mA, ARGUMENTS-]: 0.1: 110001128

###############Alert###############
currentTime:1720181559682
AnomalyScore: 0.9973
AlertPath:[Network Connect: Localhost--53.158.101.118:80]->NET_CONNECT->[Process: PName-pEja72mA, ARGUMENTS-]: 0.1: 0
[Process: PName-pEja72mA, ARGUMENTS-]->PROCESS_FORK->[Process: PName-pEja72mA, ARGUMENTS-aue_fork]: 0.1: 39996566
[Process: PName-procstat, ARGUMENTS-]->FILE_WRITE->[File: PATH-<unknown>]: 0.1: 60001263
[File: PATH-<unknown>]->FILE_READ->[Process: PName-pEja72mA, ARGUMENTS-]: 0.1: 110001128

###############Alert###############
currentTime:1720181559683
AnomalyScore: 0.9973
AlertPath:[Network Connect: Localhost--53.158.101.118:80]->NET_CONNECT->[Process: PName-pEja72mA, ARGUMENTS-]: 0.1: 0
[Process: PName-pEja72mA, ARGUMENTS-]->PROCESS_FORK->[Process: PName-pEja72mA, ARGUMENTS-aue_fork]: 0.1: 39996566
[Process: PName-procstat, ARGUMENTS-]->FILE_WRITE->[File: PATH-<unknown>]: 0.1: 60001263
[File: PATH-<unknown>]->FILE_READ->[Process: PName-pEja72mA, ARGUMENTS-]: 0.1: 110001128

###############Alert###############
currentTime:1720181559684
AnomalyScore: 0.9973
AlertPath:[Network Connect: Localhost--53.158.101.118:80]->NET_CONNECT->[Process: PName-pEja72mA, ARGUMENTS-]: 0.1: 0
[Process: PName-pEja72mA, ARGUMENTS-]->PROCESS_FORK->[Process: PName-pEja72mA, ARGUMENTS-aue_fork]: 0.1: 39996566
[Process: PName-procstat, ARGUMENTS-]->FILE_WRITE->[File: PATH-<unknown>]: 0.1: 60001263
[File: PATH-<unknown>]->FILE_READ->[Process: PName-pEja72mA, ARGUMENTS-]: 0.1: 110001128

###############Alert###############
currentTime:1720181559684
AnomalyScore: 0.9973
AlertPath:[Network Connect: Localhost--53.158.101.118:80]->NET_CONNECT->[Process: PName-pEja72mA, ARGUMENTS-]: 0.1: 0
[Process: PName-pEja72mA, ARGUMENTS-]->PROCESS_FORK->[Process: PName-pEja72mA, ARGUMENTS-aue_fork]: 0.1: 39996566
[Process: PName-procstat, ARGUMENTS-]->FILE_WRITE->[File: PATH-<unknown>]: 0.1: 60001263
[File: PATH-<unknown>]->FILE_READ->[Process: PName-pEja72mA, ARGUMENTS-]: 0.1: 110001128

###############Alert###############
currentTime:1720181559686
AnomalyScore: 0.9973
AlertPath:[Network Connect: Localhost--53.158.101.118:80]->NET_CONNECT->[Process: PName-pEja72mA, ARGUMENTS-]: 0.1: 0
[Process: PName-pEja72mA, ARGUMENTS-]->PROCESS_FORK->[Process: PName-pEja72mA, ARGUMENTS-aue_fork]: 0.1: 39996566
[Process: PName-procstat, ARGUMENTS-]->FILE_WRITE->[File: PATH-<unknown>]: 0.1: 60001263
[File: PATH-<unknown>]->FILE_READ->[Process: PName-pEja72mA, ARGUMENTS-]: 0.1: 120002297

###############Alert###############
currentTime:1720181559686
AnomalyScore: 0.9973
AlertPath:[Network Connect: Localhost--53.158.101.118:80]->NET_CONNECT->[Process: PName-pEja72mA, ARGUMENTS-]: 0.1: 0
[Process: PName-pEja72mA, ARGUMENTS-]->PROCESS_FORK->[Process: PName-pEja72mA, ARGUMENTS-aue_fork]: 0.1: 39996566
[Process: PName-procstat, ARGUMENTS-]->FILE_WRITE->[File: PATH-<unknown>]: 0.1: 60001263
[File: PATH-<unknown>]->FILE_READ->[Process: PName-pEja72mA, ARGUMENTS-]: 0.1: 120002297

###############Alert###############
currentTime:1720181559688
AnomalyScore: 0.9973
AlertPath:[Network Connect: Localhost--53.158.101.118:80]->NET_CONNECT->[Process: PName-pEja72mA, ARGUMENTS-]: 0.1: 0
[Process: PName-pEja72mA, ARGUMENTS-]->PROCESS_FORK->[Process: PName-pEja72mA, ARGUMENTS-aue_fork]: 0.1: 39996566
[Process: PName-procstat, ARGUMENTS-]->FILE_WRITE->[File: PATH-<unknown>]: 0.1: 60001263
[File: PATH-<unknown>]->FILE_READ->[Process: PName-pEja72mA, ARGUMENTS-]: 0.1: 120002297

###############Alert###############
currentTime:1720181559688
AnomalyScore: 0.9973
AlertPath:[Network Connect: Localhost--53.158.101.118:80]->NET_CONNECT->[Process: PName-pEja72mA, ARGUMENTS-]: 0.1: 0
[Process: PName-pEja72mA, ARGUMENTS-]->PROCESS_FORK->[Process: PName-pEja72mA, ARGUMENTS-aue_fork]: 0.1: 39996566
[Process: PName-procstat, ARGUMENTS-]->FILE_WRITE->[File: PATH-<unknown>]: 0.1: 60001263
[File: PATH-<unknown>]->FILE_READ->[Process: PName-pEja72mA, ARGUMENTS-]: 0.1: 120002297

###############Alert###############
currentTime:1720181559689
AnomalyScore: 0.9973
AlertPath:[Network Connect: Localhost--53.158.101.118:80]->NET_CONNECT->[Process: PName-pEja72mA, ARGUMENTS-]: 0.1: 0
[Process: PName-pEja72mA, ARGUMENTS-]->PROCESS_FORK->[Process: PName-pEja72mA, ARGUMENTS-aue_fork]: 0.1: 39996566
[Process: PName-procstat, ARGUMENTS-]->FILE_WRITE->[File: PATH-<unknown>]: 0.1: 60001263
[File: PATH-<unknown>]->FILE_READ->[Process: PName-pEja72mA, ARGUMENTS-]: 0.1: 120002297

###############Alert###############
currentTime:1720181559689
AnomalyScore: 0.9973
AlertPath:[Network Connect: Localhost--53.158.101.118:80]->NET_CONNECT->[Process: PName-pEja72mA, ARGUMENTS-]: 0.1: 0
[Process: PName-pEja72mA, ARGUMENTS-]->PROCESS_FORK->[Process: PName-pEja72mA, ARGUMENTS-aue_fork]: 0.1: 39996566
[Process: PName-procstat, ARGUMENTS-]->FILE_WRITE->[File: PATH-<unknown>]: 0.1: 60001263
[File: PATH-<unknown>]->FILE_READ->[Process: PName-pEja72mA, ARGUMENTS-]: 0.1: 120002297

###############Alert###############
currentTime:1720181559691
AnomalyScore: 0.9973
AlertPath:[Network Connect: Localhost--53.158.101.118:80]->NET_CONNECT->[Process: PName-pEja72mA, ARGUMENTS-]: 0.1: 0
[Process: PName-pEja72mA, ARGUMENTS-]->PROCESS_FORK->[Process: PName-pEja72mA, ARGUMENTS-aue_fork]: 0.1: 39996566
[Process: PName-procstat, ARGUMENTS-]->FILE_WRITE->[File: PATH-<unknown>]: 0.1: 60001263
[File: PATH-<unknown>]->FILE_READ->[Process: PName-pEja72mA, ARGUMENTS-]: 0.1: 120002297

###############Alert###############
currentTime:1720181559691
AnomalyScore: 0.9973
AlertPath:[Network Connect: Localhost--53.158.101.118:80]->NET_CONNECT->[Process: PName-pEja72mA, ARGUMENTS-]: 0.1: 0
[Process: PName-pEja72mA, ARGUMENTS-]->PROCESS_FORK->[Process: PName-pEja72mA, ARGUMENTS-aue_fork]: 0.1: 39996566
[Process: PName-procstat, ARGUMENTS-]->FILE_WRITE->[File: PATH-<unknown>]: 0.1: 60001263
[File: PATH-<unknown>]->FILE_READ->[Process: PName-pEja72mA, ARGUMENTS-]: 0.1: 120002297

###############Alert###############
currentTime:1720181559693
AnomalyScore: 0.9973
AlertPath:[Network Connect: Localhost--53.158.101.118:80]->NET_CONNECT->[Process: PName-pEja72mA, ARGUMENTS-]: 0.1: 0
[Process: PName-pEja72mA, ARGUMENTS-]->PROCESS_FORK->[Process: PName-pEja72mA, ARGUMENTS-aue_fork]: 0.1: 39996566
[Process: PName-procstat, ARGUMENTS-]->FILE_WRITE->[File: PATH-<unknown>]: 0.1: 60001263
[File: PATH-<unknown>]->FILE_READ->[Process: PName-pEja72mA, ARGUMENTS-]: 0.1: 120002297

###############Alert###############
currentTime:1720181559693
AnomalyScore: 0.9973
AlertPath:[Network Connect: Localhost--53.158.101.118:80]->NET_CONNECT->[Process: PName-pEja72mA, ARGUMENTS-]: 0.1: 0
[Process: PName-pEja72mA, ARGUMENTS-]->PROCESS_FORK->[Process: PName-pEja72mA, ARGUMENTS-aue_fork]: 0.1: 39996566
[Process: PName-procstat, ARGUMENTS-]->FILE_WRITE->[File: PATH-<unknown>]: 0.1: 60001263
[File: PATH-<unknown>]->FILE_READ->[Process: PName-pEja72mA, ARGUMENTS-]: 0.1: 120002297

###############Alert###############
currentTime:1720181559695
AnomalyScore: 0.9973
AlertPath:[Network Connect: Localhost--53.158.101.118:80]->NET_CONNECT->[Process: PName-pEja72mA, ARGUMENTS-]: 0.1: 0
[Process: PName-pEja72mA, ARGUMENTS-]->PROCESS_FORK->[Process: PName-pEja72mA, ARGUMENTS-aue_fork]: 0.1: 39996566
[Process: PName-procstat, ARGUMENTS-]->FILE_WRITE->[File: PATH-<unknown>]: 0.1: 60001263
[File: PATH-<unknown>]->FILE_READ->[Process: PName-pEja72mA, ARGUMENTS-]: 0.1: 120002297

###############Alert###############
currentTime:1720181559695
AnomalyScore: 0.9973
AlertPath:[Network Connect: Localhost--53.158.101.118:80]->NET_CONNECT->[Process: PName-pEja72mA, ARGUMENTS-]: 0.1: 0
[Process: PName-pEja72mA, ARGUMENTS-]->PROCESS_FORK->[Process: PName-pEja72mA, ARGUMENTS-aue_fork]: 0.1: 39996566
[Process: PName-procstat, ARGUMENTS-]->FILE_WRITE->[File: PATH-<unknown>]: 0.1: 60001263
[File: PATH-<unknown>]->FILE_READ->[Process: PName-pEja72mA, ARGUMENTS-]: 0.1: 120002297

###############Alert###############
currentTime:1720181559697
AnomalyScore: 0.9973
AlertPath:[Network Connect: Localhost--53.158.101.118:80]->NET_CONNECT->[Process: PName-pEja72mA, ARGUMENTS-]: 0.1: 0
[Process: PName-pEja72mA, ARGUMENTS-]->PROCESS_FORK->[Process: PName-pEja72mA, ARGUMENTS-aue_fork]: 0.1: 39996566
[Process: PName-procstat, ARGUMENTS-]->FILE_WRITE->[File: PATH-<unknown>]: 0.1: 60001263
[File: PATH-<unknown>]->FILE_READ->[Process: PName-pEja72mA, ARGUMENTS-]: 0.1: 130000636

###############Alert###############
currentTime:1720181559697
AnomalyScore: 0.9973
AlertPath:[Network Connect: Localhost--53.158.101.118:80]->NET_CONNECT->[Process: PName-pEja72mA, ARGUMENTS-]: 0.1: 0
[Process: PName-pEja72mA, ARGUMENTS-]->PROCESS_FORK->[Process: PName-pEja72mA, ARGUMENTS-aue_fork]: 0.1: 39996566
[Process: PName-procstat, ARGUMENTS-]->FILE_WRITE->[File: PATH-<unknown>]: 0.1: 60001263
[File: PATH-<unknown>]->FILE_READ->[Process: PName-pEja72mA, ARGUMENTS-]: 0.1: 130000636

###############Alert###############
currentTime:1720181559698
AnomalyScore: 0.9973
AlertPath:[Network Connect: Localhost--53.158.101.118:80]->NET_CONNECT->[Process: PName-pEja72mA, ARGUMENTS-]: 0.1: 0
[Process: PName-pEja72mA, ARGUMENTS-]->PROCESS_FORK->[Process: PName-pEja72mA, ARGUMENTS-aue_fork]: 0.1: 39996566
[Process: PName-procstat, ARGUMENTS-]->FILE_WRITE->[File: PATH-<unknown>]: 0.1: 60001263
[File: PATH-<unknown>]->FILE_READ->[Process: PName-pEja72mA, ARGUMENTS-]: 0.1: 130000636

###############Alert###############
currentTime:1720181559699
AnomalyScore: 0.9973
AlertPath:[Network Connect: Localhost--53.158.101.118:80]->NET_CONNECT->[Process: PName-pEja72mA, ARGUMENTS-]: 0.1: 0
[Process: PName-pEja72mA, ARGUMENTS-]->PROCESS_FORK->[Process: PName-pEja72mA, ARGUMENTS-aue_fork]: 0.1: 39996566
[Process: PName-procstat, ARGUMENTS-]->FILE_WRITE->[File: PATH-<unknown>]: 0.1: 60001263
[File: PATH-<unknown>]->FILE_READ->[Process: PName-pEja72mA, ARGUMENTS-]: 0.1: 130000636

###############Alert###############
currentTime:1720181559700
AnomalyScore: 0.9973
AlertPath:[Network Connect: Localhost--53.158.101.118:80]->NET_CONNECT->[Process: PName-pEja72mA, ARGUMENTS-]: 0.1: 0
[Process: PName-pEja72mA, ARGUMENTS-]->PROCESS_FORK->[Process: PName-pEja72mA, ARGUMENTS-aue_fork]: 0.1: 39996566
[Process: PName-procstat, ARGUMENTS-]->FILE_WRITE->[File: PATH-<unknown>]: 0.1: 60001263
[File: PATH-<unknown>]->FILE_READ->[Process: PName-pEja72mA, ARGUMENTS-]: 0.1: 130000636

###############Alert###############
currentTime:1720181559700
AnomalyScore: 0.9973
AlertPath:[Network Connect: Localhost--53.158.101.118:80]->NET_CONNECT->[Process: PName-pEja72mA, ARGUMENTS-]: 0.1: 0
[Process: PName-pEja72mA, ARGUMENTS-]->PROCESS_FORK->[Process: PName-pEja72mA, ARGUMENTS-aue_fork]: 0.1: 39996566
[Process: PName-procstat, ARGUMENTS-]->FILE_WRITE->[File: PATH-<unknown>]: 0.1: 60001263
[File: PATH-<unknown>]->FILE_READ->[Process: PName-pEja72mA, ARGUMENTS-]: 0.1: 130000636

###############Alert###############
currentTime:1720181559702
AnomalyScore: 0.9973
AlertPath:[Network Connect: Localhost--53.158.101.118:80]->NET_CONNECT->[Process: PName-pEja72mA, ARGUMENTS-]: 0.1: 0
[Process: PName-pEja72mA, ARGUMENTS-]->PROCESS_FORK->[Process: PName-pEja72mA, ARGUMENTS-aue_fork]: 0.1: 39996566
[Process: PName-procstat, ARGUMENTS-]->FILE_WRITE->[File: PATH-<unknown>]: 0.1: 60001263
[File: PATH-<unknown>]->FILE_READ->[Process: PName-pEja72mA, ARGUMENTS-]: 0.1: 130000636

###############Alert###############
currentTime:1720181559702
AnomalyScore: 0.9973
AlertPath:[Network Connect: Localhost--53.158.101.118:80]->NET_CONNECT->[Process: PName-pEja72mA, ARGUMENTS-]: 0.1: 0
[Process: PName-pEja72mA, ARGUMENTS-]->PROCESS_FORK->[Process: PName-pEja72mA, ARGUMENTS-aue_fork]: 0.1: 39996566
[Process: PName-procstat, ARGUMENTS-]->FILE_WRITE->[File: PATH-<unknown>]: 0.1: 60001263
[File: PATH-<unknown>]->FILE_READ->[Process: PName-pEja72mA, ARGUMENTS-]: 0.1: 130000636

###############Alert###############
currentTime:1720181559704
AnomalyScore: 0.9973
AlertPath:[Network Connect: Localhost--53.158.101.118:80]->NET_CONNECT->[Process: PName-pEja72mA, ARGUMENTS-]: 0.1: 0
[Process: PName-pEja72mA, ARGUMENTS-]->PROCESS_FORK->[Process: PName-pEja72mA, ARGUMENTS-aue_fork]: 0.1: 39996566
[Process: PName-procstat, ARGUMENTS-]->FILE_WRITE->[File: PATH-<unknown>]: 0.1: 60001263
[File: PATH-<unknown>]->FILE_READ->[Process: PName-pEja72mA, ARGUMENTS-]: 0.1: 130000636

###############Alert###############
currentTime:1720181559704
AnomalyScore: 0.9973
AlertPath:[Network Connect: Localhost--53.158.101.118:80]->NET_CONNECT->[Process: PName-pEja72mA, ARGUMENTS-]: 0.1: 0
[Process: PName-pEja72mA, ARGUMENTS-]->PROCESS_FORK->[Process: PName-pEja72mA, ARGUMENTS-aue_fork]: 0.1: 39996566
[Process: PName-procstat, ARGUMENTS-]->FILE_WRITE->[File: PATH-<unknown>]: 0.1: 60001263
[File: PATH-<unknown>]->FILE_READ->[Process: PName-pEja72mA, ARGUMENTS-]: 0.1: 130000636

###############Alert###############
currentTime:1720181559705
AnomalyScore: 0.9973
AlertPath:[Network Connect: Localhost--53.158.101.118:80]->NET_CONNECT->[Process: PName-pEja72mA, ARGUMENTS-]: 0.1: 0
[Process: PName-pEja72mA, ARGUMENTS-]->PROCESS_FORK->[Process: PName-pEja72mA, ARGUMENTS-aue_fork]: 0.1: 39996566
[Process: PName-procstat, ARGUMENTS-]->FILE_WRITE->[File: PATH-<unknown>]: 0.1: 60001263
[File: PATH-<unknown>]->FILE_READ->[Process: PName-pEja72mA, ARGUMENTS-]: 0.1: 130000636

###############Alert###############
currentTime:1720181559706
AnomalyScore: 0.9973
AlertPath:[Network Connect: Localhost--53.158.101.118:80]->NET_CONNECT->[Process: PName-pEja72mA, ARGUMENTS-]: 0.1: 0
[Process: PName-pEja72mA, ARGUMENTS-]->PROCESS_FORK->[Process: PName-pEja72mA, ARGUMENTS-aue_fork]: 0.1: 39996566
[Process: PName-procstat, ARGUMENTS-]->FILE_WRITE->[File: PATH-<unknown>]: 0.1: 60001263
[File: PATH-<unknown>]->FILE_READ->[Process: PName-pEja72mA, ARGUMENTS-]: 0.1: 130000636

###############Alert###############
currentTime:1720181559707
AnomalyScore: 0.9973
AlertPath:[Network Connect: Localhost--53.158.101.118:80]->NET_CONNECT->[Process: PName-pEja72mA, ARGUMENTS-]: 0.1: 0
[Process: PName-pEja72mA, ARGUMENTS-]->PROCESS_FORK->[Process: PName-pEja72mA, ARGUMENTS-aue_fork]: 0.1: 39996566
[Process: PName-procstat, ARGUMENTS-]->FILE_WRITE->[File: PATH-<unknown>]: 0.1: 60001263
[File: PATH-<unknown>]->FILE_READ->[Process: PName-pEja72mA, ARGUMENTS-]: 0.1: 130000636

###############Alert###############
currentTime:1720181559707
AnomalyScore: 0.9973
AlertPath:[Network Connect: Localhost--53.158.101.118:80]->NET_CONNECT->[Process: PName-pEja72mA, ARGUMENTS-]: 0.1: 0
[Process: PName-pEja72mA, ARGUMENTS-]->PROCESS_FORK->[Process: PName-pEja72mA, ARGUMENTS-aue_fork]: 0.1: 39996566
[Process: PName-procstat, ARGUMENTS-]->FILE_WRITE->[File: PATH-<unknown>]: 0.1: 60001263
[File: PATH-<unknown>]->FILE_READ->[Process: PName-pEja72mA, ARGUMENTS-]: 0.1: 130000636

###############Alert###############
currentTime:1720181559709
AnomalyScore: 0.9973
AlertPath:[Network Connect: Localhost--53.158.101.118:80]->NET_CONNECT->[Process: PName-pEja72mA, ARGUMENTS-]: 0.1: 0
[Process: PName-pEja72mA, ARGUMENTS-]->PROCESS_FORK->[Process: PName-pEja72mA, ARGUMENTS-aue_fork]: 0.1: 39996566
[Process: PName-procstat, ARGUMENTS-]->FILE_WRITE->[File: PATH-<unknown>]: 0.1: 60001263
[File: PATH-<unknown>]->FILE_READ->[Process: PName-pEja72mA, ARGUMENTS-]: 0.1: 140002715

###############Alert###############
currentTime:1720181559709
AnomalyScore: 0.9973
AlertPath:[Network Connect: Localhost--53.158.101.118:80]->NET_CONNECT->[Process: PName-pEja72mA, ARGUMENTS-]: 0.1: 0
[Process: PName-pEja72mA, ARGUMENTS-]->PROCESS_FORK->[Process: PName-pEja72mA, ARGUMENTS-aue_fork]: 0.1: 39996566
[Process: PName-procstat, ARGUMENTS-]->FILE_WRITE->[File: PATH-<unknown>]: 0.1: 60001263
[File: PATH-<unknown>]->FILE_READ->[Process: PName-pEja72mA, ARGUMENTS-]: 0.1: 140002715

###############Alert###############
currentTime:1720181559711
AnomalyScore: 0.9973
AlertPath:[Network Connect: Localhost--53.158.101.118:80]->NET_CONNECT->[Process: PName-pEja72mA, ARGUMENTS-]: 0.1: 0
[Process: PName-pEja72mA, ARGUMENTS-]->PROCESS_FORK->[Process: PName-pEja72mA, ARGUMENTS-aue_fork]: 0.1: 39996566
[Process: PName-procstat, ARGUMENTS-]->FILE_WRITE->[File: PATH-<unknown>]: 0.1: 60001263
[File: PATH-<unknown>]->FILE_READ->[Process: PName-pEja72mA, ARGUMENTS-]: 0.1: 140002715

###############Alert###############
currentTime:1720181559711
AnomalyScore: 0.9973
AlertPath:[Network Connect: Localhost--53.158.101.118:80]->NET_CONNECT->[Process: PName-pEja72mA, ARGUMENTS-]: 0.1: 0
[Process: PName-pEja72mA, ARGUMENTS-]->PROCESS_FORK->[Process: PName-pEja72mA, ARGUMENTS-aue_fork]: 0.1: 39996566
[Process: PName-procstat, ARGUMENTS-]->FILE_WRITE->[File: PATH-<unknown>]: 0.1: 60001263
[File: PATH-<unknown>]->FILE_READ->[Process: PName-pEja72mA, ARGUMENTS-]: 0.1: 140002715

###############Alert###############
currentTime:1720181559712
AnomalyScore: 0.9973
AlertPath:[Network Connect: Localhost--53.158.101.118:80]->NET_CONNECT->[Process: PName-pEja72mA, ARGUMENTS-]: 0.1: 0
[Process: PName-pEja72mA, ARGUMENTS-]->PROCESS_FORK->[Process: PName-pEja72mA, ARGUMENTS-aue_fork]: 0.1: 39996566
[Process: PName-procstat, ARGUMENTS-]->FILE_WRITE->[File: PATH-<unknown>]: 0.1: 60001263
[File: PATH-<unknown>]->FILE_READ->[Process: PName-pEja72mA, ARGUMENTS-]: 0.1: 140002715

###############Alert###############
currentTime:1720181559713
AnomalyScore: 0.9973
AlertPath:[Network Connect: Localhost--53.158.101.118:80]->NET_CONNECT->[Process: PName-pEja72mA, ARGUMENTS-]: 0.1: 0
[Process: PName-pEja72mA, ARGUMENTS-]->PROCESS_FORK->[Process: PName-pEja72mA, ARGUMENTS-aue_fork]: 0.1: 39996566
[Process: PName-procstat, ARGUMENTS-]->FILE_WRITE->[File: PATH-<unknown>]: 0.1: 60001263
[File: PATH-<unknown>]->FILE_READ->[Process: PName-pEja72mA, ARGUMENTS-]: 0.1: 140002715

###############Alert###############
currentTime:1720181559714
AnomalyScore: 0.9973
AlertPath:[Network Connect: Localhost--53.158.101.118:80]->NET_CONNECT->[Process: PName-pEja72mA, ARGUMENTS-]: 0.1: 0
[Process: PName-pEja72mA, ARGUMENTS-]->PROCESS_FORK->[Process: PName-pEja72mA, ARGUMENTS-aue_fork]: 0.1: 39996566
[Process: PName-procstat, ARGUMENTS-]->FILE_WRITE->[File: PATH-<unknown>]: 0.1: 60001263
[File: PATH-<unknown>]->FILE_READ->[Process: PName-pEja72mA, ARGUMENTS-]: 0.1: 140002715

###############Alert###############
currentTime:1720181559714
AnomalyScore: 0.9973
AlertPath:[Network Connect: Localhost--53.158.101.118:80]->NET_CONNECT->[Process: PName-pEja72mA, ARGUMENTS-]: 0.1: 0
[Process: PName-pEja72mA, ARGUMENTS-]->PROCESS_FORK->[Process: PName-pEja72mA, ARGUMENTS-aue_fork]: 0.1: 39996566
[Process: PName-procstat, ARGUMENTS-]->FILE_WRITE->[File: PATH-<unknown>]: 0.1: 60001263
[File: PATH-<unknown>]->FILE_READ->[Process: PName-pEja72mA, ARGUMENTS-]: 0.1: 140002715

###############Alert###############
currentTime:1720181559716
AnomalyScore: 0.9973
AlertPath:[Network Connect: Localhost--53.158.101.118:80]->NET_CONNECT->[Process: PName-pEja72mA, ARGUMENTS-]: 0.1: 0
[Process: PName-pEja72mA, ARGUMENTS-]->PROCESS_FORK->[Process: PName-pEja72mA, ARGUMENTS-aue_fork]: 0.1: 39996566
[Process: PName-procstat, ARGUMENTS-]->FILE_WRITE->[File: PATH-<unknown>]: 0.1: 60001263
[File: PATH-<unknown>]->FILE_READ->[Process: PName-pEja72mA, ARGUMENTS-]: 0.1: 140002715

###############Alert###############
currentTime:1720181559716
AnomalyScore: 0.9973
AlertPath:[Network Connect: Localhost--53.158.101.118:80]->NET_CONNECT->[Process: PName-pEja72mA, ARGUMENTS-]: 0.1: 0
[Process: PName-pEja72mA, ARGUMENTS-]->PROCESS_FORK->[Process: PName-pEja72mA, ARGUMENTS-aue_fork]: 0.1: 39996566
[Process: PName-procstat, ARGUMENTS-]->FILE_WRITE->[File: PATH-<unknown>]: 0.1: 60001263
[File: PATH-<unknown>]->FILE_READ->[Process: PName-pEja72mA, ARGUMENTS-]: 0.1: 140002715

###############Alert###############
currentTime:1720181559718
AnomalyScore: 0.9973
AlertPath:[Network Connect: Localhost--53.158.101.118:80]->NET_CONNECT->[Process: PName-pEja72mA, ARGUMENTS-]: 0.1: 0
[Process: PName-pEja72mA, ARGUMENTS-]->PROCESS_FORK->[Process: PName-pEja72mA, ARGUMENTS-aue_fork]: 0.1: 39996566
[Process: PName-procstat, ARGUMENTS-]->FILE_WRITE->[File: PATH-<unknown>]: 0.1: 60001263
[File: PATH-<unknown>]->FILE_READ->[Process: PName-pEja72mA, ARGUMENTS-]: 0.1: 140002715

###############Alert###############
currentTime:1720181559718
AnomalyScore: 0.9973
AlertPath:[Network Connect: Localhost--53.158.101.118:80]->NET_CONNECT->[Process: PName-pEja72mA, ARGUMENTS-]: 0.1: 0
[Process: PName-pEja72mA, ARGUMENTS-]->PROCESS_FORK->[Process: PName-pEja72mA, ARGUMENTS-aue_fork]: 0.1: 39996566
[Process: PName-procstat, ARGUMENTS-]->FILE_WRITE->[File: PATH-<unknown>]: 0.1: 60001263
[File: PATH-<unknown>]->FILE_READ->[Process: PName-pEja72mA, ARGUMENTS-]: 0.1: 140002715

###############Alert###############
currentTime:1720181559720
AnomalyScore: 0.9973
AlertPath:[Network Connect: Localhost--53.158.101.118:80]->NET_CONNECT->[Process: PName-pEja72mA, ARGUMENTS-]: 0.1: 0
[Process: PName-pEja72mA, ARGUMENTS-]->PROCESS_FORK->[Process: PName-pEja72mA, ARGUMENTS-aue_fork]: 0.1: 39996566
[Process: PName-procstat, ARGUMENTS-]->FILE_WRITE->[File: PATH-<unknown>]: 0.1: 60001263
[File: PATH-<unknown>]->FILE_READ->[Process: PName-pEja72mA, ARGUMENTS-]: 0.1: 150000874

###############Alert###############
currentTime:1720181559720
AnomalyScore: 0.9973
AlertPath:[Network Connect: Localhost--53.158.101.118:80]->NET_CONNECT->[Process: PName-pEja72mA, ARGUMENTS-]: 0.1: 0
[Process: PName-pEja72mA, ARGUMENTS-]->PROCESS_FORK->[Process: PName-pEja72mA, ARGUMENTS-aue_fork]: 0.1: 39996566
[Process: PName-procstat, ARGUMENTS-]->FILE_WRITE->[File: PATH-<unknown>]: 0.1: 60001263
[File: PATH-<unknown>]->FILE_READ->[Process: PName-pEja72mA, ARGUMENTS-]: 0.1: 150000874

###############Alert###############
currentTime:1720181559721
AnomalyScore: 0.9973
AlertPath:[Network Connect: Localhost--53.158.101.118:80]->NET_CONNECT->[Process: PName-pEja72mA, ARGUMENTS-]: 0.1: 0
[Process: PName-pEja72mA, ARGUMENTS-]->PROCESS_FORK->[Process: PName-pEja72mA, ARGUMENTS-aue_fork]: 0.1: 39996566
[Process: PName-procstat, ARGUMENTS-]->FILE_WRITE->[File: PATH-<unknown>]: 0.1: 60001263
[File: PATH-<unknown>]->FILE_READ->[Process: PName-pEja72mA, ARGUMENTS-]: 0.1: 150000874

###############Alert###############
currentTime:1720181559721
AnomalyScore: 0.9973
AlertPath:[Network Connect: Localhost--53.158.101.118:80]->NET_CONNECT->[Process: PName-pEja72mA, ARGUMENTS-]: 0.1: 0
[Process: PName-pEja72mA, ARGUMENTS-]->PROCESS_FORK->[Process: PName-pEja72mA, ARGUMENTS-aue_fork]: 0.1: 39996566
[Process: PName-procstat, ARGUMENTS-]->FILE_WRITE->[File: PATH-<unknown>]: 0.1: 60001263
[File: PATH-<unknown>]->FILE_READ->[Process: PName-pEja72mA, ARGUMENTS-]: 0.1: 150000874

###############Alert###############
currentTime:1720181559723
AnomalyScore: 0.9973
AlertPath:[Network Connect: Localhost--53.158.101.118:80]->NET_CONNECT->[Process: PName-pEja72mA, ARGUMENTS-]: 0.1: 0
[Process: PName-pEja72mA, ARGUMENTS-]->PROCESS_FORK->[Process: PName-pEja72mA, ARGUMENTS-aue_fork]: 0.1: 39996566
[Process: PName-procstat, ARGUMENTS-]->FILE_WRITE->[File: PATH-<unknown>]: 0.1: 60001263
[File: PATH-<unknown>]->FILE_READ->[Process: PName-pEja72mA, ARGUMENTS-]: 0.1: 150000874

###############Alert###############
currentTime:1720181559723
AnomalyScore: 0.9973
AlertPath:[Network Connect: Localhost--53.158.101.118:80]->NET_CONNECT->[Process: PName-pEja72mA, ARGUMENTS-]: 0.1: 0
[Process: PName-pEja72mA, ARGUMENTS-]->PROCESS_FORK->[Process: PName-pEja72mA, ARGUMENTS-aue_fork]: 0.1: 39996566
[Process: PName-procstat, ARGUMENTS-]->FILE_WRITE->[File: PATH-<unknown>]: 0.1: 60001263
[File: PATH-<unknown>]->FILE_READ->[Process: PName-pEja72mA, ARGUMENTS-]: 0.1: 150000874

###############Alert###############
currentTime:1720181559725
AnomalyScore: 0.9973
AlertPath:[Network Connect: Localhost--53.158.101.118:80]->NET_CONNECT->[Process: PName-pEja72mA, ARGUMENTS-]: 0.1: 0
[Process: PName-pEja72mA, ARGUMENTS-]->PROCESS_FORK->[Process: PName-pEja72mA, ARGUMENTS-aue_fork]: 0.1: 39996566
[Process: PName-procstat, ARGUMENTS-]->FILE_WRITE->[File: PATH-<unknown>]: 0.1: 60001263
[File: PATH-<unknown>]->FILE_READ->[Process: PName-pEja72mA, ARGUMENTS-]: 0.1: 150000874

###############Alert###############
currentTime:1720181559725
AnomalyScore: 0.9973
AlertPath:[Network Connect: Localhost--53.158.101.118:80]->NET_CONNECT->[Process: PName-pEja72mA, ARGUMENTS-]: 0.1: 0
[Process: PName-pEja72mA, ARGUMENTS-]->PROCESS_FORK->[Process: PName-pEja72mA, ARGUMENTS-aue_fork]: 0.1: 39996566
[Process: PName-procstat, ARGUMENTS-]->FILE_WRITE->[File: PATH-<unknown>]: 0.1: 60001263
[File: PATH-<unknown>]->FILE_READ->[Process: PName-pEja72mA, ARGUMENTS-]: 0.1: 150000874

###############Alert###############
currentTime:1720181559727
AnomalyScore: 0.9973
AlertPath:[Network Connect: Localhost--53.158.101.118:80]->NET_CONNECT->[Process: PName-pEja72mA, ARGUMENTS-]: 0.1: 0
[Process: PName-pEja72mA, ARGUMENTS-]->PROCESS_FORK->[Process: PName-pEja72mA, ARGUMENTS-aue_fork]: 0.1: 39996566
[Process: PName-procstat, ARGUMENTS-]->FILE_WRITE->[File: PATH-<unknown>]: 0.1: 60001263
[File: PATH-<unknown>]->FILE_READ->[Process: PName-pEja72mA, ARGUMENTS-]: 0.1: 150000874

###############Alert###############
currentTime:1720181559727
AnomalyScore: 0.9973
AlertPath:[Network Connect: Localhost--53.158.101.118:80]->NET_CONNECT->[Process: PName-pEja72mA, ARGUMENTS-]: 0.1: 0
[Process: PName-pEja72mA, ARGUMENTS-]->PROCESS_FORK->[Process: PName-pEja72mA, ARGUMENTS-aue_fork]: 0.1: 39996566
[Process: PName-procstat, ARGUMENTS-]->FILE_WRITE->[File: PATH-<unknown>]: 0.1: 60001263
[File: PATH-<unknown>]->FILE_READ->[Process: PName-pEja72mA, ARGUMENTS-]: 0.1: 150000874

###############Alert###############
currentTime:1720181559729
AnomalyScore: 0.9973
AlertPath:[Network Connect: Localhost--53.158.101.118:80]->NET_CONNECT->[Process: PName-pEja72mA, ARGUMENTS-]: 0.1: 0
[Process: PName-pEja72mA, ARGUMENTS-]->PROCESS_FORK->[Process: PName-pEja72mA, ARGUMENTS-aue_fork]: 0.1: 39996566
[Process: PName-procstat, ARGUMENTS-]->FILE_WRITE->[File: PATH-<unknown>]: 0.1: 60001263
[File: PATH-<unknown>]->FILE_READ->[Process: PName-pEja72mA, ARGUMENTS-]: 0.1: 150000874

###############Alert###############
currentTime:1720181559729
AnomalyScore: 0.9973
AlertPath:[Network Connect: Localhost--53.158.101.118:80]->NET_CONNECT->[Process: PName-pEja72mA, ARGUMENTS-]: 0.1: 0
[Process: PName-pEja72mA, ARGUMENTS-]->PROCESS_FORK->[Process: PName-pEja72mA, ARGUMENTS-aue_fork]: 0.1: 39996566
[Process: PName-procstat, ARGUMENTS-]->FILE_WRITE->[File: PATH-<unknown>]: 0.1: 60001263
[File: PATH-<unknown>]->FILE_READ->[Process: PName-pEja72mA, ARGUMENTS-]: 0.1: 150000874

###############Alert###############
currentTime:1720181559731
AnomalyScore: 0.9973
AlertPath:[Network Connect: Localhost--53.158.101.118:80]->NET_CONNECT->[Process: PName-pEja72mA, ARGUMENTS-]: 0.1: 0
[Process: PName-pEja72mA, ARGUMENTS-]->PROCESS_FORK->[Process: PName-pEja72mA, ARGUMENTS-aue_fork]: 0.1: 39996566
[Process: PName-procstat, ARGUMENTS-]->FILE_WRITE->[File: PATH-<unknown>]: 0.1: 60001263
[File: PATH-<unknown>]->FILE_READ->[Process: PName-pEja72mA, ARGUMENTS-]: 0.1: 150000874

###############Alert###############
currentTime:1720181559731
AnomalyScore: 0.9973
AlertPath:[Network Connect: Localhost--53.158.101.118:80]->NET_CONNECT->[Process: PName-pEja72mA, ARGUMENTS-]: 0.1: 0
[Process: PName-pEja72mA, ARGUMENTS-]->PROCESS_FORK->[Process: PName-pEja72mA, ARGUMENTS-aue_fork]: 0.1: 39996566
[Process: PName-procstat, ARGUMENTS-]->FILE_WRITE->[File: PATH-<unknown>]: 0.1: 60001263
[File: PATH-<unknown>]->FILE_READ->[Process: PName-pEja72mA, ARGUMENTS-]: 0.1: 160000273

###############Alert###############
currentTime:1720181559733
AnomalyScore: 0.9973
AlertPath:[Network Connect: Localhost--53.158.101.118:80]->NET_CONNECT->[Process: PName-pEja72mA, ARGUMENTS-]: 0.1: 0
[Process: PName-pEja72mA, ARGUMENTS-]->PROCESS_FORK->[Process: PName-pEja72mA, ARGUMENTS-aue_fork]: 0.1: 39996566
[Process: PName-procstat, ARGUMENTS-]->FILE_WRITE->[File: PATH-<unknown>]: 0.1: 60001263
[File: PATH-<unknown>]->FILE_READ->[Process: PName-pEja72mA, ARGUMENTS-]: 0.1: 160000273

###############Alert###############
currentTime:1720181559733
AnomalyScore: 0.9973
AlertPath:[Network Connect: Localhost--53.158.101.118:80]->NET_CONNECT->[Process: PName-pEja72mA, ARGUMENTS-]: 0.1: 0
[Process: PName-pEja72mA, ARGUMENTS-]->PROCESS_FORK->[Process: PName-pEja72mA, ARGUMENTS-aue_fork]: 0.1: 39996566
[Process: PName-procstat, ARGUMENTS-]->FILE_WRITE->[File: PATH-<unknown>]: 0.1: 60001263
[File: PATH-<unknown>]->FILE_READ->[Process: PName-pEja72mA, ARGUMENTS-]: 0.1: 160000273

###############Alert###############
currentTime:1720181559734
AnomalyScore: 0.9973
AlertPath:[Network Connect: Localhost--53.158.101.118:80]->NET_CONNECT->[Process: PName-pEja72mA, ARGUMENTS-]: 0.1: 0
[Process: PName-pEja72mA, ARGUMENTS-]->PROCESS_FORK->[Process: PName-pEja72mA, ARGUMENTS-aue_fork]: 0.1: 39996566
[Process: PName-procstat, ARGUMENTS-]->FILE_WRITE->[File: PATH-<unknown>]: 0.1: 60001263
[File: PATH-<unknown>]->FILE_READ->[Process: PName-pEja72mA, ARGUMENTS-]: 0.1: 160000273

###############Alert###############
currentTime:1720181559735
AnomalyScore: 0.9973
AlertPath:[Network Connect: Localhost--53.158.101.118:80]->NET_CONNECT->[Process: PName-pEja72mA, ARGUMENTS-]: 0.1: 0
[Process: PName-pEja72mA, ARGUMENTS-]->PROCESS_FORK->[Process: PName-pEja72mA, ARGUMENTS-aue_fork]: 0.1: 39996566
[Process: PName-procstat, ARGUMENTS-]->FILE_WRITE->[File: PATH-<unknown>]: 0.1: 60001263
[File: PATH-<unknown>]->FILE_READ->[Process: PName-pEja72mA, ARGUMENTS-]: 0.1: 160000273

###############Alert###############
currentTime:1720181559736
AnomalyScore: 0.9973
AlertPath:[Network Connect: Localhost--53.158.101.118:80]->NET_CONNECT->[Process: PName-pEja72mA, ARGUMENTS-]: 0.1: 0
[Process: PName-pEja72mA, ARGUMENTS-]->PROCESS_FORK->[Process: PName-pEja72mA, ARGUMENTS-aue_fork]: 0.1: 39996566
[Process: PName-procstat, ARGUMENTS-]->FILE_WRITE->[File: PATH-<unknown>]: 0.1: 60001263
[File: PATH-<unknown>]->FILE_READ->[Process: PName-pEja72mA, ARGUMENTS-]: 0.1: 160000273

###############Alert###############
currentTime:1720181559736
AnomalyScore: 0.9973
AlertPath:[Network Connect: Localhost--53.158.101.118:80]->NET_CONNECT->[Process: PName-pEja72mA, ARGUMENTS-]: 0.1: 0
[Process: PName-pEja72mA, ARGUMENTS-]->PROCESS_FORK->[Process: PName-pEja72mA, ARGUMENTS-aue_fork]: 0.1: 39996566
[Process: PName-procstat, ARGUMENTS-]->FILE_WRITE->[File: PATH-<unknown>]: 0.1: 60001263
[File: PATH-<unknown>]->FILE_READ->[Process: PName-pEja72mA, ARGUMENTS-]: 0.1: 160000273

###############Alert###############
currentTime:1720181559738
AnomalyScore: 0.9973
AlertPath:[Network Connect: Localhost--53.158.101.118:80]->NET_CONNECT->[Process: PName-pEja72mA, ARGUMENTS-]: 0.1: 0
[Process: PName-pEja72mA, ARGUMENTS-]->PROCESS_FORK->[Process: PName-pEja72mA, ARGUMENTS-aue_fork]: 0.1: 39996566
[Process: PName-procstat, ARGUMENTS-]->FILE_WRITE->[File: PATH-<unknown>]: 0.1: 60001263
[File: PATH-<unknown>]->FILE_READ->[Process: PName-pEja72mA, ARGUMENTS-]: 0.1: 160000273

###############Alert###############
currentTime:1720181559738
AnomalyScore: 0.9973
AlertPath:[Network Connect: Localhost--53.158.101.118:80]->NET_CONNECT->[Process: PName-pEja72mA, ARGUMENTS-]: 0.1: 0
[Process: PName-pEja72mA, ARGUMENTS-]->PROCESS_FORK->[Process: PName-pEja72mA, ARGUMENTS-aue_fork]: 0.1: 39996566
[Process: PName-procstat, ARGUMENTS-]->FILE_WRITE->[File: PATH-<unknown>]: 0.1: 60001263
[File: PATH-<unknown>]->FILE_READ->[Process: PName-pEja72mA, ARGUMENTS-]: 0.1: 160000273

###############Alert###############
currentTime:1720181559739
AnomalyScore: 0.9973
AlertPath:[Network Connect: Localhost--53.158.101.118:80]->NET_CONNECT->[Process: PName-pEja72mA, ARGUMENTS-]: 0.1: 0
[Process: PName-pEja72mA, ARGUMENTS-]->PROCESS_FORK->[Process: PName-pEja72mA, ARGUMENTS-aue_fork]: 0.1: 39996566
[Process: PName-procstat, ARGUMENTS-]->FILE_WRITE->[File: PATH-<unknown>]: 0.1: 60001263
[File: PATH-<unknown>]->FILE_READ->[Process: PName-pEja72mA, ARGUMENTS-]: 0.1: 160000273

###############Alert###############
currentTime:1720181559740
AnomalyScore: 0.9973
AlertPath:[Network Connect: Localhost--53.158.101.118:80]->NET_CONNECT->[Process: PName-pEja72mA, ARGUMENTS-]: 0.1: 0
[Process: PName-pEja72mA, ARGUMENTS-]->PROCESS_FORK->[Process: PName-pEja72mA, ARGUMENTS-aue_fork]: 0.1: 39996566
[Process: PName-procstat, ARGUMENTS-]->FILE_WRITE->[File: PATH-<unknown>]: 0.1: 60001263
[File: PATH-<unknown>]->FILE_READ->[Process: PName-pEja72mA, ARGUMENTS-]: 0.1: 160000273

###############Alert###############
currentTime:1720181559741
AnomalyScore: 0.9973
AlertPath:[Network Connect: Localhost--53.158.101.118:80]->NET_CONNECT->[Process: PName-pEja72mA, ARGUMENTS-]: 0.1: 0
[Process: PName-pEja72mA, ARGUMENTS-]->PROCESS_FORK->[Process: PName-pEja72mA, ARGUMENTS-aue_fork]: 0.1: 39996566
[Process: PName-procstat, ARGUMENTS-]->FILE_WRITE->[File: PATH-<unknown>]: 0.1: 60001263
[File: PATH-<unknown>]->FILE_READ->[Process: PName-pEja72mA, ARGUMENTS-]: 0.1: 160000273

###############Alert###############
currentTime:1720181559741
AnomalyScore: 0.9973
AlertPath:[Network Connect: Localhost--53.158.101.118:80]->NET_CONNECT->[Process: PName-pEja72mA, ARGUMENTS-]: 0.1: 0
[Process: PName-pEja72mA, ARGUMENTS-]->PROCESS_FORK->[Process: PName-pEja72mA, ARGUMENTS-aue_fork]: 0.1: 39996566
[Process: PName-procstat, ARGUMENTS-]->FILE_WRITE->[File: PATH-<unknown>]: 0.1: 60001263
[File: PATH-<unknown>]->FILE_READ->[Process: PName-pEja72mA, ARGUMENTS-]: 0.1: 160000273

###############Alert###############
currentTime:1720181559743
AnomalyScore: 0.9973
AlertPath:[Network Connect: Localhost--53.158.101.118:80]->NET_CONNECT->[Process: PName-pEja72mA, ARGUMENTS-]: 0.1: 0
[Process: PName-pEja72mA, ARGUMENTS-]->PROCESS_FORK->[Process: PName-pEja72mA, ARGUMENTS-aue_fork]: 0.1: 39996566
[Process: PName-procstat, ARGUMENTS-]->FILE_WRITE->[File: PATH-<unknown>]: 0.1: 60001263
[File: PATH-<unknown>]->FILE_READ->[Process: PName-pEja72mA, ARGUMENTS-]: 0.1: 170000162

###############Alert###############
currentTime:1720181559743
AnomalyScore: 0.9973
AlertPath:[Network Connect: Localhost--53.158.101.118:80]->NET_CONNECT->[Process: PName-pEja72mA, ARGUMENTS-]: 0.1: 0
[Process: PName-pEja72mA, ARGUMENTS-]->PROCESS_FORK->[Process: PName-pEja72mA, ARGUMENTS-aue_fork]: 0.1: 39996566
[Process: PName-procstat, ARGUMENTS-]->FILE_WRITE->[File: PATH-<unknown>]: 0.1: 60001263
[File: PATH-<unknown>]->FILE_READ->[Process: PName-pEja72mA, ARGUMENTS-]: 0.1: 170000162

###############Alert###############
currentTime:1720181559745
AnomalyScore: 0.9973
AlertPath:[Network Connect: Localhost--53.158.101.118:80]->NET_CONNECT->[Process: PName-pEja72mA, ARGUMENTS-]: 0.1: 0
[Process: PName-pEja72mA, ARGUMENTS-]->PROCESS_FORK->[Process: PName-pEja72mA, ARGUMENTS-aue_fork]: 0.1: 39996566
[Process: PName-procstat, ARGUMENTS-]->FILE_WRITE->[File: PATH-<unknown>]: 0.1: 60001263
[File: PATH-<unknown>]->FILE_READ->[Process: PName-pEja72mA, ARGUMENTS-]: 0.1: 170000162

###############Alert###############
currentTime:1720181559745
AnomalyScore: 0.9973
AlertPath:[Network Connect: Localhost--53.158.101.118:80]->NET_CONNECT->[Process: PName-pEja72mA, ARGUMENTS-]: 0.1: 0
[Process: PName-pEja72mA, ARGUMENTS-]->PROCESS_FORK->[Process: PName-pEja72mA, ARGUMENTS-aue_fork]: 0.1: 39996566
[Process: PName-procstat, ARGUMENTS-]->FILE_WRITE->[File: PATH-<unknown>]: 0.1: 60001263
[File: PATH-<unknown>]->FILE_READ->[Process: PName-pEja72mA, ARGUMENTS-]: 0.1: 170000162

###############Alert###############
currentTime:1720181559746
AnomalyScore: 0.9973
AlertPath:[Network Connect: Localhost--53.158.101.118:80]->NET_CONNECT->[Process: PName-pEja72mA, ARGUMENTS-]: 0.1: 0
[Process: PName-pEja72mA, ARGUMENTS-]->PROCESS_FORK->[Process: PName-pEja72mA, ARGUMENTS-aue_fork]: 0.1: 39996566
[Process: PName-procstat, ARGUMENTS-]->FILE_WRITE->[File: PATH-<unknown>]: 0.1: 60001263
[File: PATH-<unknown>]->FILE_READ->[Process: PName-pEja72mA, ARGUMENTS-]: 0.1: 170000162

###############Alert###############
currentTime:1720181559747
AnomalyScore: 0.9973
AlertPath:[Network Connect: Localhost--53.158.101.118:80]->NET_CONNECT->[Process: PName-pEja72mA, ARGUMENTS-]: 0.1: 0
[Process: PName-pEja72mA, ARGUMENTS-]->PROCESS_FORK->[Process: PName-pEja72mA, ARGUMENTS-aue_fork]: 0.1: 39996566
[Process: PName-procstat, ARGUMENTS-]->FILE_WRITE->[File: PATH-<unknown>]: 0.1: 60001263
[File: PATH-<unknown>]->FILE_READ->[Process: PName-pEja72mA, ARGUMENTS-]: 0.1: 170000162

###############Alert###############
currentTime:1720181559748
AnomalyScore: 0.9973
AlertPath:[Network Connect: Localhost--53.158.101.118:80]->NET_CONNECT->[Process: PName-pEja72mA, ARGUMENTS-]: 0.1: 0
[Process: PName-pEja72mA, ARGUMENTS-]->PROCESS_FORK->[Process: PName-pEja72mA, ARGUMENTS-aue_fork]: 0.1: 39996566
[Process: PName-procstat, ARGUMENTS-]->FILE_WRITE->[File: PATH-<unknown>]: 0.1: 60001263
[File: PATH-<unknown>]->FILE_READ->[Process: PName-pEja72mA, ARGUMENTS-]: 0.1: 170000162

###############Alert###############
currentTime:1720181559748
AnomalyScore: 0.9973
AlertPath:[Network Connect: Localhost--53.158.101.118:80]->NET_CONNECT->[Process: PName-pEja72mA, ARGUMENTS-]: 0.1: 0
[Process: PName-pEja72mA, ARGUMENTS-]->PROCESS_FORK->[Process: PName-pEja72mA, ARGUMENTS-aue_fork]: 0.1: 39996566
[Process: PName-procstat, ARGUMENTS-]->FILE_WRITE->[File: PATH-<unknown>]: 0.1: 60001263
[File: PATH-<unknown>]->FILE_READ->[Process: PName-pEja72mA, ARGUMENTS-]: 0.1: 170000162

###############Alert###############
currentTime:1720181559750
AnomalyScore: 0.9973
AlertPath:[Network Connect: Localhost--53.158.101.118:80]->NET_CONNECT->[Process: PName-pEja72mA, ARGUMENTS-]: 0.1: 0
[Process: PName-pEja72mA, ARGUMENTS-]->PROCESS_FORK->[Process: PName-pEja72mA, ARGUMENTS-aue_fork]: 0.1: 39996566
[Process: PName-procstat, ARGUMENTS-]->FILE_WRITE->[File: PATH-<unknown>]: 0.1: 60001263
[File: PATH-<unknown>]->FILE_READ->[Process: PName-pEja72mA, ARGUMENTS-]: 0.1: 170000162

###############Alert###############
currentTime:1720181559750
AnomalyScore: 0.9973
AlertPath:[Network Connect: Localhost--53.158.101.118:80]->NET_CONNECT->[Process: PName-pEja72mA, ARGUMENTS-]: 0.1: 0
[Process: PName-pEja72mA, ARGUMENTS-]->PROCESS_FORK->[Process: PName-pEja72mA, ARGUMENTS-aue_fork]: 0.1: 39996566
[Process: PName-procstat, ARGUMENTS-]->FILE_WRITE->[File: PATH-<unknown>]: 0.1: 60001263
[File: PATH-<unknown>]->FILE_READ->[Process: PName-pEja72mA, ARGUMENTS-]: 0.1: 170000162

###############Alert###############
currentTime:1720181559751
AnomalyScore: 0.9973
AlertPath:[Network Connect: Localhost--53.158.101.118:80]->NET_CONNECT->[Process: PName-pEja72mA, ARGUMENTS-]: 0.1: 0
[Process: PName-pEja72mA, ARGUMENTS-]->PROCESS_FORK->[Process: PName-pEja72mA, ARGUMENTS-aue_fork]: 0.1: 39996566
[Process: PName-procstat, ARGUMENTS-]->FILE_WRITE->[File: PATH-<unknown>]: 0.1: 60001263
[File: PATH-<unknown>]->FILE_READ->[Process: PName-pEja72mA, ARGUMENTS-]: 0.1: 170000162

###############Alert###############
currentTime:1720181559752
AnomalyScore: 0.9973
AlertPath:[Network Connect: Localhost--53.158.101.118:80]->NET_CONNECT->[Process: PName-pEja72mA, ARGUMENTS-]: 0.1: 0
[Process: PName-pEja72mA, ARGUMENTS-]->PROCESS_FORK->[Process: PName-pEja72mA, ARGUMENTS-aue_fork]: 0.1: 39996566
[Process: PName-procstat, ARGUMENTS-]->FILE_WRITE->[File: PATH-<unknown>]: 0.1: 60001263
[File: PATH-<unknown>]->FILE_READ->[Process: PName-pEja72mA, ARGUMENTS-]: 0.1: 170000162

###############Alert###############
currentTime:1720181559753
AnomalyScore: 0.9973
AlertPath:[Network Connect: Localhost--53.158.101.118:80]->NET_CONNECT->[Process: PName-pEja72mA, ARGUMENTS-]: 0.1: 0
[Process: PName-pEja72mA, ARGUMENTS-]->PROCESS_FORK->[Process: PName-pEja72mA, ARGUMENTS-aue_fork]: 0.1: 39996566
[Process: PName-procstat, ARGUMENTS-]->FILE_WRITE->[File: PATH-<unknown>]: 0.1: 60001263
[File: PATH-<unknown>]->FILE_READ->[Process: PName-pEja72mA, ARGUMENTS-]: 0.1: 170000162

###############Alert###############
currentTime:1720181559753
AnomalyScore: 0.9973
AlertPath:[Network Connect: Localhost--53.158.101.118:80]->NET_CONNECT->[Process: PName-pEja72mA, ARGUMENTS-]: 0.1: 0
[Process: PName-pEja72mA, ARGUMENTS-]->PROCESS_FORK->[Process: PName-pEja72mA, ARGUMENTS-aue_fork]: 0.1: 39996566
[Process: PName-procstat, ARGUMENTS-]->FILE_WRITE->[File: PATH-<unknown>]: 0.1: 60001263
[File: PATH-<unknown>]->FILE_READ->[Process: PName-pEja72mA, ARGUMENTS-]: 0.1: 180001301

###############Alert###############
currentTime:1720181559755
AnomalyScore: 0.9973
AlertPath:[Network Connect: Localhost--53.158.101.118:80]->NET_CONNECT->[Process: PName-pEja72mA, ARGUMENTS-]: 0.1: 0
[Process: PName-pEja72mA, ARGUMENTS-]->PROCESS_FORK->[Process: PName-pEja72mA, ARGUMENTS-aue_fork]: 0.1: 39996566
[Process: PName-procstat, ARGUMENTS-]->FILE_WRITE->[File: PATH-<unknown>]: 0.1: 60001263
[File: PATH-<unknown>]->FILE_READ->[Process: PName-pEja72mA, ARGUMENTS-]: 0.1: 180001301

###############Alert###############
currentTime:1720181559755
AnomalyScore: 0.9973
AlertPath:[Network Connect: Localhost--53.158.101.118:80]->NET_CONNECT->[Process: PName-pEja72mA, ARGUMENTS-]: 0.1: 0
[Process: PName-pEja72mA, ARGUMENTS-]->PROCESS_FORK->[Process: PName-pEja72mA, ARGUMENTS-aue_fork]: 0.1: 39996566
[Process: PName-procstat, ARGUMENTS-]->FILE_WRITE->[File: PATH-<unknown>]: 0.1: 60001263
[File: PATH-<unknown>]->FILE_READ->[Process: PName-pEja72mA, ARGUMENTS-]: 0.1: 180001301

###############Alert###############
currentTime:1720181559757
AnomalyScore: 0.9973
AlertPath:[Network Connect: Localhost--53.158.101.118:80]->NET_CONNECT->[Process: PName-pEja72mA, ARGUMENTS-]: 0.1: 0
[Process: PName-pEja72mA, ARGUMENTS-]->PROCESS_FORK->[Process: PName-pEja72mA, ARGUMENTS-aue_fork]: 0.1: 39996566
[Process: PName-procstat, ARGUMENTS-]->FILE_WRITE->[File: PATH-<unknown>]: 0.1: 60001263
[File: PATH-<unknown>]->FILE_READ->[Process: PName-pEja72mA, ARGUMENTS-]: 0.1: 180001301

###############Alert###############
currentTime:1720181559757
AnomalyScore: 0.9973
AlertPath:[Network Connect: Localhost--53.158.101.118:80]->NET_CONNECT->[Process: PName-pEja72mA, ARGUMENTS-]: 0.1: 0
[Process: PName-pEja72mA, ARGUMENTS-]->PROCESS_FORK->[Process: PName-pEja72mA, ARGUMENTS-aue_fork]: 0.1: 39996566
[Process: PName-procstat, ARGUMENTS-]->FILE_WRITE->[File: PATH-<unknown>]: 0.1: 60001263
[File: PATH-<unknown>]->FILE_READ->[Process: PName-pEja72mA, ARGUMENTS-]: 0.1: 180001301

###############Alert###############
currentTime:1720181559759
AnomalyScore: 0.9973
AlertPath:[Network Connect: Localhost--53.158.101.118:80]->NET_CONNECT->[Process: PName-pEja72mA, ARGUMENTS-]: 0.1: 0
[Process: PName-pEja72mA, ARGUMENTS-]->PROCESS_FORK->[Process: PName-pEja72mA, ARGUMENTS-aue_fork]: 0.1: 39996566
[Process: PName-procstat, ARGUMENTS-]->FILE_WRITE->[File: PATH-<unknown>]: 0.1: 60001263
[File: PATH-<unknown>]->FILE_READ->[Process: PName-pEja72mA, ARGUMENTS-]: 0.1: 180001301

###############Alert###############
currentTime:1720181559759
AnomalyScore: 0.9973
AlertPath:[Network Connect: Localhost--53.158.101.118:80]->NET_CONNECT->[Process: PName-pEja72mA, ARGUMENTS-]: 0.1: 0
[Process: PName-pEja72mA, ARGUMENTS-]->PROCESS_FORK->[Process: PName-pEja72mA, ARGUMENTS-aue_fork]: 0.1: 39996566
[Process: PName-procstat, ARGUMENTS-]->FILE_WRITE->[File: PATH-<unknown>]: 0.1: 60001263
[File: PATH-<unknown>]->FILE_READ->[Process: PName-pEja72mA, ARGUMENTS-]: 0.1: 180001301

###############Alert###############
currentTime:1720181559760
AnomalyScore: 0.9973
AlertPath:[Network Connect: Localhost--53.158.101.118:80]->NET_CONNECT->[Process: PName-pEja72mA, ARGUMENTS-]: 0.1: 0
[Process: PName-pEja72mA, ARGUMENTS-]->PROCESS_FORK->[Process: PName-pEja72mA, ARGUMENTS-aue_fork]: 0.1: 39996566
[Process: PName-procstat, ARGUMENTS-]->FILE_WRITE->[File: PATH-<unknown>]: 0.1: 60001263
[File: PATH-<unknown>]->FILE_READ->[Process: PName-pEja72mA, ARGUMENTS-]: 0.1: 180001301

###############Alert###############
currentTime:1720181559761
AnomalyScore: 0.9973
AlertPath:[Network Connect: Localhost--53.158.101.118:80]->NET_CONNECT->[Process: PName-pEja72mA, ARGUMENTS-]: 0.1: 0
[Process: PName-pEja72mA, ARGUMENTS-]->PROCESS_FORK->[Process: PName-pEja72mA, ARGUMENTS-aue_fork]: 0.1: 39996566
[Process: PName-procstat, ARGUMENTS-]->FILE_WRITE->[File: PATH-<unknown>]: 0.1: 60001263
[File: PATH-<unknown>]->FILE_READ->[Process: PName-pEja72mA, ARGUMENTS-]: 0.1: 180001301

###############Alert###############
currentTime:1720181559762
AnomalyScore: 0.9973
AlertPath:[Network Connect: Localhost--53.158.101.118:80]->NET_CONNECT->[Process: PName-pEja72mA, ARGUMENTS-]: 0.1: 0
[Process: PName-pEja72mA, ARGUMENTS-]->PROCESS_FORK->[Process: PName-pEja72mA, ARGUMENTS-aue_fork]: 0.1: 39996566
[Process: PName-procstat, ARGUMENTS-]->FILE_WRITE->[File: PATH-<unknown>]: 0.1: 60001263
[File: PATH-<unknown>]->FILE_READ->[Process: PName-pEja72mA, ARGUMENTS-]: 0.1: 180001301

###############Alert###############
currentTime:1720181559762
AnomalyScore: 0.9973
AlertPath:[Network Connect: Localhost--53.158.101.118:80]->NET_CONNECT->[Process: PName-pEja72mA, ARGUMENTS-]: 0.1: 0
[Process: PName-pEja72mA, ARGUMENTS-]->PROCESS_FORK->[Process: PName-pEja72mA, ARGUMENTS-aue_fork]: 0.1: 39996566
[Process: PName-procstat, ARGUMENTS-]->FILE_WRITE->[File: PATH-<unknown>]: 0.1: 60001263
[File: PATH-<unknown>]->FILE_READ->[Process: PName-pEja72mA, ARGUMENTS-]: 0.1: 180001301

###############Alert###############
currentTime:1720181559764
AnomalyScore: 0.9973
AlertPath:[Network Connect: Localhost--53.158.101.118:80]->NET_CONNECT->[Process: PName-pEja72mA, ARGUMENTS-]: 0.1: 0
[Process: PName-pEja72mA, ARGUMENTS-]->PROCESS_FORK->[Process: PName-pEja72mA, ARGUMENTS-aue_fork]: 0.1: 39996566
[Process: PName-procstat, ARGUMENTS-]->FILE_WRITE->[File: PATH-<unknown>]: 0.1: 60001263
[File: PATH-<unknown>]->FILE_READ->[Process: PName-pEja72mA, ARGUMENTS-]: 0.1: 180001301

###############Alert###############
currentTime:1720181559764
AnomalyScore: 0.9973
AlertPath:[Network Connect: Localhost--53.158.101.118:80]->NET_CONNECT->[Process: PName-pEja72mA, ARGUMENTS-]: 0.1: 0
[Process: PName-pEja72mA, ARGUMENTS-]->PROCESS_FORK->[Process: PName-pEja72mA, ARGUMENTS-aue_fork]: 0.1: 39996566
[Process: PName-procstat, ARGUMENTS-]->FILE_WRITE->[File: PATH-<unknown>]: 0.1: 60001263
[File: PATH-<unknown>]->FILE_READ->[Process: PName-pEja72mA, ARGUMENTS-]: 0.1: 180001301

###############Alert###############
currentTime:1720181559766
AnomalyScore: 0.9973
AlertPath:[Network Connect: Localhost--53.158.101.118:80]->NET_CONNECT->[Process: PName-pEja72mA, ARGUMENTS-]: 0.1: 0
[Process: PName-pEja72mA, ARGUMENTS-]->PROCESS_FORK->[Process: PName-pEja72mA, ARGUMENTS-aue_fork]: 0.1: 39996566
[Process: PName-procstat, ARGUMENTS-]->FILE_WRITE->[File: PATH-<unknown>]: 0.1: 60001263
[File: PATH-<unknown>]->FILE_READ->[Process: PName-pEja72mA, ARGUMENTS-]: 0.1: 190001130

###############Alert###############
currentTime:1720181559766
AnomalyScore: 0.9973
AlertPath:[Network Connect: Localhost--53.158.101.118:80]->NET_CONNECT->[Process: PName-pEja72mA, ARGUMENTS-]: 0.1: 0
[Process: PName-pEja72mA, ARGUMENTS-]->PROCESS_FORK->[Process: PName-pEja72mA, ARGUMENTS-aue_fork]: 0.1: 39996566
[Process: PName-procstat, ARGUMENTS-]->FILE_WRITE->[File: PATH-<unknown>]: 0.1: 60001263
[File: PATH-<unknown>]->FILE_READ->[Process: PName-pEja72mA, ARGUMENTS-]: 0.1: 190001130

###############Alert###############
currentTime:1720181559767
AnomalyScore: 0.9973
AlertPath:[Network Connect: Localhost--53.158.101.118:80]->NET_CONNECT->[Process: PName-pEja72mA, ARGUMENTS-]: 0.1: 0
[Process: PName-pEja72mA, ARGUMENTS-]->PROCESS_FORK->[Process: PName-pEja72mA, ARGUMENTS-aue_fork]: 0.1: 39996566
[Process: PName-procstat, ARGUMENTS-]->FILE_WRITE->[File: PATH-<unknown>]: 0.1: 60001263
[File: PATH-<unknown>]->FILE_READ->[Process: PName-pEja72mA, ARGUMENTS-]: 0.1: 190001130

###############Alert###############
currentTime:1720181559767
AnomalyScore: 0.9973
AlertPath:[Network Connect: Localhost--53.158.101.118:80]->NET_CONNECT->[Process: PName-pEja72mA, ARGUMENTS-]: 0.1: 0
[Process: PName-pEja72mA, ARGUMENTS-]->PROCESS_FORK->[Process: PName-pEja72mA, ARGUMENTS-aue_fork]: 0.1: 39996566
[Process: PName-procstat, ARGUMENTS-]->FILE_WRITE->[File: PATH-<unknown>]: 0.1: 60001263
[File: PATH-<unknown>]->FILE_READ->[Process: PName-pEja72mA, ARGUMENTS-]: 0.1: 190001130

###############Alert###############
currentTime:1720181559769
AnomalyScore: 0.9973
AlertPath:[Network Connect: Localhost--53.158.101.118:80]->NET_CONNECT->[Process: PName-pEja72mA, ARGUMENTS-]: 0.1: 0
[Process: PName-pEja72mA, ARGUMENTS-]->PROCESS_FORK->[Process: PName-pEja72mA, ARGUMENTS-aue_fork]: 0.1: 39996566
[Process: PName-procstat, ARGUMENTS-]->FILE_WRITE->[File: PATH-<unknown>]: 0.1: 60001263
[File: PATH-<unknown>]->FILE_READ->[Process: PName-pEja72mA, ARGUMENTS-]: 0.1: 190001130

###############Alert###############
currentTime:1720181559769
AnomalyScore: 0.9973
AlertPath:[Network Connect: Localhost--53.158.101.118:80]->NET_CONNECT->[Process: PName-pEja72mA, ARGUMENTS-]: 0.1: 0
[Process: PName-pEja72mA, ARGUMENTS-]->PROCESS_FORK->[Process: PName-pEja72mA, ARGUMENTS-aue_fork]: 0.1: 39996566
[Process: PName-procstat, ARGUMENTS-]->FILE_WRITE->[File: PATH-<unknown>]: 0.1: 60001263
[File: PATH-<unknown>]->FILE_READ->[Process: PName-pEja72mA, ARGUMENTS-]: 0.1: 190001130

###############Alert###############
currentTime:1720181559771
AnomalyScore: 0.9973
AlertPath:[Network Connect: Localhost--53.158.101.118:80]->NET_CONNECT->[Process: PName-pEja72mA, ARGUMENTS-]: 0.1: 0
[Process: PName-pEja72mA, ARGUMENTS-]->PROCESS_FORK->[Process: PName-pEja72mA, ARGUMENTS-aue_fork]: 0.1: 39996566
[Process: PName-procstat, ARGUMENTS-]->FILE_WRITE->[File: PATH-<unknown>]: 0.1: 60001263
[File: PATH-<unknown>]->FILE_READ->[Process: PName-pEja72mA, ARGUMENTS-]: 0.1: 190001130

###############Alert###############
currentTime:1720181559771
AnomalyScore: 0.9973
AlertPath:[Network Connect: Localhost--53.158.101.118:80]->NET_CONNECT->[Process: PName-pEja72mA, ARGUMENTS-]: 0.1: 0
[Process: PName-pEja72mA, ARGUMENTS-]->PROCESS_FORK->[Process: PName-pEja72mA, ARGUMENTS-aue_fork]: 0.1: 39996566
[Process: PName-procstat, ARGUMENTS-]->FILE_WRITE->[File: PATH-<unknown>]: 0.1: 60001263
[File: PATH-<unknown>]->FILE_READ->[Process: PName-pEja72mA, ARGUMENTS-]: 0.1: 190001130

###############Alert###############
currentTime:1720181559773
AnomalyScore: 0.9973
AlertPath:[Network Connect: Localhost--53.158.101.118:80]->NET_CONNECT->[Process: PName-pEja72mA, ARGUMENTS-]: 0.1: 0
[Process: PName-pEja72mA, ARGUMENTS-]->PROCESS_FORK->[Process: PName-pEja72mA, ARGUMENTS-aue_fork]: 0.1: 39996566
[Process: PName-procstat, ARGUMENTS-]->FILE_WRITE->[File: PATH-<unknown>]: 0.1: 60001263
[File: PATH-<unknown>]->FILE_READ->[Process: PName-pEja72mA, ARGUMENTS-]: 0.1: 190001130

###############Alert###############
currentTime:1720181559773
AnomalyScore: 0.9973
AlertPath:[Network Connect: Localhost--53.158.101.118:80]->NET_CONNECT->[Process: PName-pEja72mA, ARGUMENTS-]: 0.1: 0
[Process: PName-pEja72mA, ARGUMENTS-]->PROCESS_FORK->[Process: PName-pEja72mA, ARGUMENTS-aue_fork]: 0.1: 39996566
[Process: PName-procstat, ARGUMENTS-]->FILE_WRITE->[File: PATH-<unknown>]: 0.1: 60001263
[File: PATH-<unknown>]->FILE_READ->[Process: PName-pEja72mA, ARGUMENTS-]: 0.1: 190001130

###############Alert###############
currentTime:1720181559775
AnomalyScore: 0.9973
AlertPath:[Network Connect: Localhost--53.158.101.118:80]->NET_CONNECT->[Process: PName-pEja72mA, ARGUMENTS-]: 0.1: 0
[Process: PName-pEja72mA, ARGUMENTS-]->PROCESS_FORK->[Process: PName-pEja72mA, ARGUMENTS-aue_fork]: 0.1: 39996566
[Process: PName-procstat, ARGUMENTS-]->FILE_WRITE->[File: PATH-<unknown>]: 0.1: 60001263
[File: PATH-<unknown>]->FILE_READ->[Process: PName-pEja72mA, ARGUMENTS-]: 0.1: 190001130

###############Alert###############
currentTime:1720181559775
AnomalyScore: 0.9973
AlertPath:[Network Connect: Localhost--53.158.101.118:80]->NET_CONNECT->[Process: PName-pEja72mA, ARGUMENTS-]: 0.1: 0
[Process: PName-pEja72mA, ARGUMENTS-]->PROCESS_FORK->[Process: PName-pEja72mA, ARGUMENTS-aue_fork]: 0.1: 39996566
[Process: PName-procstat, ARGUMENTS-]->FILE_WRITE->[File: PATH-<unknown>]: 0.1: 60001263
[File: PATH-<unknown>]->FILE_READ->[Process: PName-pEja72mA, ARGUMENTS-]: 0.1: 190001130

###############Alert###############
currentTime:1720181559777
AnomalyScore: 0.9973
AlertPath:[Network Connect: Localhost--53.158.101.118:80]->NET_CONNECT->[Process: PName-pEja72mA, ARGUMENTS-]: 0.1: 0
[Process: PName-pEja72mA, ARGUMENTS-]->PROCESS_FORK->[Process: PName-pEja72mA, ARGUMENTS-aue_fork]: 0.1: 39996566
[Process: PName-procstat, ARGUMENTS-]->FILE_WRITE->[File: PATH-<unknown>]: 0.1: 60001263
[File: PATH-<unknown>]->FILE_READ->[Process: PName-pEja72mA, ARGUMENTS-]: 0.1: 190001130

###############Alert###############
currentTime:1720181559777
AnomalyScore: 0.9973
AlertPath:[Network Connect: Localhost--53.158.101.118:80]->NET_CONNECT->[Process: PName-pEja72mA, ARGUMENTS-]: 0.1: 0
[Process: PName-pEja72mA, ARGUMENTS-]->PROCESS_FORK->[Process: PName-pEja72mA, ARGUMENTS-aue_fork]: 0.1: 39996566
[Process: PName-procstat, ARGUMENTS-]->FILE_WRITE->[File: PATH-<unknown>]: 0.1: 60001263
[File: PATH-<unknown>]->FILE_READ->[Process: PName-pEja72mA, ARGUMENTS-]: 0.1: 200000308

###############Alert###############
currentTime:1720181559779
AnomalyScore: 0.9973
AlertPath:[Network Connect: Localhost--53.158.101.118:80]->NET_CONNECT->[Process: PName-pEja72mA, ARGUMENTS-]: 0.1: 0
[Process: PName-pEja72mA, ARGUMENTS-]->PROCESS_FORK->[Process: PName-pEja72mA, ARGUMENTS-aue_fork]: 0.1: 39996566
[Process: PName-procstat, ARGUMENTS-]->FILE_WRITE->[File: PATH-<unknown>]: 0.1: 60001263
[File: PATH-<unknown>]->FILE_READ->[Process: PName-pEja72mA, ARGUMENTS-]: 0.1: 200000308

###############Alert###############
currentTime:1720181559779
AnomalyScore: 0.9973
AlertPath:[Network Connect: Localhost--53.158.101.118:80]->NET_CONNECT->[Process: PName-pEja72mA, ARGUMENTS-]: 0.1: 0
[Process: PName-pEja72mA, ARGUMENTS-]->PROCESS_FORK->[Process: PName-pEja72mA, ARGUMENTS-aue_fork]: 0.1: 39996566
[Process: PName-procstat, ARGUMENTS-]->FILE_WRITE->[File: PATH-<unknown>]: 0.1: 60001263
[File: PATH-<unknown>]->FILE_READ->[Process: PName-pEja72mA, ARGUMENTS-]: 0.1: 200000308

###############Alert###############
currentTime:1720181559780
AnomalyScore: 0.9973
AlertPath:[Network Connect: Localhost--53.158.101.118:80]->NET_CONNECT->[Process: PName-pEja72mA, ARGUMENTS-]: 0.1: 0
[Process: PName-pEja72mA, ARGUMENTS-]->PROCESS_FORK->[Process: PName-pEja72mA, ARGUMENTS-aue_fork]: 0.1: 39996566
[Process: PName-procstat, ARGUMENTS-]->FILE_WRITE->[File: PATH-<unknown>]: 0.1: 60001263
[File: PATH-<unknown>]->FILE_READ->[Process: PName-pEja72mA, ARGUMENTS-]: 0.1: 200000308

###############Alert###############
currentTime:1720181559781
AnomalyScore: 0.9973
AlertPath:[Network Connect: Localhost--53.158.101.118:80]->NET_CONNECT->[Process: PName-pEja72mA, ARGUMENTS-]: 0.1: 0
[Process: PName-pEja72mA, ARGUMENTS-]->PROCESS_FORK->[Process: PName-pEja72mA, ARGUMENTS-aue_fork]: 0.1: 39996566
[Process: PName-procstat, ARGUMENTS-]->FILE_WRITE->[File: PATH-<unknown>]: 0.1: 60001263
[File: PATH-<unknown>]->FILE_READ->[Process: PName-pEja72mA, ARGUMENTS-]: 0.1: 200000308

###############Alert###############
currentTime:1720181559782
AnomalyScore: 0.9973
AlertPath:[Network Connect: Localhost--53.158.101.118:80]->NET_CONNECT->[Process: PName-pEja72mA, ARGUMENTS-]: 0.1: 0
[Process: PName-pEja72mA, ARGUMENTS-]->PROCESS_FORK->[Process: PName-pEja72mA, ARGUMENTS-aue_fork]: 0.1: 39996566
[Process: PName-procstat, ARGUMENTS-]->FILE_WRITE->[File: PATH-<unknown>]: 0.1: 60001263
[File: PATH-<unknown>]->FILE_READ->[Process: PName-pEja72mA, ARGUMENTS-]: 0.1: 200000308

###############Alert###############
currentTime:1720181559782
AnomalyScore: 0.9973
AlertPath:[Network Connect: Localhost--53.158.101.118:80]->NET_CONNECT->[Process: PName-pEja72mA, ARGUMENTS-]: 0.1: 0
[Process: PName-pEja72mA, ARGUMENTS-]->PROCESS_FORK->[Process: PName-pEja72mA, ARGUMENTS-aue_fork]: 0.1: 39996566
[Process: PName-procstat, ARGUMENTS-]->FILE_WRITE->[File: PATH-<unknown>]: 0.1: 60001263
[File: PATH-<unknown>]->FILE_READ->[Process: PName-pEja72mA, ARGUMENTS-]: 0.1: 200000308

###############Alert###############
currentTime:1720181559784
AnomalyScore: 0.9973
AlertPath:[Network Connect: Localhost--53.158.101.118:80]->NET_CONNECT->[Process: PName-pEja72mA, ARGUMENTS-]: 0.1: 0
[Process: PName-pEja72mA, ARGUMENTS-]->PROCESS_FORK->[Process: PName-pEja72mA, ARGUMENTS-aue_fork]: 0.1: 39996566
[Process: PName-procstat, ARGUMENTS-]->FILE_WRITE->[File: PATH-<unknown>]: 0.1: 60001263
[File: PATH-<unknown>]->FILE_READ->[Process: PName-pEja72mA, ARGUMENTS-]: 0.1: 200000308

###############Alert###############
currentTime:1720181559784
AnomalyScore: 0.9973
AlertPath:[Network Connect: Localhost--53.158.101.118:80]->NET_CONNECT->[Process: PName-pEja72mA, ARGUMENTS-]: 0.1: 0
[Process: PName-pEja72mA, ARGUMENTS-]->PROCESS_FORK->[Process: PName-pEja72mA, ARGUMENTS-aue_fork]: 0.1: 39996566
[Process: PName-procstat, ARGUMENTS-]->FILE_WRITE->[File: PATH-<unknown>]: 0.1: 60001263
[File: PATH-<unknown>]->FILE_READ->[Process: PName-pEja72mA, ARGUMENTS-]: 0.1: 200000308

###############Alert###############
currentTime:1720181559786
AnomalyScore: 0.9973
AlertPath:[Network Connect: Localhost--53.158.101.118:80]->NET_CONNECT->[Process: PName-pEja72mA, ARGUMENTS-]: 0.1: 0
[Process: PName-pEja72mA, ARGUMENTS-]->PROCESS_FORK->[Process: PName-pEja72mA, ARGUMENTS-aue_fork]: 0.1: 39996566
[Process: PName-procstat, ARGUMENTS-]->FILE_WRITE->[File: PATH-<unknown>]: 0.1: 60001263
[File: PATH-<unknown>]->FILE_READ->[Process: PName-pEja72mA, ARGUMENTS-]: 0.1: 200000308

###############Alert###############
currentTime:1720181559786
AnomalyScore: 0.9973
AlertPath:[Network Connect: Localhost--53.158.101.118:80]->NET_CONNECT->[Process: PName-pEja72mA, ARGUMENTS-]: 0.1: 0
[Process: PName-pEja72mA, ARGUMENTS-]->PROCESS_FORK->[Process: PName-pEja72mA, ARGUMENTS-aue_fork]: 0.1: 39996566
[Process: PName-procstat, ARGUMENTS-]->FILE_WRITE->[File: PATH-<unknown>]: 0.1: 60001263
[File: PATH-<unknown>]->FILE_READ->[Process: PName-pEja72mA, ARGUMENTS-]: 0.1: 200000308

###############Alert###############
currentTime:1720181559787
AnomalyScore: 0.9973
AlertPath:[Network Connect: Localhost--53.158.101.118:80]->NET_CONNECT->[Process: PName-pEja72mA, ARGUMENTS-]: 0.1: 0
[Process: PName-pEja72mA, ARGUMENTS-]->PROCESS_FORK->[Process: PName-pEja72mA, ARGUMENTS-aue_fork]: 0.1: 39996566
[Process: PName-procstat, ARGUMENTS-]->FILE_WRITE->[File: PATH-<unknown>]: 0.1: 60001263
[File: PATH-<unknown>]->FILE_READ->[Process: PName-pEja72mA, ARGUMENTS-]: 0.1: 200000308

###############Alert###############
currentTime:1720181559788
AnomalyScore: 0.9973
AlertPath:[Network Connect: Localhost--53.158.101.118:80]->NET_CONNECT->[Process: PName-pEja72mA, ARGUMENTS-]: 0.1: 0
[Process: PName-pEja72mA, ARGUMENTS-]->PROCESS_FORK->[Process: PName-pEja72mA, ARGUMENTS-aue_fork]: 0.1: 39996566
[Process: PName-procstat, ARGUMENTS-]->FILE_WRITE->[File: PATH-<unknown>]: 0.1: 60001263
[File: PATH-<unknown>]->FILE_READ->[Process: PName-pEja72mA, ARGUMENTS-]: 0.1: 200000308

###############Alert###############
currentTime:1720181559789
AnomalyScore: 0.9973
AlertPath:[Network Connect: Localhost--53.158.101.118:80]->NET_CONNECT->[Process: PName-pEja72mA, ARGUMENTS-]: 0.1: 0
[Process: PName-pEja72mA, ARGUMENTS-]->PROCESS_FORK->[Process: PName-pEja72mA, ARGUMENTS-aue_fork]: 0.1: 39996566
[Process: PName-procstat, ARGUMENTS-]->FILE_WRITE->[File: PATH-<unknown>]: 0.1: 60001263
[File: PATH-<unknown>]->FILE_READ->[Process: PName-pEja72mA, ARGUMENTS-]: 0.1: 210001627

###############Alert###############
currentTime:1720181559789
AnomalyScore: 0.9973
AlertPath:[Network Connect: Localhost--53.158.101.118:80]->NET_CONNECT->[Process: PName-pEja72mA, ARGUMENTS-]: 0.1: 0
[Process: PName-pEja72mA, ARGUMENTS-]->PROCESS_FORK->[Process: PName-pEja72mA, ARGUMENTS-aue_fork]: 0.1: 39996566
[Process: PName-procstat, ARGUMENTS-]->FILE_WRITE->[File: PATH-<unknown>]: 0.1: 60001263
[File: PATH-<unknown>]->FILE_READ->[Process: PName-pEja72mA, ARGUMENTS-]: 0.1: 210001627

###############Alert###############
currentTime:1720181559791
AnomalyScore: 0.9973
AlertPath:[Network Connect: Localhost--53.158.101.118:80]->NET_CONNECT->[Process: PName-pEja72mA, ARGUMENTS-]: 0.1: 0
[Process: PName-pEja72mA, ARGUMENTS-]->PROCESS_FORK->[Process: PName-pEja72mA, ARGUMENTS-aue_fork]: 0.1: 39996566
[Process: PName-procstat, ARGUMENTS-]->FILE_WRITE->[File: PATH-<unknown>]: 0.1: 60001263
[File: PATH-<unknown>]->FILE_READ->[Process: PName-pEja72mA, ARGUMENTS-]: 0.1: 210001627

###############Alert###############
currentTime:1720181559791
AnomalyScore: 0.9973
AlertPath:[Network Connect: Localhost--53.158.101.118:80]->NET_CONNECT->[Process: PName-pEja72mA, ARGUMENTS-]: 0.1: 0
[Process: PName-pEja72mA, ARGUMENTS-]->PROCESS_FORK->[Process: PName-pEja72mA, ARGUMENTS-aue_fork]: 0.1: 39996566
[Process: PName-procstat, ARGUMENTS-]->FILE_WRITE->[File: PATH-<unknown>]: 0.1: 60001263
[File: PATH-<unknown>]->FILE_READ->[Process: PName-pEja72mA, ARGUMENTS-]: 0.1: 210001627

###############Alert###############
currentTime:1720181559793
AnomalyScore: 0.9973
AlertPath:[Network Connect: Localhost--53.158.101.118:80]->NET_CONNECT->[Process: PName-pEja72mA, ARGUMENTS-]: 0.1: 0
[Process: PName-pEja72mA, ARGUMENTS-]->PROCESS_FORK->[Process: PName-pEja72mA, ARGUMENTS-aue_fork]: 0.1: 39996566
[Process: PName-procstat, ARGUMENTS-]->FILE_WRITE->[File: PATH-<unknown>]: 0.1: 60001263
[File: PATH-<unknown>]->FILE_READ->[Process: PName-pEja72mA, ARGUMENTS-]: 0.1: 210001627

###############Alert###############
currentTime:1720181559793
AnomalyScore: 0.9973
AlertPath:[Network Connect: Localhost--53.158.101.118:80]->NET_CONNECT->[Process: PName-pEja72mA, ARGUMENTS-]: 0.1: 0
[Process: PName-pEja72mA, ARGUMENTS-]->PROCESS_FORK->[Process: PName-pEja72mA, ARGUMENTS-aue_fork]: 0.1: 39996566
[Process: PName-procstat, ARGUMENTS-]->FILE_WRITE->[File: PATH-<unknown>]: 0.1: 60001263
[File: PATH-<unknown>]->FILE_READ->[Process: PName-pEja72mA, ARGUMENTS-]: 0.1: 210001627

###############Alert###############
currentTime:1720181559795
AnomalyScore: 0.9973
AlertPath:[Network Connect: Localhost--53.158.101.118:80]->NET_CONNECT->[Process: PName-pEja72mA, ARGUMENTS-]: 0.1: 0
[Process: PName-pEja72mA, ARGUMENTS-]->PROCESS_FORK->[Process: PName-pEja72mA, ARGUMENTS-aue_fork]: 0.1: 39996566
[Process: PName-procstat, ARGUMENTS-]->FILE_WRITE->[File: PATH-<unknown>]: 0.1: 60001263
[File: PATH-<unknown>]->FILE_READ->[Process: PName-pEja72mA, ARGUMENTS-]: 0.1: 210001627

###############Alert###############
currentTime:1720181559795
AnomalyScore: 0.9973
AlertPath:[Network Connect: Localhost--53.158.101.118:80]->NET_CONNECT->[Process: PName-pEja72mA, ARGUMENTS-]: 0.1: 0
[Process: PName-pEja72mA, ARGUMENTS-]->PROCESS_FORK->[Process: PName-pEja72mA, ARGUMENTS-aue_fork]: 0.1: 39996566
[Process: PName-procstat, ARGUMENTS-]->FILE_WRITE->[File: PATH-<unknown>]: 0.1: 60001263
[File: PATH-<unknown>]->FILE_READ->[Process: PName-pEja72mA, ARGUMENTS-]: 0.1: 210001627

###############Alert###############
currentTime:1720181559797
AnomalyScore: 0.9973
AlertPath:[Network Connect: Localhost--53.158.101.118:80]->NET_CONNECT->[Process: PName-pEja72mA, ARGUMENTS-]: 0.1: 0
[Process: PName-pEja72mA, ARGUMENTS-]->PROCESS_FORK->[Process: PName-pEja72mA, ARGUMENTS-aue_fork]: 0.1: 39996566
[Process: PName-procstat, ARGUMENTS-]->FILE_WRITE->[File: PATH-<unknown>]: 0.1: 60001263
[File: PATH-<unknown>]->FILE_READ->[Process: PName-pEja72mA, ARGUMENTS-]: 0.1: 210001627

###############Alert###############
currentTime:1720181559797
AnomalyScore: 0.9973
AlertPath:[Network Connect: Localhost--53.158.101.118:80]->NET_CONNECT->[Process: PName-pEja72mA, ARGUMENTS-]: 0.1: 0
[Process: PName-pEja72mA, ARGUMENTS-]->PROCESS_FORK->[Process: PName-pEja72mA, ARGUMENTS-aue_fork]: 0.1: 39996566
[Process: PName-procstat, ARGUMENTS-]->FILE_WRITE->[File: PATH-<unknown>]: 0.1: 60001263
[File: PATH-<unknown>]->FILE_READ->[Process: PName-pEja72mA, ARGUMENTS-]: 0.1: 210001627

###############Alert###############
currentTime:1720181559799
AnomalyScore: 0.9973
AlertPath:[Network Connect: Localhost--53.158.101.118:80]->NET_CONNECT->[Process: PName-pEja72mA, ARGUMENTS-]: 0.1: 0
[Process: PName-pEja72mA, ARGUMENTS-]->PROCESS_FORK->[Process: PName-pEja72mA, ARGUMENTS-aue_fork]: 0.1: 39996566
[Process: PName-procstat, ARGUMENTS-]->FILE_WRITE->[File: PATH-<unknown>]: 0.1: 60001263
[File: PATH-<unknown>]->FILE_READ->[Process: PName-pEja72mA, ARGUMENTS-]: 0.1: 210001627

###############Alert###############
currentTime:1720181559799
AnomalyScore: 0.9973
AlertPath:[Network Connect: Localhost--53.158.101.118:80]->NET_CONNECT->[Process: PName-pEja72mA, ARGUMENTS-]: 0.1: 0
[Process: PName-pEja72mA, ARGUMENTS-]->PROCESS_FORK->[Process: PName-pEja72mA, ARGUMENTS-aue_fork]: 0.1: 39996566
[Process: PName-procstat, ARGUMENTS-]->FILE_WRITE->[File: PATH-<unknown>]: 0.1: 60001263
[File: PATH-<unknown>]->FILE_READ->[Process: PName-pEja72mA, ARGUMENTS-]: 0.1: 210001627

###############Alert###############
currentTime:1720181559801
AnomalyScore: 0.9973
AlertPath:[Network Connect: Localhost--53.158.101.118:80]->NET_CONNECT->[Process: PName-pEja72mA, ARGUMENTS-]: 0.1: 0
[Process: PName-pEja72mA, ARGUMENTS-]->PROCESS_FORK->[Process: PName-pEja72mA, ARGUMENTS-aue_fork]: 0.1: 39996566
[Process: PName-procstat, ARGUMENTS-]->FILE_WRITE->[File: PATH-<unknown>]: 0.1: 60001263
[File: PATH-<unknown>]->FILE_READ->[Process: PName-pEja72mA, ARGUMENTS-]: 0.1: 220003197

###############Alert###############
currentTime:1720181559801
AnomalyScore: 0.9973
AlertPath:[Network Connect: Localhost--53.158.101.118:80]->NET_CONNECT->[Process: PName-pEja72mA, ARGUMENTS-]: 0.1: 0
[Process: PName-pEja72mA, ARGUMENTS-]->PROCESS_FORK->[Process: PName-pEja72mA, ARGUMENTS-aue_fork]: 0.1: 39996566
[Process: PName-procstat, ARGUMENTS-]->FILE_WRITE->[File: PATH-<unknown>]: 0.1: 60001263
[File: PATH-<unknown>]->FILE_READ->[Process: PName-pEja72mA, ARGUMENTS-]: 0.1: 220003197

###############Alert###############
currentTime:1720181559803
AnomalyScore: 0.9973
AlertPath:[Network Connect: Localhost--53.158.101.118:80]->NET_CONNECT->[Process: PName-pEja72mA, ARGUMENTS-]: 0.1: 0
[Process: PName-pEja72mA, ARGUMENTS-]->PROCESS_FORK->[Process: PName-pEja72mA, ARGUMENTS-aue_fork]: 0.1: 39996566
[Process: PName-procstat, ARGUMENTS-]->FILE_WRITE->[File: PATH-<unknown>]: 0.1: 60001263
[File: PATH-<unknown>]->FILE_READ->[Process: PName-pEja72mA, ARGUMENTS-]: 0.1: 220003197

###############Alert###############
currentTime:1720181559803
AnomalyScore: 0.9973
AlertPath:[Network Connect: Localhost--53.158.101.118:80]->NET_CONNECT->[Process: PName-pEja72mA, ARGUMENTS-]: 0.1: 0
[Process: PName-pEja72mA, ARGUMENTS-]->PROCESS_FORK->[Process: PName-pEja72mA, ARGUMENTS-aue_fork]: 0.1: 39996566
[Process: PName-procstat, ARGUMENTS-]->FILE_WRITE->[File: PATH-<unknown>]: 0.1: 60001263
[File: PATH-<unknown>]->FILE_READ->[Process: PName-pEja72mA, ARGUMENTS-]: 0.1: 220003197

###############Alert###############
currentTime:1720181559804
AnomalyScore: 0.9973
AlertPath:[Network Connect: Localhost--53.158.101.118:80]->NET_CONNECT->[Process: PName-pEja72mA, ARGUMENTS-]: 0.1: 0
[Process: PName-pEja72mA, ARGUMENTS-]->PROCESS_FORK->[Process: PName-pEja72mA, ARGUMENTS-aue_fork]: 0.1: 39996566
[Process: PName-procstat, ARGUMENTS-]->FILE_WRITE->[File: PATH-<unknown>]: 0.1: 60001263
[File: PATH-<unknown>]->FILE_READ->[Process: PName-pEja72mA, ARGUMENTS-]: 0.1: 220003197

###############Alert###############
currentTime:1720181559804
AnomalyScore: 0.9973
AlertPath:[Network Connect: Localhost--53.158.101.118:80]->NET_CONNECT->[Process: PName-pEja72mA, ARGUMENTS-]: 0.1: 0
[Process: PName-pEja72mA, ARGUMENTS-]->PROCESS_FORK->[Process: PName-pEja72mA, ARGUMENTS-aue_fork]: 0.1: 39996566
[Process: PName-procstat, ARGUMENTS-]->FILE_WRITE->[File: PATH-<unknown>]: 0.1: 60001263
[File: PATH-<unknown>]->FILE_READ->[Process: PName-pEja72mA, ARGUMENTS-]: 0.1: 220003197

###############Alert###############
currentTime:1720181559806
AnomalyScore: 0.9973
AlertPath:[Network Connect: Localhost--53.158.101.118:80]->NET_CONNECT->[Process: PName-pEja72mA, ARGUMENTS-]: 0.1: 0
[Process: PName-pEja72mA, ARGUMENTS-]->PROCESS_FORK->[Process: PName-pEja72mA, ARGUMENTS-aue_fork]: 0.1: 39996566
[Process: PName-procstat, ARGUMENTS-]->FILE_WRITE->[File: PATH-<unknown>]: 0.1: 60001263
[File: PATH-<unknown>]->FILE_READ->[Process: PName-pEja72mA, ARGUMENTS-]: 0.1: 220003197

###############Alert###############
currentTime:1720181559806
AnomalyScore: 0.9973
AlertPath:[Network Connect: Localhost--53.158.101.118:80]->NET_CONNECT->[Process: PName-pEja72mA, ARGUMENTS-]: 0.1: 0
[Process: PName-pEja72mA, ARGUMENTS-]->PROCESS_FORK->[Process: PName-pEja72mA, ARGUMENTS-aue_fork]: 0.1: 39996566
[Process: PName-procstat, ARGUMENTS-]->FILE_WRITE->[File: PATH-<unknown>]: 0.1: 60001263
[File: PATH-<unknown>]->FILE_READ->[Process: PName-pEja72mA, ARGUMENTS-]: 0.1: 220003197

###############Alert###############
currentTime:1720181559807
AnomalyScore: 0.9973
AlertPath:[Network Connect: Localhost--53.158.101.118:80]->NET_CONNECT->[Process: PName-pEja72mA, ARGUMENTS-]: 0.1: 0
[Process: PName-pEja72mA, ARGUMENTS-]->PROCESS_FORK->[Process: PName-pEja72mA, ARGUMENTS-aue_fork]: 0.1: 39996566
[Process: PName-procstat, ARGUMENTS-]->FILE_WRITE->[File: PATH-<unknown>]: 0.1: 60001263
[File: PATH-<unknown>]->FILE_READ->[Process: PName-pEja72mA, ARGUMENTS-]: 0.1: 230006995

###############Alert###############
currentTime:1720181559807
AnomalyScore: 0.9973
AlertPath:[Network Connect: Localhost--53.158.101.118:80]->NET_CONNECT->[Process: PName-pEja72mA, ARGUMENTS-]: 0.1: 0
[Process: PName-pEja72mA, ARGUMENTS-]->PROCESS_FORK->[Process: PName-pEja72mA, ARGUMENTS-aue_fork]: 0.1: 39996566
[Process: PName-procstat, ARGUMENTS-]->FILE_WRITE->[File: PATH-<unknown>]: 0.1: 60001263
[File: PATH-<unknown>]->FILE_READ->[Process: PName-pEja72mA, ARGUMENTS-]: 0.1: 230006995

###############Alert###############
currentTime:1720181559809
AnomalyScore: 0.9973
AlertPath:[Network Connect: Localhost--53.158.101.118:80]->NET_CONNECT->[Process: PName-pEja72mA, ARGUMENTS-]: 0.1: 0
[Process: PName-pEja72mA, ARGUMENTS-]->PROCESS_FORK->[Process: PName-pEja72mA, ARGUMENTS-aue_fork]: 0.1: 39996566
[Process: PName-procstat, ARGUMENTS-]->FILE_WRITE->[File: PATH-<unknown>]: 0.1: 60001263
[File: PATH-<unknown>]->FILE_READ->[Process: PName-pEja72mA, ARGUMENTS-]: 0.1: 230006995

###############Alert###############
currentTime:1720181559809
AnomalyScore: 0.9973
AlertPath:[Network Connect: Localhost--53.158.101.118:80]->NET_CONNECT->[Process: PName-pEja72mA, ARGUMENTS-]: 0.1: 0
[Process: PName-pEja72mA, ARGUMENTS-]->PROCESS_FORK->[Process: PName-pEja72mA, ARGUMENTS-aue_fork]: 0.1: 39996566
[Process: PName-procstat, ARGUMENTS-]->FILE_WRITE->[File: PATH-<unknown>]: 0.1: 60001263
[File: PATH-<unknown>]->FILE_READ->[Process: PName-pEja72mA, ARGUMENTS-]: 0.1: 230006995

###############Alert###############
currentTime:1720181559810
AnomalyScore: 0.9973
AlertPath:[Network Connect: Localhost--53.158.101.118:80]->NET_CONNECT->[Process: PName-pEja72mA, ARGUMENTS-]: 0.1: 0
[Process: PName-pEja72mA, ARGUMENTS-]->PROCESS_FORK->[Process: PName-pEja72mA, ARGUMENTS-aue_fork]: 0.1: 39996566
[Process: PName-procstat, ARGUMENTS-]->FILE_WRITE->[File: PATH-<unknown>]: 0.1: 60001263
[File: PATH-<unknown>]->FILE_READ->[Process: PName-pEja72mA, ARGUMENTS-]: 0.1: 230006995

###############Alert###############
currentTime:1720181559812
AnomalyScore: 0.9973
AlertPath:[Network Connect: Localhost--53.158.101.118:80]->NET_CONNECT->[Process: PName-pEja72mA, ARGUMENTS-]: 0.1: 0
[Process: PName-pEja72mA, ARGUMENTS-]->PROCESS_FORK->[Process: PName-pEja72mA, ARGUMENTS-aue_fork]: 0.1: 39996566
[Process: PName-procstat, ARGUMENTS-]->FILE_WRITE->[File: PATH-<unknown>]: 0.1: 60001263
[File: PATH-<unknown>]->FILE_READ->[Process: PName-pEja72mA, ARGUMENTS-]: 0.1: 230006995

###############Alert###############
currentTime:1720181559813
AnomalyScore: 0.9973
AlertPath:[Network Connect: Localhost--53.158.101.118:80]->NET_CONNECT->[Process: PName-pEja72mA, ARGUMENTS-]: 0.1: 0
[Process: PName-pEja72mA, ARGUMENTS-]->PROCESS_FORK->[Process: PName-pEja72mA, ARGUMENTS-aue_fork]: 0.1: 39996566
[Process: PName-procstat, ARGUMENTS-]->FILE_WRITE->[File: PATH-<unknown>]: 0.1: 60001263
[File: PATH-<unknown>]->FILE_READ->[Process: PName-pEja72mA, ARGUMENTS-]: 0.1: 230006995

###############Alert###############
currentTime:1720181559813
AnomalyScore: 0.9973
AlertPath:[Network Connect: Localhost--53.158.101.118:80]->NET_CONNECT->[Process: PName-pEja72mA, ARGUMENTS-]: 0.1: 0
[Process: PName-pEja72mA, ARGUMENTS-]->PROCESS_FORK->[Process: PName-pEja72mA, ARGUMENTS-aue_fork]: 0.1: 39996566
[Process: PName-procstat, ARGUMENTS-]->FILE_WRITE->[File: PATH-<unknown>]: 0.1: 60001263
[File: PATH-<unknown>]->FILE_READ->[Process: PName-pEja72mA, ARGUMENTS-]: 0.1: 230006995

###############Alert###############
currentTime:1720181559815
AnomalyScore: 0.9973
AlertPath:[Network Connect: Localhost--53.158.101.118:80]->NET_CONNECT->[Process: PName-pEja72mA, ARGUMENTS-]: 0.1: 0
[Process: PName-pEja72mA, ARGUMENTS-]->PROCESS_FORK->[Process: PName-pEja72mA, ARGUMENTS-aue_fork]: 0.1: 39996566
[Process: PName-procstat, ARGUMENTS-]->FILE_WRITE->[File: PATH-<unknown>]: 0.1: 60001263
[File: PATH-<unknown>]->FILE_READ->[Process: PName-pEja72mA, ARGUMENTS-]: 0.1: 230006995

###############Alert###############
currentTime:1720181559815
AnomalyScore: 0.9973
AlertPath:[Network Connect: Localhost--53.158.101.118:80]->NET_CONNECT->[Process: PName-pEja72mA, ARGUMENTS-]: 0.1: 0
[Process: PName-pEja72mA, ARGUMENTS-]->PROCESS_FORK->[Process: PName-pEja72mA, ARGUMENTS-aue_fork]: 0.1: 39996566
[Process: PName-procstat, ARGUMENTS-]->FILE_WRITE->[File: PATH-<unknown>]: 0.1: 60001263
[File: PATH-<unknown>]->FILE_READ->[Process: PName-pEja72mA, ARGUMENTS-]: 0.1: 230006995

###############Alert###############
currentTime:1720181559816
AnomalyScore: 0.9973
AlertPath:[Network Connect: Localhost--53.158.101.118:80]->NET_CONNECT->[Process: PName-pEja72mA, ARGUMENTS-]: 0.1: 0
[Process: PName-pEja72mA, ARGUMENTS-]->PROCESS_FORK->[Process: PName-pEja72mA, ARGUMENTS-aue_fork]: 0.1: 39996566
[Process: PName-procstat, ARGUMENTS-]->FILE_WRITE->[File: PATH-<unknown>]: 0.1: 60001263
[File: PATH-<unknown>]->FILE_READ->[Process: PName-pEja72mA, ARGUMENTS-]: 0.1: 230006995

###############Alert###############
currentTime:1720181559816
AnomalyScore: 0.9973
AlertPath:[Network Connect: Localhost--53.158.101.118:80]->NET_CONNECT->[Process: PName-pEja72mA, ARGUMENTS-]: 0.1: 0
[Process: PName-pEja72mA, ARGUMENTS-]->PROCESS_FORK->[Process: PName-pEja72mA, ARGUMENTS-aue_fork]: 0.1: 39996566
[Process: PName-procstat, ARGUMENTS-]->FILE_WRITE->[File: PATH-<unknown>]: 0.1: 60001263
[File: PATH-<unknown>]->FILE_READ->[Process: PName-pEja72mA, ARGUMENTS-]: 0.1: 230006995

###############Alert###############
currentTime:1720181559818
AnomalyScore: 0.9973
AlertPath:[Network Connect: Localhost--53.158.101.118:80]->NET_CONNECT->[Process: PName-pEja72mA, ARGUMENTS-]: 0.1: 0
[Process: PName-pEja72mA, ARGUMENTS-]->PROCESS_FORK->[Process: PName-pEja72mA, ARGUMENTS-aue_fork]: 0.1: 39996566
[Process: PName-procstat, ARGUMENTS-]->FILE_WRITE->[File: PATH-<unknown>]: 0.1: 60001263
[File: PATH-<unknown>]->FILE_READ->[Process: PName-pEja72mA, ARGUMENTS-]: 0.1: 230006995

###############Alert###############
currentTime:1720181559818
AnomalyScore: 0.9973
AlertPath:[Network Connect: Localhost--53.158.101.118:80]->NET_CONNECT->[Process: PName-pEja72mA, ARGUMENTS-]: 0.1: 0
[Process: PName-pEja72mA, ARGUMENTS-]->PROCESS_FORK->[Process: PName-pEja72mA, ARGUMENTS-aue_fork]: 0.1: 39996566
[Process: PName-procstat, ARGUMENTS-]->FILE_WRITE->[File: PATH-<unknown>]: 0.1: 60001263
[File: PATH-<unknown>]->FILE_READ->[Process: PName-pEja72mA, ARGUMENTS-]: 0.1: 240010214

###############Alert###############
currentTime:1720181559820
AnomalyScore: 0.9973
AlertPath:[Network Connect: Localhost--53.158.101.118:80]->NET_CONNECT->[Process: PName-pEja72mA, ARGUMENTS-]: 0.1: 0
[Process: PName-pEja72mA, ARGUMENTS-]->PROCESS_FORK->[Process: PName-pEja72mA, ARGUMENTS-aue_fork]: 0.1: 39996566
[Process: PName-procstat, ARGUMENTS-]->FILE_WRITE->[File: PATH-<unknown>]: 0.1: 60001263
[File: PATH-<unknown>]->FILE_READ->[Process: PName-pEja72mA, ARGUMENTS-]: 0.1: 240010214

###############Alert###############
currentTime:1720181559820
AnomalyScore: 0.9973
AlertPath:[Network Connect: Localhost--53.158.101.118:80]->NET_CONNECT->[Process: PName-pEja72mA, ARGUMENTS-]: 0.1: 0
[Process: PName-pEja72mA, ARGUMENTS-]->PROCESS_FORK->[Process: PName-pEja72mA, ARGUMENTS-aue_fork]: 0.1: 39996566
[Process: PName-procstat, ARGUMENTS-]->FILE_WRITE->[File: PATH-<unknown>]: 0.1: 60001263
[File: PATH-<unknown>]->FILE_READ->[Process: PName-pEja72mA, ARGUMENTS-]: 0.1: 240010214

###############Alert###############
currentTime:1720181559821
AnomalyScore: 0.9973
AlertPath:[Network Connect: Localhost--53.158.101.118:80]->NET_CONNECT->[Process: PName-pEja72mA, ARGUMENTS-]: 0.1: 0
[Process: PName-pEja72mA, ARGUMENTS-]->PROCESS_FORK->[Process: PName-pEja72mA, ARGUMENTS-aue_fork]: 0.1: 39996566
[Process: PName-procstat, ARGUMENTS-]->FILE_WRITE->[File: PATH-<unknown>]: 0.1: 60001263
[File: PATH-<unknown>]->FILE_READ->[Process: PName-pEja72mA, ARGUMENTS-]: 0.1: 240010214

###############Alert###############
currentTime:1720181559821
AnomalyScore: 0.9973
AlertPath:[Network Connect: Localhost--53.158.101.118:80]->NET_CONNECT->[Process: PName-pEja72mA, ARGUMENTS-]: 0.1: 0
[Process: PName-pEja72mA, ARGUMENTS-]->PROCESS_FORK->[Process: PName-pEja72mA, ARGUMENTS-aue_fork]: 0.1: 39996566
[Process: PName-procstat, ARGUMENTS-]->FILE_WRITE->[File: PATH-<unknown>]: 0.1: 60001263
[File: PATH-<unknown>]->FILE_READ->[Process: PName-pEja72mA, ARGUMENTS-]: 0.1: 240010214

###############Alert###############
currentTime:1720181559823
AnomalyScore: 0.9973
AlertPath:[Network Connect: Localhost--53.158.101.118:80]->NET_CONNECT->[Process: PName-pEja72mA, ARGUMENTS-]: 0.1: 0
[Process: PName-pEja72mA, ARGUMENTS-]->PROCESS_FORK->[Process: PName-pEja72mA, ARGUMENTS-aue_fork]: 0.1: 39996566
[Process: PName-procstat, ARGUMENTS-]->FILE_WRITE->[File: PATH-<unknown>]: 0.1: 60001263
[File: PATH-<unknown>]->FILE_READ->[Process: PName-pEja72mA, ARGUMENTS-]: 0.1: 240010214

###############Alert###############
currentTime:1720181559823
AnomalyScore: 0.9973
AlertPath:[Network Connect: Localhost--53.158.101.118:80]->NET_CONNECT->[Process: PName-pEja72mA, ARGUMENTS-]: 0.1: 0
[Process: PName-pEja72mA, ARGUMENTS-]->PROCESS_FORK->[Process: PName-pEja72mA, ARGUMENTS-aue_fork]: 0.1: 39996566
[Process: PName-procstat, ARGUMENTS-]->FILE_WRITE->[File: PATH-<unknown>]: 0.1: 60001263
[File: PATH-<unknown>]->FILE_READ->[Process: PName-pEja72mA, ARGUMENTS-]: 0.1: 240010214

###############Alert###############
currentTime:1720181559825
AnomalyScore: 0.9973
AlertPath:[Network Connect: Localhost--53.158.101.118:80]->NET_CONNECT->[Process: PName-pEja72mA, ARGUMENTS-]: 0.1: 0
[Process: PName-pEja72mA, ARGUMENTS-]->PROCESS_FORK->[Process: PName-pEja72mA, ARGUMENTS-aue_fork]: 0.1: 39996566
[Process: PName-procstat, ARGUMENTS-]->FILE_WRITE->[File: PATH-<unknown>]: 0.1: 60001263
[File: PATH-<unknown>]->FILE_READ->[Process: PName-pEja72mA, ARGUMENTS-]: 0.1: 240010214

###############Alert###############
currentTime:1720181559825
AnomalyScore: 0.9973
AlertPath:[Network Connect: Localhost--53.158.101.118:80]->NET_CONNECT->[Process: PName-pEja72mA, ARGUMENTS-]: 0.1: 0
[Process: PName-pEja72mA, ARGUMENTS-]->PROCESS_FORK->[Process: PName-pEja72mA, ARGUMENTS-aue_fork]: 0.1: 39996566
[Process: PName-procstat, ARGUMENTS-]->FILE_WRITE->[File: PATH-<unknown>]: 0.1: 60001263
[File: PATH-<unknown>]->FILE_READ->[Process: PName-pEja72mA, ARGUMENTS-]: 0.1: 240010214

###############Alert###############
currentTime:1720181559826
AnomalyScore: 0.9973
AlertPath:[Network Connect: Localhost--53.158.101.118:80]->NET_CONNECT->[Process: PName-pEja72mA, ARGUMENTS-]: 0.1: 0
[Process: PName-pEja72mA, ARGUMENTS-]->PROCESS_FORK->[Process: PName-pEja72mA, ARGUMENTS-aue_fork]: 0.1: 39996566
[Process: PName-procstat, ARGUMENTS-]->FILE_WRITE->[File: PATH-<unknown>]: 0.1: 60001263
[File: PATH-<unknown>]->FILE_READ->[Process: PName-pEja72mA, ARGUMENTS-]: 0.1: 240010214

###############Alert###############
currentTime:1720181559827
AnomalyScore: 0.9973
AlertPath:[Network Connect: Localhost--53.158.101.118:80]->NET_CONNECT->[Process: PName-pEja72mA, ARGUMENTS-]: 0.1: 0
[Process: PName-pEja72mA, ARGUMENTS-]->PROCESS_FORK->[Process: PName-pEja72mA, ARGUMENTS-aue_fork]: 0.1: 39996566
[Process: PName-procstat, ARGUMENTS-]->FILE_WRITE->[File: PATH-<unknown>]: 0.1: 60001263
[File: PATH-<unknown>]->FILE_READ->[Process: PName-pEja72mA, ARGUMENTS-]: 0.1: 240010214

###############Alert###############
currentTime:1720181559829
AnomalyScore: 0.9973
AlertPath:[Network Connect: Localhost--53.158.101.118:80]->NET_CONNECT->[Process: PName-pEja72mA, ARGUMENTS-]: 0.1: 0
[Process: PName-pEja72mA, ARGUMENTS-]->PROCESS_FORK->[Process: PName-pEja72mA, ARGUMENTS-aue_fork]: 0.1: 39996566
[Process: PName-procstat, ARGUMENTS-]->FILE_WRITE->[File: PATH-<unknown>]: 0.1: 60001263
[File: PATH-<unknown>]->FILE_READ->[Process: PName-pEja72mA, ARGUMENTS-]: 0.1: 240010214

###############Alert###############
currentTime:1720181559829
AnomalyScore: 0.9973
AlertPath:[Network Connect: Localhost--53.158.101.118:80]->NET_CONNECT->[Process: PName-pEja72mA, ARGUMENTS-]: 0.1: 0
[Process: PName-pEja72mA, ARGUMENTS-]->PROCESS_FORK->[Process: PName-pEja72mA, ARGUMENTS-aue_fork]: 0.1: 39996566
[Process: PName-procstat, ARGUMENTS-]->FILE_WRITE->[File: PATH-<unknown>]: 0.1: 60001263
[File: PATH-<unknown>]->FILE_READ->[Process: PName-pEja72mA, ARGUMENTS-]: 0.1: 240010214

###############Alert###############
currentTime:1720181559830
AnomalyScore: 0.9973
AlertPath:[Network Connect: Localhost--53.158.101.118:80]->NET_CONNECT->[Process: PName-pEja72mA, ARGUMENTS-]: 0.1: 0
[Process: PName-pEja72mA, ARGUMENTS-]->PROCESS_FORK->[Process: PName-pEja72mA, ARGUMENTS-aue_fork]: 0.1: 39996566
[Process: PName-procstat, ARGUMENTS-]->FILE_WRITE->[File: PATH-<unknown>]: 0.1: 60001263
[File: PATH-<unknown>]->FILE_READ->[Process: PName-pEja72mA, ARGUMENTS-]: 0.1: 250005433

###############Alert###############
currentTime:1720181559830
AnomalyScore: 0.9973
AlertPath:[Network Connect: Localhost--53.158.101.118:80]->NET_CONNECT->[Process: PName-pEja72mA, ARGUMENTS-]: 0.1: 0
[Process: PName-pEja72mA, ARGUMENTS-]->PROCESS_FORK->[Process: PName-pEja72mA, ARGUMENTS-aue_fork]: 0.1: 39996566
[Process: PName-procstat, ARGUMENTS-]->FILE_WRITE->[File: PATH-<unknown>]: 0.1: 60001263
[File: PATH-<unknown>]->FILE_READ->[Process: PName-pEja72mA, ARGUMENTS-]: 0.1: 250005433

###############Alert###############
currentTime:1720181559832
AnomalyScore: 0.9973
AlertPath:[Network Connect: Localhost--53.158.101.118:80]->NET_CONNECT->[Process: PName-pEja72mA, ARGUMENTS-]: 0.1: 0
[Process: PName-pEja72mA, ARGUMENTS-]->PROCESS_FORK->[Process: PName-pEja72mA, ARGUMENTS-aue_fork]: 0.1: 39996566
[Process: PName-procstat, ARGUMENTS-]->FILE_WRITE->[File: PATH-<unknown>]: 0.1: 60001263
[File: PATH-<unknown>]->FILE_READ->[Process: PName-pEja72mA, ARGUMENTS-]: 0.1: 250005433

###############Alert###############
currentTime:1720181559832
AnomalyScore: 0.9973
AlertPath:[Network Connect: Localhost--53.158.101.118:80]->NET_CONNECT->[Process: PName-pEja72mA, ARGUMENTS-]: 0.1: 0
[Process: PName-pEja72mA, ARGUMENTS-]->PROCESS_FORK->[Process: PName-pEja72mA, ARGUMENTS-aue_fork]: 0.1: 39996566
[Process: PName-procstat, ARGUMENTS-]->FILE_WRITE->[File: PATH-<unknown>]: 0.1: 60001263
[File: PATH-<unknown>]->FILE_READ->[Process: PName-pEja72mA, ARGUMENTS-]: 0.1: 250005433

###############Alert###############
currentTime:1720181559834
AnomalyScore: 0.9973
AlertPath:[Network Connect: Localhost--53.158.101.118:80]->NET_CONNECT->[Process: PName-pEja72mA, ARGUMENTS-]: 0.1: 0
[Process: PName-pEja72mA, ARGUMENTS-]->PROCESS_FORK->[Process: PName-pEja72mA, ARGUMENTS-aue_fork]: 0.1: 39996566
[Process: PName-procstat, ARGUMENTS-]->FILE_WRITE->[File: PATH-<unknown>]: 0.1: 60001263
[File: PATH-<unknown>]->FILE_READ->[Process: PName-pEja72mA, ARGUMENTS-]: 0.1: 250005433

###############Alert###############
currentTime:1720181559834
AnomalyScore: 0.9973
AlertPath:[Network Connect: Localhost--53.158.101.118:80]->NET_CONNECT->[Process: PName-pEja72mA, ARGUMENTS-]: 0.1: 0
[Process: PName-pEja72mA, ARGUMENTS-]->PROCESS_FORK->[Process: PName-pEja72mA, ARGUMENTS-aue_fork]: 0.1: 39996566
[Process: PName-procstat, ARGUMENTS-]->FILE_WRITE->[File: PATH-<unknown>]: 0.1: 60001263
[File: PATH-<unknown>]->FILE_READ->[Process: PName-pEja72mA, ARGUMENTS-]: 0.1: 250005433

###############Alert###############
currentTime:1720181559835
AnomalyScore: 0.9973
AlertPath:[Network Connect: Localhost--53.158.101.118:80]->NET_CONNECT->[Process: PName-pEja72mA, ARGUMENTS-]: 0.1: 0
[Process: PName-pEja72mA, ARGUMENTS-]->PROCESS_FORK->[Process: PName-pEja72mA, ARGUMENTS-aue_fork]: 0.1: 39996566
[Process: PName-procstat, ARGUMENTS-]->FILE_WRITE->[File: PATH-<unknown>]: 0.1: 60001263
[File: PATH-<unknown>]->FILE_READ->[Process: PName-pEja72mA, ARGUMENTS-]: 0.1: 250005433

###############Alert###############
currentTime:1720181559835
AnomalyScore: 0.9973
AlertPath:[Network Connect: Localhost--53.158.101.118:80]->NET_CONNECT->[Process: PName-pEja72mA, ARGUMENTS-]: 0.1: 0
[Process: PName-pEja72mA, ARGUMENTS-]->PROCESS_FORK->[Process: PName-pEja72mA, ARGUMENTS-aue_fork]: 0.1: 39996566
[Process: PName-procstat, ARGUMENTS-]->FILE_WRITE->[File: PATH-<unknown>]: 0.1: 60001263
[File: PATH-<unknown>]->FILE_READ->[Process: PName-pEja72mA, ARGUMENTS-]: 0.1: 250005433

###############Alert###############
currentTime:1720181559837
AnomalyScore: 0.9973
AlertPath:[Network Connect: Localhost--53.158.101.118:80]->NET_CONNECT->[Process: PName-pEja72mA, ARGUMENTS-]: 0.1: 0
[Process: PName-pEja72mA, ARGUMENTS-]->PROCESS_FORK->[Process: PName-pEja72mA, ARGUMENTS-aue_fork]: 0.1: 39996566
[Process: PName-procstat, ARGUMENTS-]->FILE_WRITE->[File: PATH-<unknown>]: 0.1: 60001263
[File: PATH-<unknown>]->FILE_READ->[Process: PName-pEja72mA, ARGUMENTS-]: 0.1: 250005433

###############Alert###############
currentTime:1720181559837
AnomalyScore: 0.9973
AlertPath:[Network Connect: Localhost--53.158.101.118:80]->NET_CONNECT->[Process: PName-pEja72mA, ARGUMENTS-]: 0.1: 0
[Process: PName-pEja72mA, ARGUMENTS-]->PROCESS_FORK->[Process: PName-pEja72mA, ARGUMENTS-aue_fork]: 0.1: 39996566
[Process: PName-procstat, ARGUMENTS-]->FILE_WRITE->[File: PATH-<unknown>]: 0.1: 60001263
[File: PATH-<unknown>]->FILE_READ->[Process: PName-pEja72mA, ARGUMENTS-]: 0.1: 250005433

###############Alert###############
currentTime:1720181559839
AnomalyScore: 0.9973
AlertPath:[Network Connect: Localhost--53.158.101.118:80]->NET_CONNECT->[Process: PName-pEja72mA, ARGUMENTS-]: 0.1: 0
[Process: PName-pEja72mA, ARGUMENTS-]->PROCESS_FORK->[Process: PName-pEja72mA, ARGUMENTS-aue_fork]: 0.1: 39996566
[Process: PName-procstat, ARGUMENTS-]->FILE_WRITE->[File: PATH-<unknown>]: 0.1: 60001263
[File: PATH-<unknown>]->FILE_READ->[Process: PName-pEja72mA, ARGUMENTS-]: 0.1: 250005433

###############Alert###############
currentTime:1720181559839
AnomalyScore: 0.9973
AlertPath:[Network Connect: Localhost--53.158.101.118:80]->NET_CONNECT->[Process: PName-pEja72mA, ARGUMENTS-]: 0.1: 0
[Process: PName-pEja72mA, ARGUMENTS-]->PROCESS_FORK->[Process: PName-pEja72mA, ARGUMENTS-aue_fork]: 0.1: 39996566
[Process: PName-procstat, ARGUMENTS-]->FILE_WRITE->[File: PATH-<unknown>]: 0.1: 60001263
[File: PATH-<unknown>]->FILE_READ->[Process: PName-pEja72mA, ARGUMENTS-]: 0.1: 250005433

###############Alert###############
currentTime:1720181559840
AnomalyScore: 0.9973
AlertPath:[Network Connect: Localhost--53.158.101.118:80]->NET_CONNECT->[Process: PName-pEja72mA, ARGUMENTS-]: 0.1: 0
[Process: PName-pEja72mA, ARGUMENTS-]->PROCESS_FORK->[Process: PName-pEja72mA, ARGUMENTS-aue_fork]: 0.1: 39996566
[Process: PName-procstat, ARGUMENTS-]->FILE_WRITE->[File: PATH-<unknown>]: 0.1: 60001263
[File: PATH-<unknown>]->FILE_READ->[Process: PName-pEja72mA, ARGUMENTS-]: 0.1: 260004752

###############Alert###############
currentTime:1720181559841
AnomalyScore: 0.9973
AlertPath:[Network Connect: Localhost--53.158.101.118:80]->NET_CONNECT->[Process: PName-pEja72mA, ARGUMENTS-]: 0.1: 0
[Process: PName-pEja72mA, ARGUMENTS-]->PROCESS_FORK->[Process: PName-pEja72mA, ARGUMENTS-aue_fork]: 0.1: 39996566
[Process: PName-procstat, ARGUMENTS-]->FILE_WRITE->[File: PATH-<unknown>]: 0.1: 60001263
[File: PATH-<unknown>]->FILE_READ->[Process: PName-pEja72mA, ARGUMENTS-]: 0.1: 260004752

###############Alert###############
currentTime:1720181559843
AnomalyScore: 0.9973
AlertPath:[Network Connect: Localhost--53.158.101.118:80]->NET_CONNECT->[Process: PName-pEja72mA, ARGUMENTS-]: 0.1: 0
[Process: PName-pEja72mA, ARGUMENTS-]->PROCESS_FORK->[Process: PName-pEja72mA, ARGUMENTS-aue_fork]: 0.1: 39996566
[Process: PName-procstat, ARGUMENTS-]->FILE_WRITE->[File: PATH-<unknown>]: 0.1: 60001263
[File: PATH-<unknown>]->FILE_READ->[Process: PName-pEja72mA, ARGUMENTS-]: 0.1: 260004752

###############Alert###############
currentTime:1720181559843
AnomalyScore: 0.9973
AlertPath:[Network Connect: Localhost--53.158.101.118:80]->NET_CONNECT->[Process: PName-pEja72mA, ARGUMENTS-]: 0.1: 0
[Process: PName-pEja72mA, ARGUMENTS-]->PROCESS_FORK->[Process: PName-pEja72mA, ARGUMENTS-aue_fork]: 0.1: 39996566
[Process: PName-procstat, ARGUMENTS-]->FILE_WRITE->[File: PATH-<unknown>]: 0.1: 60001263
[File: PATH-<unknown>]->FILE_READ->[Process: PName-pEja72mA, ARGUMENTS-]: 0.1: 260004752

###############Alert###############
currentTime:1720181559845
AnomalyScore: 0.9973
AlertPath:[Network Connect: Localhost--53.158.101.118:80]->NET_CONNECT->[Process: PName-pEja72mA, ARGUMENTS-]: 0.1: 0
[Process: PName-pEja72mA, ARGUMENTS-]->PROCESS_FORK->[Process: PName-pEja72mA, ARGUMENTS-aue_fork]: 0.1: 39996566
[Process: PName-procstat, ARGUMENTS-]->FILE_WRITE->[File: PATH-<unknown>]: 0.1: 60001263
[File: PATH-<unknown>]->FILE_READ->[Process: PName-pEja72mA, ARGUMENTS-]: 0.1: 260004752

###############Alert###############
currentTime:1720181559846
AnomalyScore: 0.9973
AlertPath:[Network Connect: Localhost--53.158.101.118:80]->NET_CONNECT->[Process: PName-pEja72mA, ARGUMENTS-]: 0.1: 0
[Process: PName-pEja72mA, ARGUMENTS-]->PROCESS_FORK->[Process: PName-pEja72mA, ARGUMENTS-aue_fork]: 0.1: 39996566
[Process: PName-procstat, ARGUMENTS-]->FILE_WRITE->[File: PATH-<unknown>]: 0.1: 60001263
[File: PATH-<unknown>]->FILE_READ->[Process: PName-pEja72mA, ARGUMENTS-]: 0.1: 260004752

###############Alert###############
currentTime:1720181559848
AnomalyScore: 0.9973
AlertPath:[Network Connect: Localhost--53.158.101.118:80]->NET_CONNECT->[Process: PName-pEja72mA, ARGUMENTS-]: 0.1: 0
[Process: PName-pEja72mA, ARGUMENTS-]->PROCESS_FORK->[Process: PName-pEja72mA, ARGUMENTS-aue_fork]: 0.1: 39996566
[Process: PName-procstat, ARGUMENTS-]->FILE_WRITE->[File: PATH-<unknown>]: 0.1: 60001263
[File: PATH-<unknown>]->FILE_READ->[Process: PName-pEja72mA, ARGUMENTS-]: 0.1: 260004752

###############Alert###############
currentTime:1720181559848
AnomalyScore: 0.9973
AlertPath:[Network Connect: Localhost--53.158.101.118:80]->NET_CONNECT->[Process: PName-pEja72mA, ARGUMENTS-]: 0.1: 0
[Process: PName-pEja72mA, ARGUMENTS-]->PROCESS_FORK->[Process: PName-pEja72mA, ARGUMENTS-aue_fork]: 0.1: 39996566
[Process: PName-procstat, ARGUMENTS-]->FILE_WRITE->[File: PATH-<unknown>]: 0.1: 60001263
[File: PATH-<unknown>]->FILE_READ->[Process: PName-pEja72mA, ARGUMENTS-]: 0.1: 260004752

###############Alert###############
currentTime:1720181559850
AnomalyScore: 0.9973
AlertPath:[Network Connect: Localhost--53.158.101.118:80]->NET_CONNECT->[Process: PName-pEja72mA, ARGUMENTS-]: 0.1: 0
[Process: PName-pEja72mA, ARGUMENTS-]->PROCESS_FORK->[Process: PName-pEja72mA, ARGUMENTS-aue_fork]: 0.1: 39996566
[Process: PName-procstat, ARGUMENTS-]->FILE_WRITE->[File: PATH-<unknown>]: 0.1: 60001263
[File: PATH-<unknown>]->FILE_READ->[Process: PName-pEja72mA, ARGUMENTS-]: 0.1: 260004752

###############Alert###############
currentTime:1720181559850
AnomalyScore: 0.9973
AlertPath:[Network Connect: Localhost--53.158.101.118:80]->NET_CONNECT->[Process: PName-pEja72mA, ARGUMENTS-]: 0.1: 0
[Process: PName-pEja72mA, ARGUMENTS-]->PROCESS_FORK->[Process: PName-pEja72mA, ARGUMENTS-aue_fork]: 0.1: 39996566
[Process: PName-procstat, ARGUMENTS-]->FILE_WRITE->[File: PATH-<unknown>]: 0.1: 60001263
[File: PATH-<unknown>]->FILE_READ->[Process: PName-pEja72mA, ARGUMENTS-]: 0.1: 260004752

###############Alert###############
currentTime:1720181559851
AnomalyScore: 0.9973
AlertPath:[Network Connect: Localhost--53.158.101.118:80]->NET_CONNECT->[Process: PName-pEja72mA, ARGUMENTS-]: 0.1: 0
[Process: PName-pEja72mA, ARGUMENTS-]->PROCESS_FORK->[Process: PName-pEja72mA, ARGUMENTS-aue_fork]: 0.1: 39996566
[Process: PName-procstat, ARGUMENTS-]->FILE_WRITE->[File: PATH-<unknown>]: 0.1: 60001263
[File: PATH-<unknown>]->FILE_READ->[Process: PName-pEja72mA, ARGUMENTS-]: 0.1: 260004752

###############Alert###############
currentTime:1720181559851
AnomalyScore: 0.9973
AlertPath:[Network Connect: Localhost--53.158.101.118:80]->NET_CONNECT->[Process: PName-pEja72mA, ARGUMENTS-]: 0.1: 0
[Process: PName-pEja72mA, ARGUMENTS-]->PROCESS_FORK->[Process: PName-pEja72mA, ARGUMENTS-aue_fork]: 0.1: 39996566
[Process: PName-procstat, ARGUMENTS-]->FILE_WRITE->[File: PATH-<unknown>]: 0.1: 60001263
[File: PATH-<unknown>]->FILE_READ->[Process: PName-pEja72mA, ARGUMENTS-]: 0.1: 260004752

###############Alert###############
currentTime:1720181559853
AnomalyScore: 0.9973
AlertPath:[Network Connect: Localhost--53.158.101.118:80]->NET_CONNECT->[Process: PName-pEja72mA, ARGUMENTS-]: 0.1: 0
[Process: PName-pEja72mA, ARGUMENTS-]->PROCESS_FORK->[Process: PName-pEja72mA, ARGUMENTS-aue_fork]: 0.1: 39996566
[Process: PName-procstat, ARGUMENTS-]->FILE_WRITE->[File: PATH-<unknown>]: 0.1: 60001263
[File: PATH-<unknown>]->FILE_READ->[Process: PName-pEja72mA, ARGUMENTS-]: 0.1: 260004752

###############Alert###############
currentTime:1720181559853
AnomalyScore: 0.9973
AlertPath:[Network Connect: Localhost--53.158.101.118:80]->NET_CONNECT->[Process: PName-pEja72mA, ARGUMENTS-]: 0.1: 0
[Process: PName-pEja72mA, ARGUMENTS-]->PROCESS_FORK->[Process: PName-pEja72mA, ARGUMENTS-aue_fork]: 0.1: 39996566
[Process: PName-procstat, ARGUMENTS-]->FILE_WRITE->[File: PATH-<unknown>]: 0.1: 60001263
[File: PATH-<unknown>]->FILE_READ->[Process: PName-pEja72mA, ARGUMENTS-]: 0.1: 270002871

###############Alert###############
currentTime:1720181559855
AnomalyScore: 0.9973
AlertPath:[Network Connect: Localhost--53.158.101.118:80]->NET_CONNECT->[Process: PName-pEja72mA, ARGUMENTS-]: 0.1: 0
[Process: PName-pEja72mA, ARGUMENTS-]->PROCESS_FORK->[Process: PName-pEja72mA, ARGUMENTS-aue_fork]: 0.1: 39996566
[Process: PName-procstat, ARGUMENTS-]->FILE_WRITE->[File: PATH-<unknown>]: 0.1: 60001263
[File: PATH-<unknown>]->FILE_READ->[Process: PName-pEja72mA, ARGUMENTS-]: 0.1: 270002871

###############Alert###############
currentTime:1720181559855
AnomalyScore: 0.9973
AlertPath:[Network Connect: Localhost--53.158.101.118:80]->NET_CONNECT->[Process: PName-pEja72mA, ARGUMENTS-]: 0.1: 0
[Process: PName-pEja72mA, ARGUMENTS-]->PROCESS_FORK->[Process: PName-pEja72mA, ARGUMENTS-aue_fork]: 0.1: 39996566
[Process: PName-procstat, ARGUMENTS-]->FILE_WRITE->[File: PATH-<unknown>]: 0.1: 60001263
[File: PATH-<unknown>]->FILE_READ->[Process: PName-pEja72mA, ARGUMENTS-]: 0.1: 270002871

###############Alert###############
currentTime:1720181559856
AnomalyScore: 0.9973
AlertPath:[Network Connect: Localhost--53.158.101.118:80]->NET_CONNECT->[Process: PName-pEja72mA, ARGUMENTS-]: 0.1: 0
[Process: PName-pEja72mA, ARGUMENTS-]->PROCESS_FORK->[Process: PName-pEja72mA, ARGUMENTS-aue_fork]: 0.1: 39996566
[Process: PName-procstat, ARGUMENTS-]->FILE_WRITE->[File: PATH-<unknown>]: 0.1: 60001263
[File: PATH-<unknown>]->FILE_READ->[Process: PName-pEja72mA, ARGUMENTS-]: 0.1: 270002871

###############Alert###############
currentTime:1720181559856
AnomalyScore: 0.9973
AlertPath:[Network Connect: Localhost--53.158.101.118:80]->NET_CONNECT->[Process: PName-pEja72mA, ARGUMENTS-]: 0.1: 0
[Process: PName-pEja72mA, ARGUMENTS-]->PROCESS_FORK->[Process: PName-pEja72mA, ARGUMENTS-aue_fork]: 0.1: 39996566
[Process: PName-procstat, ARGUMENTS-]->FILE_WRITE->[File: PATH-<unknown>]: 0.1: 60001263
[File: PATH-<unknown>]->FILE_READ->[Process: PName-pEja72mA, ARGUMENTS-]: 0.1: 270002871

###############Alert###############
currentTime:1720181559858
AnomalyScore: 0.9973
AlertPath:[Network Connect: Localhost--53.158.101.118:80]->NET_CONNECT->[Process: PName-pEja72mA, ARGUMENTS-]: 0.1: 0
[Process: PName-pEja72mA, ARGUMENTS-]->PROCESS_FORK->[Process: PName-pEja72mA, ARGUMENTS-aue_fork]: 0.1: 39996566
[Process: PName-procstat, ARGUMENTS-]->FILE_WRITE->[File: PATH-<unknown>]: 0.1: 60001263
[File: PATH-<unknown>]->FILE_READ->[Process: PName-pEja72mA, ARGUMENTS-]: 0.1: 270002871

###############Alert###############
currentTime:1720181559858
AnomalyScore: 0.9973
AlertPath:[Network Connect: Localhost--53.158.101.118:80]->NET_CONNECT->[Process: PName-pEja72mA, ARGUMENTS-]: 0.1: 0
[Process: PName-pEja72mA, ARGUMENTS-]->PROCESS_FORK->[Process: PName-pEja72mA, ARGUMENTS-aue_fork]: 0.1: 39996566
[Process: PName-procstat, ARGUMENTS-]->FILE_WRITE->[File: PATH-<unknown>]: 0.1: 60001263
[File: PATH-<unknown>]->FILE_READ->[Process: PName-pEja72mA, ARGUMENTS-]: 0.1: 270002871

###############Alert###############
currentTime:1720181559860
AnomalyScore: 0.9973
AlertPath:[Network Connect: Localhost--53.158.101.118:80]->NET_CONNECT->[Process: PName-pEja72mA, ARGUMENTS-]: 0.1: 0
[Process: PName-pEja72mA, ARGUMENTS-]->PROCESS_FORK->[Process: PName-pEja72mA, ARGUMENTS-aue_fork]: 0.1: 39996566
[Process: PName-procstat, ARGUMENTS-]->FILE_WRITE->[File: PATH-<unknown>]: 0.1: 60001263
[File: PATH-<unknown>]->FILE_READ->[Process: PName-pEja72mA, ARGUMENTS-]: 0.1: 270002871

###############Alert###############
currentTime:1720181559860
AnomalyScore: 0.9973
AlertPath:[Network Connect: Localhost--53.158.101.118:80]->NET_CONNECT->[Process: PName-pEja72mA, ARGUMENTS-]: 0.1: 0
[Process: PName-pEja72mA, ARGUMENTS-]->PROCESS_FORK->[Process: PName-pEja72mA, ARGUMENTS-aue_fork]: 0.1: 39996566
[Process: PName-procstat, ARGUMENTS-]->FILE_WRITE->[File: PATH-<unknown>]: 0.1: 60001263
[File: PATH-<unknown>]->FILE_READ->[Process: PName-pEja72mA, ARGUMENTS-]: 0.1: 270002871

###############Alert###############
currentTime:1720181559862
AnomalyScore: 0.9973
AlertPath:[Network Connect: Localhost--53.158.101.118:80]->NET_CONNECT->[Process: PName-pEja72mA, ARGUMENTS-]: 0.1: 0
[Process: PName-pEja72mA, ARGUMENTS-]->PROCESS_FORK->[Process: PName-pEja72mA, ARGUMENTS-aue_fork]: 0.1: 39996566
[Process: PName-procstat, ARGUMENTS-]->FILE_WRITE->[File: PATH-<unknown>]: 0.1: 60001263
[File: PATH-<unknown>]->FILE_READ->[Process: PName-pEja72mA, ARGUMENTS-]: 0.1: 270002871

###############Alert###############
currentTime:1720181559862
AnomalyScore: 0.9973
AlertPath:[Network Connect: Localhost--53.158.101.118:80]->NET_CONNECT->[Process: PName-pEja72mA, ARGUMENTS-]: 0.1: 0
[Process: PName-pEja72mA, ARGUMENTS-]->PROCESS_FORK->[Process: PName-pEja72mA, ARGUMENTS-aue_fork]: 0.1: 39996566
[Process: PName-procstat, ARGUMENTS-]->FILE_WRITE->[File: PATH-<unknown>]: 0.1: 60001263
[File: PATH-<unknown>]->FILE_READ->[Process: PName-pEja72mA, ARGUMENTS-]: 0.1: 270002871

###############Alert###############
currentTime:1720181559863
AnomalyScore: 0.9973
AlertPath:[Network Connect: Localhost--53.158.101.118:80]->NET_CONNECT->[Process: PName-pEja72mA, ARGUMENTS-]: 0.1: 0
[Process: PName-pEja72mA, ARGUMENTS-]->PROCESS_FORK->[Process: PName-pEja72mA, ARGUMENTS-aue_fork]: 0.1: 39996566
[Process: PName-procstat, ARGUMENTS-]->FILE_WRITE->[File: PATH-<unknown>]: 0.1: 60001263
[File: PATH-<unknown>]->FILE_READ->[Process: PName-pEja72mA, ARGUMENTS-]: 0.1: 270002871

###############Alert###############
currentTime:1720181559863
AnomalyScore: 0.9973
AlertPath:[Network Connect: Localhost--53.158.101.118:80]->NET_CONNECT->[Process: PName-pEja72mA, ARGUMENTS-]: 0.1: 0
[Process: PName-pEja72mA, ARGUMENTS-]->PROCESS_FORK->[Process: PName-pEja72mA, ARGUMENTS-aue_fork]: 0.1: 39996566
[Process: PName-procstat, ARGUMENTS-]->FILE_WRITE->[File: PATH-<unknown>]: 0.1: 60001263
[File: PATH-<unknown>]->FILE_READ->[Process: PName-pEja72mA, ARGUMENTS-]: 0.1: 270002871

###############Alert###############
currentTime:1720181559865
AnomalyScore: 0.9973
AlertPath:[Network Connect: Localhost--53.158.101.118:80]->NET_CONNECT->[Process: PName-pEja72mA, ARGUMENTS-]: 0.1: 0
[Process: PName-pEja72mA, ARGUMENTS-]->PROCESS_FORK->[Process: PName-pEja72mA, ARGUMENTS-aue_fork]: 0.1: 39996566
[Process: PName-procstat, ARGUMENTS-]->FILE_WRITE->[File: PATH-<unknown>]: 0.1: 60001263
[File: PATH-<unknown>]->FILE_READ->[Process: PName-pEja72mA, ARGUMENTS-]: 0.1: 280001570

###############Alert###############
currentTime:1720181559865
AnomalyScore: 0.9973
AlertPath:[Network Connect: Localhost--53.158.101.118:80]->NET_CONNECT->[Process: PName-pEja72mA, ARGUMENTS-]: 0.1: 0
[Process: PName-pEja72mA, ARGUMENTS-]->PROCESS_FORK->[Process: PName-pEja72mA, ARGUMENTS-aue_fork]: 0.1: 39996566
[Process: PName-procstat, ARGUMENTS-]->FILE_WRITE->[File: PATH-<unknown>]: 0.1: 60001263
[File: PATH-<unknown>]->FILE_READ->[Process: PName-pEja72mA, ARGUMENTS-]: 0.1: 280001570

###############Alert###############
currentTime:1720181559867
AnomalyScore: 0.9973
AlertPath:[Network Connect: Localhost--53.158.101.118:80]->NET_CONNECT->[Process: PName-pEja72mA, ARGUMENTS-]: 0.1: 0
[Process: PName-pEja72mA, ARGUMENTS-]->PROCESS_FORK->[Process: PName-pEja72mA, ARGUMENTS-aue_fork]: 0.1: 39996566
[Process: PName-procstat, ARGUMENTS-]->FILE_WRITE->[File: PATH-<unknown>]: 0.1: 60001263
[File: PATH-<unknown>]->FILE_READ->[Process: PName-pEja72mA, ARGUMENTS-]: 0.1: 280001570

###############Alert###############
currentTime:1720181559867
AnomalyScore: 0.9973
AlertPath:[Network Connect: Localhost--53.158.101.118:80]->NET_CONNECT->[Process: PName-pEja72mA, ARGUMENTS-]: 0.1: 0
[Process: PName-pEja72mA, ARGUMENTS-]->PROCESS_FORK->[Process: PName-pEja72mA, ARGUMENTS-aue_fork]: 0.1: 39996566
[Process: PName-procstat, ARGUMENTS-]->FILE_WRITE->[File: PATH-<unknown>]: 0.1: 60001263
[File: PATH-<unknown>]->FILE_READ->[Process: PName-pEja72mA, ARGUMENTS-]: 0.1: 280001570

###############Alert###############
currentTime:1720181559868
AnomalyScore: 0.9973
AlertPath:[Network Connect: Localhost--53.158.101.118:80]->NET_CONNECT->[Process: PName-pEja72mA, ARGUMENTS-]: 0.1: 0
[Process: PName-pEja72mA, ARGUMENTS-]->PROCESS_FORK->[Process: PName-pEja72mA, ARGUMENTS-aue_fork]: 0.1: 39996566
[Process: PName-procstat, ARGUMENTS-]->FILE_WRITE->[File: PATH-<unknown>]: 0.1: 60001263
[File: PATH-<unknown>]->FILE_READ->[Process: PName-pEja72mA, ARGUMENTS-]: 0.1: 280001570

###############Alert###############
currentTime:1720181559869
AnomalyScore: 0.9973
AlertPath:[Network Connect: Localhost--53.158.101.118:80]->NET_CONNECT->[Process: PName-pEja72mA, ARGUMENTS-]: 0.1: 0
[Process: PName-pEja72mA, ARGUMENTS-]->PROCESS_FORK->[Process: PName-pEja72mA, ARGUMENTS-aue_fork]: 0.1: 39996566
[Process: PName-procstat, ARGUMENTS-]->FILE_WRITE->[File: PATH-<unknown>]: 0.1: 60001263
[File: PATH-<unknown>]->FILE_READ->[Process: PName-pEja72mA, ARGUMENTS-]: 0.1: 280001570

###############Alert###############
currentTime:1720181559870
AnomalyScore: 0.9973
AlertPath:[Network Connect: Localhost--53.158.101.118:80]->NET_CONNECT->[Process: PName-pEja72mA, ARGUMENTS-]: 0.1: 0
[Process: PName-pEja72mA, ARGUMENTS-]->PROCESS_FORK->[Process: PName-pEja72mA, ARGUMENTS-aue_fork]: 0.1: 39996566
[Process: PName-procstat, ARGUMENTS-]->FILE_WRITE->[File: PATH-<unknown>]: 0.1: 60001263
[File: PATH-<unknown>]->FILE_READ->[Process: PName-pEja72mA, ARGUMENTS-]: 0.1: 280001570

###############Alert###############
currentTime:1720181559870
AnomalyScore: 0.9973
AlertPath:[Network Connect: Localhost--53.158.101.118:80]->NET_CONNECT->[Process: PName-pEja72mA, ARGUMENTS-]: 0.1: 0
[Process: PName-pEja72mA, ARGUMENTS-]->PROCESS_FORK->[Process: PName-pEja72mA, ARGUMENTS-aue_fork]: 0.1: 39996566
[Process: PName-procstat, ARGUMENTS-]->FILE_WRITE->[File: PATH-<unknown>]: 0.1: 60001263
[File: PATH-<unknown>]->FILE_READ->[Process: PName-pEja72mA, ARGUMENTS-]: 0.1: 280001570

###############Alert###############
currentTime:1720181559872
AnomalyScore: 0.9973
AlertPath:[Network Connect: Localhost--53.158.101.118:80]->NET_CONNECT->[Process: PName-pEja72mA, ARGUMENTS-]: 0.1: 0
[Process: PName-pEja72mA, ARGUMENTS-]->PROCESS_FORK->[Process: PName-pEja72mA, ARGUMENTS-aue_fork]: 0.1: 39996566
[Process: PName-procstat, ARGUMENTS-]->FILE_WRITE->[File: PATH-<unknown>]: 0.1: 60001263
[File: PATH-<unknown>]->FILE_READ->[Process: PName-pEja72mA, ARGUMENTS-]: 0.1: 280001570

###############Alert###############
currentTime:1720181559872
AnomalyScore: 0.9973
AlertPath:[Network Connect: Localhost--53.158.101.118:80]->NET_CONNECT->[Process: PName-pEja72mA, ARGUMENTS-]: 0.1: 0
[Process: PName-pEja72mA, ARGUMENTS-]->PROCESS_FORK->[Process: PName-pEja72mA, ARGUMENTS-aue_fork]: 0.1: 39996566
[Process: PName-procstat, ARGUMENTS-]->FILE_WRITE->[File: PATH-<unknown>]: 0.1: 60001263
[File: PATH-<unknown>]->FILE_READ->[Process: PName-pEja72mA, ARGUMENTS-]: 0.1: 280001570

###############Alert###############
currentTime:1720181559873
AnomalyScore: 0.9973
AlertPath:[Network Connect: Localhost--53.158.101.118:80]->NET_CONNECT->[Process: PName-pEja72mA, ARGUMENTS-]: 0.1: 0
[Process: PName-pEja72mA, ARGUMENTS-]->PROCESS_FORK->[Process: PName-pEja72mA, ARGUMENTS-aue_fork]: 0.1: 39996566
[Process: PName-procstat, ARGUMENTS-]->FILE_WRITE->[File: PATH-<unknown>]: 0.1: 60001263
[File: PATH-<unknown>]->FILE_READ->[Process: PName-pEja72mA, ARGUMENTS-]: 0.1: 280001570

###############Alert###############
currentTime:1720181559873
AnomalyScore: 0.9973
AlertPath:[Network Connect: Localhost--53.158.101.118:80]->NET_CONNECT->[Process: PName-pEja72mA, ARGUMENTS-]: 0.1: 0
[Process: PName-pEja72mA, ARGUMENTS-]->PROCESS_FORK->[Process: PName-pEja72mA, ARGUMENTS-aue_fork]: 0.1: 39996566
[Process: PName-procstat, ARGUMENTS-]->FILE_WRITE->[File: PATH-<unknown>]: 0.1: 60001263
[File: PATH-<unknown>]->FILE_READ->[Process: PName-pEja72mA, ARGUMENTS-]: 0.1: 280001570

###############Alert###############
currentTime:1720181559875
AnomalyScore: 0.9973
AlertPath:[Network Connect: Localhost--53.158.101.118:80]->NET_CONNECT->[Process: PName-pEja72mA, ARGUMENTS-]: 0.1: 0
[Process: PName-pEja72mA, ARGUMENTS-]->PROCESS_FORK->[Process: PName-pEja72mA, ARGUMENTS-aue_fork]: 0.1: 39996566
[Process: PName-procstat, ARGUMENTS-]->FILE_WRITE->[File: PATH-<unknown>]: 0.1: 60001263
[File: PATH-<unknown>]->FILE_READ->[Process: PName-pEja72mA, ARGUMENTS-]: 0.1: 280001570

###############Alert###############
currentTime:1720181559875
AnomalyScore: 0.9973
AlertPath:[Network Connect: Localhost--53.158.101.118:80]->NET_CONNECT->[Process: PName-pEja72mA, ARGUMENTS-]: 0.1: 0
[Process: PName-pEja72mA, ARGUMENTS-]->PROCESS_FORK->[Process: PName-pEja72mA, ARGUMENTS-aue_fork]: 0.1: 39996566
[Process: PName-procstat, ARGUMENTS-]->FILE_WRITE->[File: PATH-<unknown>]: 0.1: 60001263
[File: PATH-<unknown>]->FILE_READ->[Process: PName-pEja72mA, ARGUMENTS-]: 0.1: 290000419

###############Alert###############
currentTime:1720181559877
AnomalyScore: 0.9973
AlertPath:[Network Connect: Localhost--53.158.101.118:80]->NET_CONNECT->[Process: PName-pEja72mA, ARGUMENTS-]: 0.1: 0
[Process: PName-pEja72mA, ARGUMENTS-]->PROCESS_FORK->[Process: PName-pEja72mA, ARGUMENTS-aue_fork]: 0.1: 39996566
[Process: PName-procstat, ARGUMENTS-]->FILE_WRITE->[File: PATH-<unknown>]: 0.1: 60001263
[File: PATH-<unknown>]->FILE_READ->[Process: PName-pEja72mA, ARGUMENTS-]: 0.1: 290000419

###############Alert###############
currentTime:1720181559877
AnomalyScore: 0.9973
AlertPath:[Network Connect: Localhost--53.158.101.118:80]->NET_CONNECT->[Process: PName-pEja72mA, ARGUMENTS-]: 0.1: 0
[Process: PName-pEja72mA, ARGUMENTS-]->PROCESS_FORK->[Process: PName-pEja72mA, ARGUMENTS-aue_fork]: 0.1: 39996566
[Process: PName-procstat, ARGUMENTS-]->FILE_WRITE->[File: PATH-<unknown>]: 0.1: 60001263
[File: PATH-<unknown>]->FILE_READ->[Process: PName-pEja72mA, ARGUMENTS-]: 0.1: 290000419

###############Alert###############
currentTime:1720181559879
AnomalyScore: 0.9973
AlertPath:[Network Connect: Localhost--53.158.101.118:80]->NET_CONNECT->[Process: PName-pEja72mA, ARGUMENTS-]: 0.1: 0
[Process: PName-pEja72mA, ARGUMENTS-]->PROCESS_FORK->[Process: PName-pEja72mA, ARGUMENTS-aue_fork]: 0.1: 39996566
[Process: PName-procstat, ARGUMENTS-]->FILE_WRITE->[File: PATH-<unknown>]: 0.1: 60001263
[File: PATH-<unknown>]->FILE_READ->[Process: PName-pEja72mA, ARGUMENTS-]: 0.1: 290000419

###############Alert###############
currentTime:1720181559879
AnomalyScore: 0.9973
AlertPath:[Network Connect: Localhost--53.158.101.118:80]->NET_CONNECT->[Process: PName-pEja72mA, ARGUMENTS-]: 0.1: 0
[Process: PName-pEja72mA, ARGUMENTS-]->PROCESS_FORK->[Process: PName-pEja72mA, ARGUMENTS-aue_fork]: 0.1: 39996566
[Process: PName-procstat, ARGUMENTS-]->FILE_WRITE->[File: PATH-<unknown>]: 0.1: 60001263
[File: PATH-<unknown>]->FILE_READ->[Process: PName-pEja72mA, ARGUMENTS-]: 0.1: 290000419

###############Alert###############
currentTime:1720181559880
AnomalyScore: 0.9973
AlertPath:[Network Connect: Localhost--53.158.101.118:80]->NET_CONNECT->[Process: PName-pEja72mA, ARGUMENTS-]: 0.1: 0
[Process: PName-pEja72mA, ARGUMENTS-]->PROCESS_FORK->[Process: PName-pEja72mA, ARGUMENTS-aue_fork]: 0.1: 39996566
[Process: PName-procstat, ARGUMENTS-]->FILE_WRITE->[File: PATH-<unknown>]: 0.1: 60001263
[File: PATH-<unknown>]->FILE_READ->[Process: PName-pEja72mA, ARGUMENTS-]: 0.1: 290000419

###############Alert###############
currentTime:1720181559880
AnomalyScore: 0.9973
AlertPath:[Network Connect: Localhost--53.158.101.118:80]->NET_CONNECT->[Process: PName-pEja72mA, ARGUMENTS-]: 0.1: 0
[Process: PName-pEja72mA, ARGUMENTS-]->PROCESS_FORK->[Process: PName-pEja72mA, ARGUMENTS-aue_fork]: 0.1: 39996566
[Process: PName-procstat, ARGUMENTS-]->FILE_WRITE->[File: PATH-<unknown>]: 0.1: 60001263
[File: PATH-<unknown>]->FILE_READ->[Process: PName-pEja72mA, ARGUMENTS-]: 0.1: 290000419

###############Alert###############
currentTime:1720181559882
AnomalyScore: 0.9973
AlertPath:[Network Connect: Localhost--53.158.101.118:80]->NET_CONNECT->[Process: PName-pEja72mA, ARGUMENTS-]: 0.1: 0
[Process: PName-pEja72mA, ARGUMENTS-]->PROCESS_FORK->[Process: PName-pEja72mA, ARGUMENTS-aue_fork]: 0.1: 39996566
[Process: PName-procstat, ARGUMENTS-]->FILE_WRITE->[File: PATH-<unknown>]: 0.1: 60001263
[File: PATH-<unknown>]->FILE_READ->[Process: PName-pEja72mA, ARGUMENTS-]: 0.1: 290000419

###############Alert###############
currentTime:1720181559883
AnomalyScore: 0.9973
AlertPath:[Network Connect: Localhost--53.158.101.118:80]->NET_CONNECT->[Process: PName-pEja72mA, ARGUMENTS-]: 0.1: 0
[Process: PName-pEja72mA, ARGUMENTS-]->PROCESS_FORK->[Process: PName-pEja72mA, ARGUMENTS-aue_fork]: 0.1: 39996566
[Process: PName-procstat, ARGUMENTS-]->FILE_WRITE->[File: PATH-<unknown>]: 0.1: 60001263
[File: PATH-<unknown>]->FILE_READ->[Process: PName-pEja72mA, ARGUMENTS-]: 0.1: 290000419

###############Alert###############
currentTime:1720181559885
AnomalyScore: 0.9973
AlertPath:[Network Connect: Localhost--53.158.101.118:80]->NET_CONNECT->[Process: PName-pEja72mA, ARGUMENTS-]: 0.1: 0
[Process: PName-pEja72mA, ARGUMENTS-]->PROCESS_FORK->[Process: PName-pEja72mA, ARGUMENTS-aue_fork]: 0.1: 39996566
[Process: PName-procstat, ARGUMENTS-]->FILE_WRITE->[File: PATH-<unknown>]: 0.1: 60001263
[File: PATH-<unknown>]->FILE_READ->[Process: PName-pEja72mA, ARGUMENTS-]: 0.1: 290000419

###############Alert###############
currentTime:1720181559885
AnomalyScore: 0.9973
AlertPath:[Network Connect: Localhost--53.158.101.118:80]->NET_CONNECT->[Process: PName-pEja72mA, ARGUMENTS-]: 0.1: 0
[Process: PName-pEja72mA, ARGUMENTS-]->PROCESS_FORK->[Process: PName-pEja72mA, ARGUMENTS-aue_fork]: 0.1: 39996566
[Process: PName-procstat, ARGUMENTS-]->FILE_WRITE->[File: PATH-<unknown>]: 0.1: 60001263
[File: PATH-<unknown>]->FILE_READ->[Process: PName-pEja72mA, ARGUMENTS-]: 0.1: 290000419

###############Alert###############
currentTime:1720181559887
AnomalyScore: 0.9973
AlertPath:[Network Connect: Localhost--53.158.101.118:80]->NET_CONNECT->[Process: PName-pEja72mA, ARGUMENTS-]: 0.1: 0
[Process: PName-pEja72mA, ARGUMENTS-]->PROCESS_FORK->[Process: PName-pEja72mA, ARGUMENTS-aue_fork]: 0.1: 39996566
[Process: PName-procstat, ARGUMENTS-]->FILE_WRITE->[File: PATH-<unknown>]: 0.1: 60001263
[File: PATH-<unknown>]->FILE_READ->[Process: PName-pEja72mA, ARGUMENTS-]: 0.1: 290000419

###############Alert###############
currentTime:1720181559887
AnomalyScore: 0.9973
AlertPath:[Network Connect: Localhost--53.158.101.118:80]->NET_CONNECT->[Process: PName-pEja72mA, ARGUMENTS-]: 0.1: 0
[Process: PName-pEja72mA, ARGUMENTS-]->PROCESS_FORK->[Process: PName-pEja72mA, ARGUMENTS-aue_fork]: 0.1: 39996566
[Process: PName-procstat, ARGUMENTS-]->FILE_WRITE->[File: PATH-<unknown>]: 0.1: 60001263
[File: PATH-<unknown>]->FILE_READ->[Process: PName-pEja72mA, ARGUMENTS-]: 0.1: 290000419

###############Alert###############
currentTime:1720181559888
AnomalyScore: 0.9973
AlertPath:[Network Connect: Localhost--53.158.101.118:80]->NET_CONNECT->[Process: PName-pEja72mA, ARGUMENTS-]: 0.1: 0
[Process: PName-pEja72mA, ARGUMENTS-]->PROCESS_FORK->[Process: PName-pEja72mA, ARGUMENTS-aue_fork]: 0.1: 39996566
[Process: PName-procstat, ARGUMENTS-]->FILE_WRITE->[File: PATH-<unknown>]: 0.1: 60001263
[File: PATH-<unknown>]->FILE_READ->[Process: PName-pEja72mA, ARGUMENTS-]: 0.1: 300002438

###############Alert###############
currentTime:1720181559888
AnomalyScore: 0.9973
AlertPath:[Network Connect: Localhost--53.158.101.118:80]->NET_CONNECT->[Process: PName-pEja72mA, ARGUMENTS-]: 0.1: 0
[Process: PName-pEja72mA, ARGUMENTS-]->PROCESS_FORK->[Process: PName-pEja72mA, ARGUMENTS-aue_fork]: 0.1: 39996566
[Process: PName-procstat, ARGUMENTS-]->FILE_WRITE->[File: PATH-<unknown>]: 0.1: 60001263
[File: PATH-<unknown>]->FILE_READ->[Process: PName-pEja72mA, ARGUMENTS-]: 0.1: 300002438

###############Alert###############
currentTime:1720181559890
AnomalyScore: 0.9973
AlertPath:[Network Connect: Localhost--53.158.101.118:80]->NET_CONNECT->[Process: PName-pEja72mA, ARGUMENTS-]: 0.1: 0
[Process: PName-pEja72mA, ARGUMENTS-]->PROCESS_FORK->[Process: PName-pEja72mA, ARGUMENTS-aue_fork]: 0.1: 39996566
[Process: PName-procstat, ARGUMENTS-]->FILE_WRITE->[File: PATH-<unknown>]: 0.1: 60001263
[File: PATH-<unknown>]->FILE_READ->[Process: PName-pEja72mA, ARGUMENTS-]: 0.1: 300002438

###############Alert###############
currentTime:1720181559890
AnomalyScore: 0.9973
AlertPath:[Network Connect: Localhost--53.158.101.118:80]->NET_CONNECT->[Process: PName-pEja72mA, ARGUMENTS-]: 0.1: 0
[Process: PName-pEja72mA, ARGUMENTS-]->PROCESS_FORK->[Process: PName-pEja72mA, ARGUMENTS-aue_fork]: 0.1: 39996566
[Process: PName-procstat, ARGUMENTS-]->FILE_WRITE->[File: PATH-<unknown>]: 0.1: 60001263
[File: PATH-<unknown>]->FILE_READ->[Process: PName-pEja72mA, ARGUMENTS-]: 0.1: 300002438

###############Alert###############
currentTime:1720181559892
AnomalyScore: 0.9973
AlertPath:[Network Connect: Localhost--53.158.101.118:80]->NET_CONNECT->[Process: PName-pEja72mA, ARGUMENTS-]: 0.1: 0
[Process: PName-pEja72mA, ARGUMENTS-]->PROCESS_FORK->[Process: PName-pEja72mA, ARGUMENTS-aue_fork]: 0.1: 39996566
[Process: PName-procstat, ARGUMENTS-]->FILE_WRITE->[File: PATH-<unknown>]: 0.1: 60001263
[File: PATH-<unknown>]->FILE_READ->[Process: PName-pEja72mA, ARGUMENTS-]: 0.1: 300002438

###############Alert###############
currentTime:1720181559892
AnomalyScore: 0.9973
AlertPath:[Network Connect: Localhost--53.158.101.118:80]->NET_CONNECT->[Process: PName-pEja72mA, ARGUMENTS-]: 0.1: 0
[Process: PName-pEja72mA, ARGUMENTS-]->PROCESS_FORK->[Process: PName-pEja72mA, ARGUMENTS-aue_fork]: 0.1: 39996566
[Process: PName-procstat, ARGUMENTS-]->FILE_WRITE->[File: PATH-<unknown>]: 0.1: 60001263
[File: PATH-<unknown>]->FILE_READ->[Process: PName-pEja72mA, ARGUMENTS-]: 0.1: 300002438

###############Alert###############
currentTime:1720181559893
AnomalyScore: 0.9973
AlertPath:[Network Connect: Localhost--53.158.101.118:80]->NET_CONNECT->[Process: PName-pEja72mA, ARGUMENTS-]: 0.1: 0
[Process: PName-pEja72mA, ARGUMENTS-]->PROCESS_FORK->[Process: PName-pEja72mA, ARGUMENTS-aue_fork]: 0.1: 39996566
[Process: PName-procstat, ARGUMENTS-]->FILE_WRITE->[File: PATH-<unknown>]: 0.1: 60001263
[File: PATH-<unknown>]->FILE_READ->[Process: PName-pEja72mA, ARGUMENTS-]: 0.1: 300002438

###############Alert###############
currentTime:1720181559893
AnomalyScore: 0.9973
AlertPath:[Network Connect: Localhost--53.158.101.118:80]->NET_CONNECT->[Process: PName-pEja72mA, ARGUMENTS-]: 0.1: 0
[Process: PName-pEja72mA, ARGUMENTS-]->PROCESS_FORK->[Process: PName-pEja72mA, ARGUMENTS-aue_fork]: 0.1: 39996566
[Process: PName-procstat, ARGUMENTS-]->FILE_WRITE->[File: PATH-<unknown>]: 0.1: 60001263
[File: PATH-<unknown>]->FILE_READ->[Process: PName-pEja72mA, ARGUMENTS-]: 0.1: 300002438

###############Alert###############
currentTime:1720181559895
AnomalyScore: 0.9973
AlertPath:[Network Connect: Localhost--53.158.101.118:80]->NET_CONNECT->[Process: PName-pEja72mA, ARGUMENTS-]: 0.1: 0
[Process: PName-pEja72mA, ARGUMENTS-]->PROCESS_FORK->[Process: PName-pEja72mA, ARGUMENTS-aue_fork]: 0.1: 39996566
[Process: PName-procstat, ARGUMENTS-]->FILE_WRITE->[File: PATH-<unknown>]: 0.1: 60001263
[File: PATH-<unknown>]->FILE_READ->[Process: PName-pEja72mA, ARGUMENTS-]: 0.1: 300002438

###############Alert###############
currentTime:1720181559895
AnomalyScore: 0.9973
AlertPath:[Network Connect: Localhost--53.158.101.118:80]->NET_CONNECT->[Process: PName-pEja72mA, ARGUMENTS-]: 0.1: 0
[Process: PName-pEja72mA, ARGUMENTS-]->PROCESS_FORK->[Process: PName-pEja72mA, ARGUMENTS-aue_fork]: 0.1: 39996566
[Process: PName-procstat, ARGUMENTS-]->FILE_WRITE->[File: PATH-<unknown>]: 0.1: 60001263
[File: PATH-<unknown>]->FILE_READ->[Process: PName-pEja72mA, ARGUMENTS-]: 0.1: 300002438

###############Alert###############
currentTime:1720181559896
AnomalyScore: 0.9973
AlertPath:[Network Connect: Localhost--53.158.101.118:80]->NET_CONNECT->[Process: PName-pEja72mA, ARGUMENTS-]: 0.1: 0
[Process: PName-pEja72mA, ARGUMENTS-]->PROCESS_FORK->[Process: PName-pEja72mA, ARGUMENTS-aue_fork]: 0.1: 39996566
[Process: PName-procstat, ARGUMENTS-]->FILE_WRITE->[File: PATH-<unknown>]: 0.1: 60001263
[File: PATH-<unknown>]->FILE_READ->[Process: PName-pEja72mA, ARGUMENTS-]: 0.1: 300002438

###############Alert###############
currentTime:1720181559897
AnomalyScore: 0.9973
AlertPath:[Network Connect: Localhost--53.158.101.118:80]->NET_CONNECT->[Process: PName-pEja72mA, ARGUMENTS-]: 0.1: 0
[Process: PName-pEja72mA, ARGUMENTS-]->PROCESS_FORK->[Process: PName-pEja72mA, ARGUMENTS-aue_fork]: 0.1: 39996566
[Process: PName-procstat, ARGUMENTS-]->FILE_WRITE->[File: PATH-<unknown>]: 0.1: 60001263
[File: PATH-<unknown>]->FILE_READ->[Process: PName-pEja72mA, ARGUMENTS-]: 0.1: 300002438

###############Alert###############
currentTime:1720181559898
AnomalyScore: 0.9973
AlertPath:[Network Connect: Localhost--53.158.101.118:80]->NET_CONNECT->[Process: PName-pEja72mA, ARGUMENTS-]: 0.1: 0
[Process: PName-pEja72mA, ARGUMENTS-]->PROCESS_FORK->[Process: PName-pEja72mA, ARGUMENTS-aue_fork]: 0.1: 39996566
[Process: PName-procstat, ARGUMENTS-]->FILE_WRITE->[File: PATH-<unknown>]: 0.1: 60001263
[File: PATH-<unknown>]->FILE_READ->[Process: PName-pEja72mA, ARGUMENTS-]: 0.1: 300002438

###############Alert###############
currentTime:1720181559898
AnomalyScore: 0.9973
AlertPath:[Network Connect: Localhost--53.158.101.118:80]->NET_CONNECT->[Process: PName-pEja72mA, ARGUMENTS-]: 0.1: 0
[Process: PName-pEja72mA, ARGUMENTS-]->PROCESS_FORK->[Process: PName-pEja72mA, ARGUMENTS-aue_fork]: 0.1: 39996566
[Process: PName-procstat, ARGUMENTS-]->FILE_WRITE->[File: PATH-<unknown>]: 0.1: 60001263
[File: PATH-<unknown>]->FILE_READ->[Process: PName-pEja72mA, ARGUMENTS-]: 0.1: 309999497

###############Alert###############
currentTime:1720181559900
AnomalyScore: 0.9973
AlertPath:[Network Connect: Localhost--53.158.101.118:80]->NET_CONNECT->[Process: PName-pEja72mA, ARGUMENTS-]: 0.1: 0
[Process: PName-pEja72mA, ARGUMENTS-]->PROCESS_FORK->[Process: PName-pEja72mA, ARGUMENTS-aue_fork]: 0.1: 39996566
[Process: PName-procstat, ARGUMENTS-]->FILE_WRITE->[File: PATH-<unknown>]: 0.1: 60001263
[File: PATH-<unknown>]->FILE_READ->[Process: PName-pEja72mA, ARGUMENTS-]: 0.1: 309999497

###############Alert###############
currentTime:1720181559900
AnomalyScore: 0.9973
AlertPath:[Network Connect: Localhost--53.158.101.118:80]->NET_CONNECT->[Process: PName-pEja72mA, ARGUMENTS-]: 0.1: 0
[Process: PName-pEja72mA, ARGUMENTS-]->PROCESS_FORK->[Process: PName-pEja72mA, ARGUMENTS-aue_fork]: 0.1: 39996566
[Process: PName-procstat, ARGUMENTS-]->FILE_WRITE->[File: PATH-<unknown>]: 0.1: 60001263
[File: PATH-<unknown>]->FILE_READ->[Process: PName-pEja72mA, ARGUMENTS-]: 0.1: 309999497

###############Alert###############
currentTime:1720181559902
AnomalyScore: 0.9973
AlertPath:[Network Connect: Localhost--53.158.101.118:80]->NET_CONNECT->[Process: PName-pEja72mA, ARGUMENTS-]: 0.1: 0
[Process: PName-pEja72mA, ARGUMENTS-]->PROCESS_FORK->[Process: PName-pEja72mA, ARGUMENTS-aue_fork]: 0.1: 39996566
[Process: PName-procstat, ARGUMENTS-]->FILE_WRITE->[File: PATH-<unknown>]: 0.1: 60001263
[File: PATH-<unknown>]->FILE_READ->[Process: PName-pEja72mA, ARGUMENTS-]: 0.1: 309999497

###############Alert###############
currentTime:1720181559902
AnomalyScore: 0.9973
AlertPath:[Network Connect: Localhost--53.158.101.118:80]->NET_CONNECT->[Process: PName-pEja72mA, ARGUMENTS-]: 0.1: 0
[Process: PName-pEja72mA, ARGUMENTS-]->PROCESS_FORK->[Process: PName-pEja72mA, ARGUMENTS-aue_fork]: 0.1: 39996566
[Process: PName-procstat, ARGUMENTS-]->FILE_WRITE->[File: PATH-<unknown>]: 0.1: 60001263
[File: PATH-<unknown>]->FILE_READ->[Process: PName-pEja72mA, ARGUMENTS-]: 0.1: 309999497

###############Alert###############
currentTime:1720181559904
AnomalyScore: 0.9973
AlertPath:[Network Connect: Localhost--53.158.101.118:80]->NET_CONNECT->[Process: PName-pEja72mA, ARGUMENTS-]: 0.1: 0
[Process: PName-pEja72mA, ARGUMENTS-]->PROCESS_FORK->[Process: PName-pEja72mA, ARGUMENTS-aue_fork]: 0.1: 39996566
[Process: PName-procstat, ARGUMENTS-]->FILE_WRITE->[File: PATH-<unknown>]: 0.1: 60001263
[File: PATH-<unknown>]->FILE_READ->[Process: PName-pEja72mA, ARGUMENTS-]: 0.1: 309999497

###############Alert###############
currentTime:1720181559904
AnomalyScore: 0.9973
AlertPath:[Network Connect: Localhost--53.158.101.118:80]->NET_CONNECT->[Process: PName-pEja72mA, ARGUMENTS-]: 0.1: 0
[Process: PName-pEja72mA, ARGUMENTS-]->PROCESS_FORK->[Process: PName-pEja72mA, ARGUMENTS-aue_fork]: 0.1: 39996566
[Process: PName-procstat, ARGUMENTS-]->FILE_WRITE->[File: PATH-<unknown>]: 0.1: 60001263
[File: PATH-<unknown>]->FILE_READ->[Process: PName-pEja72mA, ARGUMENTS-]: 0.1: 309999497

###############Alert###############
currentTime:1720181559905
AnomalyScore: 0.9973
AlertPath:[Network Connect: Localhost--53.158.101.118:80]->NET_CONNECT->[Process: PName-pEja72mA, ARGUMENTS-]: 0.1: 0
[Process: PName-pEja72mA, ARGUMENTS-]->PROCESS_FORK->[Process: PName-pEja72mA, ARGUMENTS-aue_fork]: 0.1: 39996566
[Process: PName-procstat, ARGUMENTS-]->FILE_WRITE->[File: PATH-<unknown>]: 0.1: 60001263
[File: PATH-<unknown>]->FILE_READ->[Process: PName-pEja72mA, ARGUMENTS-]: 0.1: 309999497

###############Alert###############
currentTime:1720181559905
AnomalyScore: 0.9973
AlertPath:[Network Connect: Localhost--53.158.101.118:80]->NET_CONNECT->[Process: PName-pEja72mA, ARGUMENTS-]: 0.1: 0
[Process: PName-pEja72mA, ARGUMENTS-]->PROCESS_FORK->[Process: PName-pEja72mA, ARGUMENTS-aue_fork]: 0.1: 39996566
[Process: PName-procstat, ARGUMENTS-]->FILE_WRITE->[File: PATH-<unknown>]: 0.1: 60001263
[File: PATH-<unknown>]->FILE_READ->[Process: PName-pEja72mA, ARGUMENTS-]: 0.1: 309999497

###############Alert###############
currentTime:1720181559907
AnomalyScore: 0.9973
AlertPath:[Network Connect: Localhost--53.158.101.118:80]->NET_CONNECT->[Process: PName-pEja72mA, ARGUMENTS-]: 0.1: 0
[Process: PName-pEja72mA, ARGUMENTS-]->PROCESS_FORK->[Process: PName-pEja72mA, ARGUMENTS-aue_fork]: 0.1: 39996566
[Process: PName-procstat, ARGUMENTS-]->FILE_WRITE->[File: PATH-<unknown>]: 0.1: 60001263
[File: PATH-<unknown>]->FILE_READ->[Process: PName-pEja72mA, ARGUMENTS-]: 0.1: 309999497

###############Alert###############
currentTime:1720181559907
AnomalyScore: 0.9973
AlertPath:[Network Connect: Localhost--53.158.101.118:80]->NET_CONNECT->[Process: PName-pEja72mA, ARGUMENTS-]: 0.1: 0
[Process: PName-pEja72mA, ARGUMENTS-]->PROCESS_FORK->[Process: PName-pEja72mA, ARGUMENTS-aue_fork]: 0.1: 39996566
[Process: PName-procstat, ARGUMENTS-]->FILE_WRITE->[File: PATH-<unknown>]: 0.1: 60001263
[File: PATH-<unknown>]->FILE_READ->[Process: PName-pEja72mA, ARGUMENTS-]: 0.1: 309999497

###############Alert###############
currentTime:1720181559909
AnomalyScore: 0.9973
AlertPath:[Network Connect: Localhost--53.158.101.118:80]->NET_CONNECT->[Process: PName-pEja72mA, ARGUMENTS-]: 0.1: 0
[Process: PName-pEja72mA, ARGUMENTS-]->PROCESS_FORK->[Process: PName-pEja72mA, ARGUMENTS-aue_fork]: 0.1: 39996566
[Process: PName-procstat, ARGUMENTS-]->FILE_WRITE->[File: PATH-<unknown>]: 0.1: 60001263
[File: PATH-<unknown>]->FILE_READ->[Process: PName-pEja72mA, ARGUMENTS-]: 0.1: 309999497

###############Alert###############
currentTime:1720181559909
AnomalyScore: 0.9973
AlertPath:[Network Connect: Localhost--53.158.101.118:80]->NET_CONNECT->[Process: PName-pEja72mA, ARGUMENTS-]: 0.1: 0
[Process: PName-pEja72mA, ARGUMENTS-]->PROCESS_FORK->[Process: PName-pEja72mA, ARGUMENTS-aue_fork]: 0.1: 39996566
[Process: PName-procstat, ARGUMENTS-]->FILE_WRITE->[File: PATH-<unknown>]: 0.1: 60001263
[File: PATH-<unknown>]->FILE_READ->[Process: PName-pEja72mA, ARGUMENTS-]: 0.1: 309999497

###############Alert###############
currentTime:1720181559910
AnomalyScore: 0.9973
AlertPath:[Network Connect: Localhost--53.158.101.118:80]->NET_CONNECT->[Process: PName-pEja72mA, ARGUMENTS-]: 0.1: 0
[Process: PName-pEja72mA, ARGUMENTS-]->PROCESS_FORK->[Process: PName-pEja72mA, ARGUMENTS-aue_fork]: 0.1: 39996566
[Process: PName-procstat, ARGUMENTS-]->FILE_WRITE->[File: PATH-<unknown>]: 0.1: 60001263
[File: PATH-<unknown>]->FILE_READ->[Process: PName-pEja72mA, ARGUMENTS-]: 0.1: 320001886

###############Alert###############
currentTime:1720181559911
AnomalyScore: 0.9973
AlertPath:[Network Connect: Localhost--53.158.101.118:80]->NET_CONNECT->[Process: PName-pEja72mA, ARGUMENTS-]: 0.1: 0
[Process: PName-pEja72mA, ARGUMENTS-]->PROCESS_FORK->[Process: PName-pEja72mA, ARGUMENTS-aue_fork]: 0.1: 39996566
[Process: PName-procstat, ARGUMENTS-]->FILE_WRITE->[File: PATH-<unknown>]: 0.1: 60001263
[File: PATH-<unknown>]->FILE_READ->[Process: PName-pEja72mA, ARGUMENTS-]: 0.1: 320001886

###############Alert###############
currentTime:1720181559912
AnomalyScore: 0.9973
AlertPath:[Network Connect: Localhost--53.158.101.118:80]->NET_CONNECT->[Process: PName-pEja72mA, ARGUMENTS-]: 0.1: 0
[Process: PName-pEja72mA, ARGUMENTS-]->PROCESS_FORK->[Process: PName-pEja72mA, ARGUMENTS-aue_fork]: 0.1: 39996566
[Process: PName-procstat, ARGUMENTS-]->FILE_WRITE->[File: PATH-<unknown>]: 0.1: 60001263
[File: PATH-<unknown>]->FILE_READ->[Process: PName-pEja72mA, ARGUMENTS-]: 0.1: 320001886

###############Alert###############
currentTime:1720181559912
AnomalyScore: 0.9973
AlertPath:[Network Connect: Localhost--53.158.101.118:80]->NET_CONNECT->[Process: PName-pEja72mA, ARGUMENTS-]: 0.1: 0
[Process: PName-pEja72mA, ARGUMENTS-]->PROCESS_FORK->[Process: PName-pEja72mA, ARGUMENTS-aue_fork]: 0.1: 39996566
[Process: PName-procstat, ARGUMENTS-]->FILE_WRITE->[File: PATH-<unknown>]: 0.1: 60001263
[File: PATH-<unknown>]->FILE_READ->[Process: PName-pEja72mA, ARGUMENTS-]: 0.1: 320001886

###############Alert###############
currentTime:1720181559914
AnomalyScore: 0.9973
AlertPath:[Network Connect: Localhost--53.158.101.118:80]->NET_CONNECT->[Process: PName-pEja72mA, ARGUMENTS-]: 0.1: 0
[Process: PName-pEja72mA, ARGUMENTS-]->PROCESS_FORK->[Process: PName-pEja72mA, ARGUMENTS-aue_fork]: 0.1: 39996566
[Process: PName-procstat, ARGUMENTS-]->FILE_WRITE->[File: PATH-<unknown>]: 0.1: 60001263
[File: PATH-<unknown>]->FILE_READ->[Process: PName-pEja72mA, ARGUMENTS-]: 0.1: 320001886

###############Alert###############
currentTime:1720181559915
AnomalyScore: 0.9973
AlertPath:[Network Connect: Localhost--53.158.101.118:80]->NET_CONNECT->[Process: PName-pEja72mA, ARGUMENTS-]: 0.1: 0
[Process: PName-pEja72mA, ARGUMENTS-]->PROCESS_FORK->[Process: PName-pEja72mA, ARGUMENTS-aue_fork]: 0.1: 39996566
[Process: PName-procstat, ARGUMENTS-]->FILE_WRITE->[File: PATH-<unknown>]: 0.1: 60001263
[File: PATH-<unknown>]->FILE_READ->[Process: PName-pEja72mA, ARGUMENTS-]: 0.1: 320001886

###############Alert###############
currentTime:1720181559917
AnomalyScore: 0.9973
AlertPath:[Network Connect: Localhost--53.158.101.118:80]->NET_CONNECT->[Process: PName-pEja72mA, ARGUMENTS-]: 0.1: 0
[Process: PName-pEja72mA, ARGUMENTS-]->PROCESS_FORK->[Process: PName-pEja72mA, ARGUMENTS-aue_fork]: 0.1: 39996566
[Process: PName-procstat, ARGUMENTS-]->FILE_WRITE->[File: PATH-<unknown>]: 0.1: 60001263
[File: PATH-<unknown>]->FILE_READ->[Process: PName-pEja72mA, ARGUMENTS-]: 0.1: 320001886

###############Alert###############
currentTime:1720181559917
AnomalyScore: 0.9973
AlertPath:[Network Connect: Localhost--53.158.101.118:80]->NET_CONNECT->[Process: PName-pEja72mA, ARGUMENTS-]: 0.1: 0
[Process: PName-pEja72mA, ARGUMENTS-]->PROCESS_FORK->[Process: PName-pEja72mA, ARGUMENTS-aue_fork]: 0.1: 39996566
[Process: PName-procstat, ARGUMENTS-]->FILE_WRITE->[File: PATH-<unknown>]: 0.1: 60001263
[File: PATH-<unknown>]->FILE_READ->[Process: PName-pEja72mA, ARGUMENTS-]: 0.1: 320001886

###############Alert###############
currentTime:1720181559919
AnomalyScore: 0.9973
AlertPath:[Network Connect: Localhost--53.158.101.118:80]->NET_CONNECT->[Process: PName-pEja72mA, ARGUMENTS-]: 0.1: 0
[Process: PName-pEja72mA, ARGUMENTS-]->PROCESS_FORK->[Process: PName-pEja72mA, ARGUMENTS-aue_fork]: 0.1: 39996566
[Process: PName-procstat, ARGUMENTS-]->FILE_WRITE->[File: PATH-<unknown>]: 0.1: 60001263
[File: PATH-<unknown>]->FILE_READ->[Process: PName-pEja72mA, ARGUMENTS-]: 0.1: 320001886

###############Alert###############
currentTime:1720181559919
AnomalyScore: 0.9973
AlertPath:[Network Connect: Localhost--53.158.101.118:80]->NET_CONNECT->[Process: PName-pEja72mA, ARGUMENTS-]: 0.1: 0
[Process: PName-pEja72mA, ARGUMENTS-]->PROCESS_FORK->[Process: PName-pEja72mA, ARGUMENTS-aue_fork]: 0.1: 39996566
[Process: PName-procstat, ARGUMENTS-]->FILE_WRITE->[File: PATH-<unknown>]: 0.1: 60001263
[File: PATH-<unknown>]->FILE_READ->[Process: PName-pEja72mA, ARGUMENTS-]: 0.1: 320001886

###############Alert###############
currentTime:1720181559920
AnomalyScore: 0.9973
AlertPath:[Network Connect: Localhost--53.158.101.118:80]->NET_CONNECT->[Process: PName-pEja72mA, ARGUMENTS-]: 0.1: 0
[Process: PName-pEja72mA, ARGUMENTS-]->PROCESS_FORK->[Process: PName-pEja72mA, ARGUMENTS-aue_fork]: 0.1: 39996566
[Process: PName-procstat, ARGUMENTS-]->FILE_WRITE->[File: PATH-<unknown>]: 0.1: 60001263
[File: PATH-<unknown>]->FILE_READ->[Process: PName-pEja72mA, ARGUMENTS-]: 0.1: 320001886

###############Alert###############
currentTime:1720181559920
AnomalyScore: 0.9973
AlertPath:[Network Connect: Localhost--53.158.101.118:80]->NET_CONNECT->[Process: PName-pEja72mA, ARGUMENTS-]: 0.1: 0
[Process: PName-pEja72mA, ARGUMENTS-]->PROCESS_FORK->[Process: PName-pEja72mA, ARGUMENTS-aue_fork]: 0.1: 39996566
[Process: PName-procstat, ARGUMENTS-]->FILE_WRITE->[File: PATH-<unknown>]: 0.1: 60001263
[File: PATH-<unknown>]->FILE_READ->[Process: PName-pEja72mA, ARGUMENTS-]: 0.1: 320001886

###############Alert###############
currentTime:1720181559922
AnomalyScore: 0.9973
AlertPath:[Network Connect: Localhost--53.158.101.118:80]->NET_CONNECT->[Process: PName-pEja72mA, ARGUMENTS-]: 0.1: 0
[Process: PName-pEja72mA, ARGUMENTS-]->PROCESS_FORK->[Process: PName-pEja72mA, ARGUMENTS-aue_fork]: 0.1: 39996566
[Process: PName-procstat, ARGUMENTS-]->FILE_WRITE->[File: PATH-<unknown>]: 0.1: 60001263
[File: PATH-<unknown>]->FILE_READ->[Process: PName-pEja72mA, ARGUMENTS-]: 0.1: 320001886

###############Alert###############
currentTime:1720181559922
AnomalyScore: 0.9973
AlertPath:[Network Connect: Localhost--53.158.101.118:80]->NET_CONNECT->[Process: PName-pEja72mA, ARGUMENTS-]: 0.1: 0
[Process: PName-pEja72mA, ARGUMENTS-]->PROCESS_FORK->[Process: PName-pEja72mA, ARGUMENTS-aue_fork]: 0.1: 39996566
[Process: PName-procstat, ARGUMENTS-]->FILE_WRITE->[File: PATH-<unknown>]: 0.1: 60001263
[File: PATH-<unknown>]->FILE_READ->[Process: PName-pEja72mA, ARGUMENTS-]: 0.1: 330002475

###############Alert###############
currentTime:1720181559924
AnomalyScore: 0.9973
AlertPath:[Network Connect: Localhost--53.158.101.118:80]->NET_CONNECT->[Process: PName-pEja72mA, ARGUMENTS-]: 0.1: 0
[Process: PName-pEja72mA, ARGUMENTS-]->PROCESS_FORK->[Process: PName-pEja72mA, ARGUMENTS-aue_fork]: 0.1: 39996566
[Process: PName-procstat, ARGUMENTS-]->FILE_WRITE->[File: PATH-<unknown>]: 0.1: 60001263
[File: PATH-<unknown>]->FILE_READ->[Process: PName-pEja72mA, ARGUMENTS-]: 0.1: 330002475

###############Alert###############
currentTime:1720181559924
AnomalyScore: 0.9973
AlertPath:[Network Connect: Localhost--53.158.101.118:80]->NET_CONNECT->[Process: PName-pEja72mA, ARGUMENTS-]: 0.1: 0
[Process: PName-pEja72mA, ARGUMENTS-]->PROCESS_FORK->[Process: PName-pEja72mA, ARGUMENTS-aue_fork]: 0.1: 39996566
[Process: PName-procstat, ARGUMENTS-]->FILE_WRITE->[File: PATH-<unknown>]: 0.1: 60001263
[File: PATH-<unknown>]->FILE_READ->[Process: PName-pEja72mA, ARGUMENTS-]: 0.1: 330002475

###############Alert###############
currentTime:1720181559926
AnomalyScore: 0.9973
AlertPath:[Network Connect: Localhost--53.158.101.118:80]->NET_CONNECT->[Process: PName-pEja72mA, ARGUMENTS-]: 0.1: 0
[Process: PName-pEja72mA, ARGUMENTS-]->PROCESS_FORK->[Process: PName-pEja72mA, ARGUMENTS-aue_fork]: 0.1: 39996566
[Process: PName-procstat, ARGUMENTS-]->FILE_WRITE->[File: PATH-<unknown>]: 0.1: 60001263
[File: PATH-<unknown>]->FILE_READ->[Process: PName-pEja72mA, ARGUMENTS-]: 0.1: 330002475

###############Alert###############
currentTime:1720181559926
AnomalyScore: 0.9973
AlertPath:[Network Connect: Localhost--53.158.101.118:80]->NET_CONNECT->[Process: PName-pEja72mA, ARGUMENTS-]: 0.1: 0
[Process: PName-pEja72mA, ARGUMENTS-]->PROCESS_FORK->[Process: PName-pEja72mA, ARGUMENTS-aue_fork]: 0.1: 39996566
[Process: PName-procstat, ARGUMENTS-]->FILE_WRITE->[File: PATH-<unknown>]: 0.1: 60001263
[File: PATH-<unknown>]->FILE_READ->[Process: PName-pEja72mA, ARGUMENTS-]: 0.1: 330002475

###############Alert###############
currentTime:1720181559927
AnomalyScore: 0.9973
AlertPath:[Network Connect: Localhost--53.158.101.118:80]->NET_CONNECT->[Process: PName-pEja72mA, ARGUMENTS-]: 0.1: 0
[Process: PName-pEja72mA, ARGUMENTS-]->PROCESS_FORK->[Process: PName-pEja72mA, ARGUMENTS-aue_fork]: 0.1: 39996566
[Process: PName-procstat, ARGUMENTS-]->FILE_WRITE->[File: PATH-<unknown>]: 0.1: 60001263
[File: PATH-<unknown>]->FILE_READ->[Process: PName-pEja72mA, ARGUMENTS-]: 0.1: 330002475

###############Alert###############
currentTime:1720181559928
AnomalyScore: 0.9973
AlertPath:[Network Connect: Localhost--53.158.101.118:80]->NET_CONNECT->[Process: PName-pEja72mA, ARGUMENTS-]: 0.1: 0
[Process: PName-pEja72mA, ARGUMENTS-]->PROCESS_FORK->[Process: PName-pEja72mA, ARGUMENTS-aue_fork]: 0.1: 39996566
[Process: PName-procstat, ARGUMENTS-]->FILE_WRITE->[File: PATH-<unknown>]: 0.1: 60001263
[File: PATH-<unknown>]->FILE_READ->[Process: PName-pEja72mA, ARGUMENTS-]: 0.1: 330002475

###############Alert###############
currentTime:1720181559929
AnomalyScore: 0.9973
AlertPath:[Network Connect: Localhost--53.158.101.118:80]->NET_CONNECT->[Process: PName-pEja72mA, ARGUMENTS-]: 0.1: 0
[Process: PName-pEja72mA, ARGUMENTS-]->PROCESS_FORK->[Process: PName-pEja72mA, ARGUMENTS-aue_fork]: 0.1: 39996566
[Process: PName-procstat, ARGUMENTS-]->FILE_WRITE->[File: PATH-<unknown>]: 0.1: 60001263
[File: PATH-<unknown>]->FILE_READ->[Process: PName-pEja72mA, ARGUMENTS-]: 0.1: 330002475

###############Alert###############
currentTime:1720181559929
AnomalyScore: 0.9973
AlertPath:[Network Connect: Localhost--53.158.101.118:80]->NET_CONNECT->[Process: PName-pEja72mA, ARGUMENTS-]: 0.1: 0
[Process: PName-pEja72mA, ARGUMENTS-]->PROCESS_FORK->[Process: PName-pEja72mA, ARGUMENTS-aue_fork]: 0.1: 39996566
[Process: PName-procstat, ARGUMENTS-]->FILE_WRITE->[File: PATH-<unknown>]: 0.1: 60001263
[File: PATH-<unknown>]->FILE_READ->[Process: PName-pEja72mA, ARGUMENTS-]: 0.1: 330002475

###############Alert###############
currentTime:1720181559931
AnomalyScore: 0.9973
AlertPath:[Network Connect: Localhost--53.158.101.118:80]->NET_CONNECT->[Process: PName-pEja72mA, ARGUMENTS-]: 0.1: 0
[Process: PName-pEja72mA, ARGUMENTS-]->PROCESS_FORK->[Process: PName-pEja72mA, ARGUMENTS-aue_fork]: 0.1: 39996566
[Process: PName-procstat, ARGUMENTS-]->FILE_WRITE->[File: PATH-<unknown>]: 0.1: 60001263
[File: PATH-<unknown>]->FILE_READ->[Process: PName-pEja72mA, ARGUMENTS-]: 0.1: 330002475

###############Alert###############
currentTime:1720181559931
AnomalyScore: 0.9973
AlertPath:[Network Connect: Localhost--53.158.101.118:80]->NET_CONNECT->[Process: PName-pEja72mA, ARGUMENTS-]: 0.1: 0
[Process: PName-pEja72mA, ARGUMENTS-]->PROCESS_FORK->[Process: PName-pEja72mA, ARGUMENTS-aue_fork]: 0.1: 39996566
[Process: PName-procstat, ARGUMENTS-]->FILE_WRITE->[File: PATH-<unknown>]: 0.1: 60001263
[File: PATH-<unknown>]->FILE_READ->[Process: PName-pEja72mA, ARGUMENTS-]: 0.1: 330002475

###############Alert###############
currentTime:1720181559933
AnomalyScore: 0.9973
AlertPath:[Network Connect: Localhost--53.158.101.118:80]->NET_CONNECT->[Process: PName-pEja72mA, ARGUMENTS-]: 0.1: 0
[Process: PName-pEja72mA, ARGUMENTS-]->PROCESS_FORK->[Process: PName-pEja72mA, ARGUMENTS-aue_fork]: 0.1: 39996566
[Process: PName-procstat, ARGUMENTS-]->FILE_WRITE->[File: PATH-<unknown>]: 0.1: 60001263
[File: PATH-<unknown>]->FILE_READ->[Process: PName-pEja72mA, ARGUMENTS-]: 0.1: 330002475

###############Alert###############
currentTime:1720181559933
AnomalyScore: 0.9973
AlertPath:[Network Connect: Localhost--53.158.101.118:80]->NET_CONNECT->[Process: PName-pEja72mA, ARGUMENTS-]: 0.1: 0
[Process: PName-pEja72mA, ARGUMENTS-]->PROCESS_FORK->[Process: PName-pEja72mA, ARGUMENTS-aue_fork]: 0.1: 39996566
[Process: PName-procstat, ARGUMENTS-]->FILE_WRITE->[File: PATH-<unknown>]: 0.1: 60001263
[File: PATH-<unknown>]->FILE_READ->[Process: PName-pEja72mA, ARGUMENTS-]: 0.1: 330002475

###############Alert###############
currentTime:1720181559934
AnomalyScore: 0.9973
AlertPath:[Network Connect: Localhost--53.158.101.118:80]->NET_CONNECT->[Process: PName-pEja72mA, ARGUMENTS-]: 0.1: 0
[Process: PName-pEja72mA, ARGUMENTS-]->PROCESS_FORK->[Process: PName-pEja72mA, ARGUMENTS-aue_fork]: 0.1: 39996566
[Process: PName-procstat, ARGUMENTS-]->FILE_WRITE->[File: PATH-<unknown>]: 0.1: 60001263
[File: PATH-<unknown>]->FILE_READ->[Process: PName-pEja72mA, ARGUMENTS-]: 0.1: 340001823

###############Alert###############
currentTime:1720181559935
AnomalyScore: 0.9973
AlertPath:[Network Connect: Localhost--53.158.101.118:80]->NET_CONNECT->[Process: PName-pEja72mA, ARGUMENTS-]: 0.1: 0
[Process: PName-pEja72mA, ARGUMENTS-]->PROCESS_FORK->[Process: PName-pEja72mA, ARGUMENTS-aue_fork]: 0.1: 39996566
[Process: PName-procstat, ARGUMENTS-]->FILE_WRITE->[File: PATH-<unknown>]: 0.1: 60001263
[File: PATH-<unknown>]->FILE_READ->[Process: PName-pEja72mA, ARGUMENTS-]: 0.1: 340001823

###############Alert###############
currentTime:1720181559936
AnomalyScore: 0.9973
AlertPath:[Network Connect: Localhost--53.158.101.118:80]->NET_CONNECT->[Process: PName-pEja72mA, ARGUMENTS-]: 0.1: 0
[Process: PName-pEja72mA, ARGUMENTS-]->PROCESS_FORK->[Process: PName-pEja72mA, ARGUMENTS-aue_fork]: 0.1: 39996566
[Process: PName-procstat, ARGUMENTS-]->FILE_WRITE->[File: PATH-<unknown>]: 0.1: 60001263
[File: PATH-<unknown>]->FILE_READ->[Process: PName-pEja72mA, ARGUMENTS-]: 0.1: 340001823

###############Alert###############
currentTime:1720181559936
AnomalyScore: 0.9973
AlertPath:[Network Connect: Localhost--53.158.101.118:80]->NET_CONNECT->[Process: PName-pEja72mA, ARGUMENTS-]: 0.1: 0
[Process: PName-pEja72mA, ARGUMENTS-]->PROCESS_FORK->[Process: PName-pEja72mA, ARGUMENTS-aue_fork]: 0.1: 39996566
[Process: PName-procstat, ARGUMENTS-]->FILE_WRITE->[File: PATH-<unknown>]: 0.1: 60001263
[File: PATH-<unknown>]->FILE_READ->[Process: PName-pEja72mA, ARGUMENTS-]: 0.1: 340001823

###############Alert###############
currentTime:1720181559938
AnomalyScore: 0.9973
AlertPath:[Network Connect: Localhost--53.158.101.118:80]->NET_CONNECT->[Process: PName-pEja72mA, ARGUMENTS-]: 0.1: 0
[Process: PName-pEja72mA, ARGUMENTS-]->PROCESS_FORK->[Process: PName-pEja72mA, ARGUMENTS-aue_fork]: 0.1: 39996566
[Process: PName-procstat, ARGUMENTS-]->FILE_WRITE->[File: PATH-<unknown>]: 0.1: 60001263
[File: PATH-<unknown>]->FILE_READ->[Process: PName-pEja72mA, ARGUMENTS-]: 0.1: 340001823

###############Alert###############
currentTime:1720181559938
AnomalyScore: 0.9973
AlertPath:[Network Connect: Localhost--53.158.101.118:80]->NET_CONNECT->[Process: PName-pEja72mA, ARGUMENTS-]: 0.1: 0
[Process: PName-pEja72mA, ARGUMENTS-]->PROCESS_FORK->[Process: PName-pEja72mA, ARGUMENTS-aue_fork]: 0.1: 39996566
[Process: PName-procstat, ARGUMENTS-]->FILE_WRITE->[File: PATH-<unknown>]: 0.1: 60001263
[File: PATH-<unknown>]->FILE_READ->[Process: PName-pEja72mA, ARGUMENTS-]: 0.1: 340001823

###############Alert###############
currentTime:1720181559940
AnomalyScore: 0.9973
AlertPath:[Network Connect: Localhost--53.158.101.118:80]->NET_CONNECT->[Process: PName-pEja72mA, ARGUMENTS-]: 0.1: 0
[Process: PName-pEja72mA, ARGUMENTS-]->PROCESS_FORK->[Process: PName-pEja72mA, ARGUMENTS-aue_fork]: 0.1: 39996566
[Process: PName-procstat, ARGUMENTS-]->FILE_WRITE->[File: PATH-<unknown>]: 0.1: 60001263
[File: PATH-<unknown>]->FILE_READ->[Process: PName-pEja72mA, ARGUMENTS-]: 0.1: 340001823

###############Alert###############
currentTime:1720181559940
AnomalyScore: 0.9973
AlertPath:[Network Connect: Localhost--53.158.101.118:80]->NET_CONNECT->[Process: PName-pEja72mA, ARGUMENTS-]: 0.1: 0
[Process: PName-pEja72mA, ARGUMENTS-]->PROCESS_FORK->[Process: PName-pEja72mA, ARGUMENTS-aue_fork]: 0.1: 39996566
[Process: PName-procstat, ARGUMENTS-]->FILE_WRITE->[File: PATH-<unknown>]: 0.1: 60001263
[File: PATH-<unknown>]->FILE_READ->[Process: PName-pEja72mA, ARGUMENTS-]: 0.1: 340001823

###############Alert###############
currentTime:1720181559942
AnomalyScore: 0.9973
AlertPath:[Network Connect: Localhost--53.158.101.118:80]->NET_CONNECT->[Process: PName-pEja72mA, ARGUMENTS-]: 0.1: 0
[Process: PName-pEja72mA, ARGUMENTS-]->PROCESS_FORK->[Process: PName-pEja72mA, ARGUMENTS-aue_fork]: 0.1: 39996566
[Process: PName-procstat, ARGUMENTS-]->FILE_WRITE->[File: PATH-<unknown>]: 0.1: 60001263
[File: PATH-<unknown>]->FILE_READ->[Process: PName-pEja72mA, ARGUMENTS-]: 0.1: 340001823

###############Alert###############
currentTime:1720181559942
AnomalyScore: 0.9973
AlertPath:[Network Connect: Localhost--53.158.101.118:80]->NET_CONNECT->[Process: PName-pEja72mA, ARGUMENTS-]: 0.1: 0
[Process: PName-pEja72mA, ARGUMENTS-]->PROCESS_FORK->[Process: PName-pEja72mA, ARGUMENTS-aue_fork]: 0.1: 39996566
[Process: PName-procstat, ARGUMENTS-]->FILE_WRITE->[File: PATH-<unknown>]: 0.1: 60001263
[File: PATH-<unknown>]->FILE_READ->[Process: PName-pEja72mA, ARGUMENTS-]: 0.1: 340001823

###############Alert###############
currentTime:1720181559943
AnomalyScore: 0.9973
AlertPath:[Network Connect: Localhost--53.158.101.118:80]->NET_CONNECT->[Process: PName-pEja72mA, ARGUMENTS-]: 0.1: 0
[Process: PName-pEja72mA, ARGUMENTS-]->PROCESS_FORK->[Process: PName-pEja72mA, ARGUMENTS-aue_fork]: 0.1: 39996566
[Process: PName-procstat, ARGUMENTS-]->FILE_WRITE->[File: PATH-<unknown>]: 0.1: 60001263
[File: PATH-<unknown>]->FILE_READ->[Process: PName-pEja72mA, ARGUMENTS-]: 0.1: 340001823

###############Alert###############
currentTime:1720181559944
AnomalyScore: 0.9973
AlertPath:[Network Connect: Localhost--53.158.101.118:80]->NET_CONNECT->[Process: PName-pEja72mA, ARGUMENTS-]: 0.1: 0
[Process: PName-pEja72mA, ARGUMENTS-]->PROCESS_FORK->[Process: PName-pEja72mA, ARGUMENTS-aue_fork]: 0.1: 39996566
[Process: PName-procstat, ARGUMENTS-]->FILE_WRITE->[File: PATH-<unknown>]: 0.1: 60001263
[File: PATH-<unknown>]->FILE_READ->[Process: PName-pEja72mA, ARGUMENTS-]: 0.1: 340001823

###############Alert###############
currentTime:1720181559945
AnomalyScore: 0.9973
AlertPath:[Network Connect: Localhost--53.158.101.118:80]->NET_CONNECT->[Process: PName-pEja72mA, ARGUMENTS-]: 0.1: 0
[Process: PName-pEja72mA, ARGUMENTS-]->PROCESS_FORK->[Process: PName-pEja72mA, ARGUMENTS-aue_fork]: 0.1: 39996566
[Process: PName-procstat, ARGUMENTS-]->FILE_WRITE->[File: PATH-<unknown>]: 0.1: 60001263
[File: PATH-<unknown>]->FILE_READ->[Process: PName-pEja72mA, ARGUMENTS-]: 0.1: 340001823

###############Alert###############
currentTime:1720181559945
AnomalyScore: 0.9973
AlertPath:[Network Connect: Localhost--53.158.101.118:80]->NET_CONNECT->[Process: PName-pEja72mA, ARGUMENTS-]: 0.1: 0
[Process: PName-pEja72mA, ARGUMENTS-]->PROCESS_FORK->[Process: PName-pEja72mA, ARGUMENTS-aue_fork]: 0.1: 39996566
[Process: PName-procstat, ARGUMENTS-]->FILE_WRITE->[File: PATH-<unknown>]: 0.1: 60001263
[File: PATH-<unknown>]->FILE_READ->[Process: PName-pEja72mA, ARGUMENTS-]: 0.1: 350002132

###############Alert###############
currentTime:1720181559947
AnomalyScore: 0.9973
AlertPath:[Network Connect: Localhost--53.158.101.118:80]->NET_CONNECT->[Process: PName-pEja72mA, ARGUMENTS-]: 0.1: 0
[Process: PName-pEja72mA, ARGUMENTS-]->PROCESS_FORK->[Process: PName-pEja72mA, ARGUMENTS-aue_fork]: 0.1: 39996566
[Process: PName-procstat, ARGUMENTS-]->FILE_WRITE->[File: PATH-<unknown>]: 0.1: 60001263
[File: PATH-<unknown>]->FILE_READ->[Process: PName-pEja72mA, ARGUMENTS-]: 0.1: 350002132

###############Alert###############
currentTime:1720181559947
AnomalyScore: 0.9973
AlertPath:[Network Connect: Localhost--53.158.101.118:80]->NET_CONNECT->[Process: PName-pEja72mA, ARGUMENTS-]: 0.1: 0
[Process: PName-pEja72mA, ARGUMENTS-]->PROCESS_FORK->[Process: PName-pEja72mA, ARGUMENTS-aue_fork]: 0.1: 39996566
[Process: PName-procstat, ARGUMENTS-]->FILE_WRITE->[File: PATH-<unknown>]: 0.1: 60001263
[File: PATH-<unknown>]->FILE_READ->[Process: PName-pEja72mA, ARGUMENTS-]: 0.1: 350002132

###############Alert###############
currentTime:1720181559949
AnomalyScore: 0.9973
AlertPath:[Network Connect: Localhost--53.158.101.118:80]->NET_CONNECT->[Process: PName-pEja72mA, ARGUMENTS-]: 0.1: 0
[Process: PName-pEja72mA, ARGUMENTS-]->PROCESS_FORK->[Process: PName-pEja72mA, ARGUMENTS-aue_fork]: 0.1: 39996566
[Process: PName-procstat, ARGUMENTS-]->FILE_WRITE->[File: PATH-<unknown>]: 0.1: 60001263
[File: PATH-<unknown>]->FILE_READ->[Process: PName-pEja72mA, ARGUMENTS-]: 0.1: 350002132

###############Alert###############
currentTime:1720181559949
AnomalyScore: 0.9973
AlertPath:[Network Connect: Localhost--53.158.101.118:80]->NET_CONNECT->[Process: PName-pEja72mA, ARGUMENTS-]: 0.1: 0
[Process: PName-pEja72mA, ARGUMENTS-]->PROCESS_FORK->[Process: PName-pEja72mA, ARGUMENTS-aue_fork]: 0.1: 39996566
[Process: PName-procstat, ARGUMENTS-]->FILE_WRITE->[File: PATH-<unknown>]: 0.1: 60001263
[File: PATH-<unknown>]->FILE_READ->[Process: PName-pEja72mA, ARGUMENTS-]: 0.1: 350002132

###############Alert###############
currentTime:1720181559951
AnomalyScore: 0.9973
AlertPath:[Network Connect: Localhost--53.158.101.118:80]->NET_CONNECT->[Process: PName-pEja72mA, ARGUMENTS-]: 0.1: 0
[Process: PName-pEja72mA, ARGUMENTS-]->PROCESS_FORK->[Process: PName-pEja72mA, ARGUMENTS-aue_fork]: 0.1: 39996566
[Process: PName-procstat, ARGUMENTS-]->FILE_WRITE->[File: PATH-<unknown>]: 0.1: 60001263
[File: PATH-<unknown>]->FILE_READ->[Process: PName-pEja72mA, ARGUMENTS-]: 0.1: 350002132

###############Alert###############
currentTime:1720181559952
AnomalyScore: 0.9973
AlertPath:[Network Connect: Localhost--53.158.101.118:80]->NET_CONNECT->[Process: PName-pEja72mA, ARGUMENTS-]: 0.1: 0
[Process: PName-pEja72mA, ARGUMENTS-]->PROCESS_FORK->[Process: PName-pEja72mA, ARGUMENTS-aue_fork]: 0.1: 39996566
[Process: PName-procstat, ARGUMENTS-]->FILE_WRITE->[File: PATH-<unknown>]: 0.1: 60001263
[File: PATH-<unknown>]->FILE_READ->[Process: PName-pEja72mA, ARGUMENTS-]: 0.1: 350002132

###############Alert###############
currentTime:1720181559954
AnomalyScore: 0.9973
AlertPath:[Network Connect: Localhost--53.158.101.118:80]->NET_CONNECT->[Process: PName-pEja72mA, ARGUMENTS-]: 0.1: 0
[Process: PName-pEja72mA, ARGUMENTS-]->PROCESS_FORK->[Process: PName-pEja72mA, ARGUMENTS-aue_fork]: 0.1: 39996566
[Process: PName-procstat, ARGUMENTS-]->FILE_WRITE->[File: PATH-<unknown>]: 0.1: 60001263
[File: PATH-<unknown>]->FILE_READ->[Process: PName-pEja72mA, ARGUMENTS-]: 0.1: 350002132

###############Alert###############
currentTime:1720181559954
AnomalyScore: 0.9973
AlertPath:[Network Connect: Localhost--53.158.101.118:80]->NET_CONNECT->[Process: PName-pEja72mA, ARGUMENTS-]: 0.1: 0
[Process: PName-pEja72mA, ARGUMENTS-]->PROCESS_FORK->[Process: PName-pEja72mA, ARGUMENTS-aue_fork]: 0.1: 39996566
[Process: PName-procstat, ARGUMENTS-]->FILE_WRITE->[File: PATH-<unknown>]: 0.1: 60001263
[File: PATH-<unknown>]->FILE_READ->[Process: PName-pEja72mA, ARGUMENTS-]: 0.1: 350002132

###############Alert###############
currentTime:1720181559955
AnomalyScore: 0.9973
AlertPath:[Network Connect: Localhost--53.158.101.118:80]->NET_CONNECT->[Process: PName-pEja72mA, ARGUMENTS-]: 0.1: 0
[Process: PName-pEja72mA, ARGUMENTS-]->PROCESS_FORK->[Process: PName-pEja72mA, ARGUMENTS-aue_fork]: 0.1: 39996566
[Process: PName-procstat, ARGUMENTS-]->FILE_WRITE->[File: PATH-<unknown>]: 0.1: 60001263
[File: PATH-<unknown>]->FILE_READ->[Process: PName-pEja72mA, ARGUMENTS-]: 0.1: 350002132

###############Alert###############
currentTime:1720181559956
AnomalyScore: 0.9973
AlertPath:[Network Connect: Localhost--53.158.101.118:80]->NET_CONNECT->[Process: PName-pEja72mA, ARGUMENTS-]: 0.1: 0
[Process: PName-pEja72mA, ARGUMENTS-]->PROCESS_FORK->[Process: PName-pEja72mA, ARGUMENTS-aue_fork]: 0.1: 39996566
[Process: PName-procstat, ARGUMENTS-]->FILE_WRITE->[File: PATH-<unknown>]: 0.1: 60001263
[File: PATH-<unknown>]->FILE_READ->[Process: PName-pEja72mA, ARGUMENTS-]: 0.1: 350002132

###############Alert###############
currentTime:1720181559957
AnomalyScore: 0.9973
AlertPath:[Network Connect: Localhost--53.158.101.118:80]->NET_CONNECT->[Process: PName-pEja72mA, ARGUMENTS-]: 0.1: 0
[Process: PName-pEja72mA, ARGUMENTS-]->PROCESS_FORK->[Process: PName-pEja72mA, ARGUMENTS-aue_fork]: 0.1: 39996566
[Process: PName-procstat, ARGUMENTS-]->FILE_WRITE->[File: PATH-<unknown>]: 0.1: 60001263
[File: PATH-<unknown>]->FILE_READ->[Process: PName-pEja72mA, ARGUMENTS-]: 0.1: 350002132

###############Alert###############
currentTime:1720181559957
AnomalyScore: 0.9973
AlertPath:[Network Connect: Localhost--53.158.101.118:80]->NET_CONNECT->[Process: PName-pEja72mA, ARGUMENTS-]: 0.1: 0
[Process: PName-pEja72mA, ARGUMENTS-]->PROCESS_FORK->[Process: PName-pEja72mA, ARGUMENTS-aue_fork]: 0.1: 39996566
[Process: PName-procstat, ARGUMENTS-]->FILE_WRITE->[File: PATH-<unknown>]: 0.1: 60001263
[File: PATH-<unknown>]->FILE_READ->[Process: PName-pEja72mA, ARGUMENTS-]: 0.1: 350002132

###############Alert###############
currentTime:1720181559959
AnomalyScore: 0.9973
AlertPath:[Network Connect: Localhost--53.158.101.118:80]->NET_CONNECT->[Process: PName-pEja72mA, ARGUMENTS-]: 0.1: 0
[Process: PName-pEja72mA, ARGUMENTS-]->PROCESS_FORK->[Process: PName-pEja72mA, ARGUMENTS-aue_fork]: 0.1: 39996566
[Process: PName-procstat, ARGUMENTS-]->FILE_WRITE->[File: PATH-<unknown>]: 0.1: 60001263
[File: PATH-<unknown>]->FILE_READ->[Process: PName-pEja72mA, ARGUMENTS-]: 0.1: 360002681

###############Alert###############
currentTime:1720181559959
AnomalyScore: 0.9973
AlertPath:[Network Connect: Localhost--53.158.101.118:80]->NET_CONNECT->[Process: PName-pEja72mA, ARGUMENTS-]: 0.1: 0
[Process: PName-pEja72mA, ARGUMENTS-]->PROCESS_FORK->[Process: PName-pEja72mA, ARGUMENTS-aue_fork]: 0.1: 39996566
[Process: PName-procstat, ARGUMENTS-]->FILE_WRITE->[File: PATH-<unknown>]: 0.1: 60001263
[File: PATH-<unknown>]->FILE_READ->[Process: PName-pEja72mA, ARGUMENTS-]: 0.1: 360002681

###############Alert###############
currentTime:1720181559961
AnomalyScore: 0.9973
AlertPath:[Network Connect: Localhost--53.158.101.118:80]->NET_CONNECT->[Process: PName-pEja72mA, ARGUMENTS-]: 0.1: 0
[Process: PName-pEja72mA, ARGUMENTS-]->PROCESS_FORK->[Process: PName-pEja72mA, ARGUMENTS-aue_fork]: 0.1: 39996566
[Process: PName-procstat, ARGUMENTS-]->FILE_WRITE->[File: PATH-<unknown>]: 0.1: 60001263
[File: PATH-<unknown>]->FILE_READ->[Process: PName-pEja72mA, ARGUMENTS-]: 0.1: 360002681

###############Alert###############
currentTime:1720181559961
AnomalyScore: 0.9973
AlertPath:[Network Connect: Localhost--53.158.101.118:80]->NET_CONNECT->[Process: PName-pEja72mA, ARGUMENTS-]: 0.1: 0
[Process: PName-pEja72mA, ARGUMENTS-]->PROCESS_FORK->[Process: PName-pEja72mA, ARGUMENTS-aue_fork]: 0.1: 39996566
[Process: PName-procstat, ARGUMENTS-]->FILE_WRITE->[File: PATH-<unknown>]: 0.1: 60001263
[File: PATH-<unknown>]->FILE_READ->[Process: PName-pEja72mA, ARGUMENTS-]: 0.1: 360002681

###############Alert###############
currentTime:1720181559963
AnomalyScore: 0.9973
AlertPath:[Network Connect: Localhost--53.158.101.118:80]->NET_CONNECT->[Process: PName-pEja72mA, ARGUMENTS-]: 0.1: 0
[Process: PName-pEja72mA, ARGUMENTS-]->PROCESS_FORK->[Process: PName-pEja72mA, ARGUMENTS-aue_fork]: 0.1: 39996566
[Process: PName-procstat, ARGUMENTS-]->FILE_WRITE->[File: PATH-<unknown>]: 0.1: 60001263
[File: PATH-<unknown>]->FILE_READ->[Process: PName-pEja72mA, ARGUMENTS-]: 0.1: 360002681

###############Alert###############
currentTime:1720181559963
AnomalyScore: 0.9973
AlertPath:[Network Connect: Localhost--53.158.101.118:80]->NET_CONNECT->[Process: PName-pEja72mA, ARGUMENTS-]: 0.1: 0
[Process: PName-pEja72mA, ARGUMENTS-]->PROCESS_FORK->[Process: PName-pEja72mA, ARGUMENTS-aue_fork]: 0.1: 39996566
[Process: PName-procstat, ARGUMENTS-]->FILE_WRITE->[File: PATH-<unknown>]: 0.1: 60001263
[File: PATH-<unknown>]->FILE_READ->[Process: PName-pEja72mA, ARGUMENTS-]: 0.1: 360002681

###############Alert###############
currentTime:1720181559965
AnomalyScore: 0.9973
AlertPath:[Network Connect: Localhost--53.158.101.118:80]->NET_CONNECT->[Process: PName-pEja72mA, ARGUMENTS-]: 0.1: 0
[Process: PName-pEja72mA, ARGUMENTS-]->PROCESS_FORK->[Process: PName-pEja72mA, ARGUMENTS-aue_fork]: 0.1: 39996566
[Process: PName-procstat, ARGUMENTS-]->FILE_WRITE->[File: PATH-<unknown>]: 0.1: 60001263
[File: PATH-<unknown>]->FILE_READ->[Process: PName-pEja72mA, ARGUMENTS-]: 0.1: 360002681

###############Alert###############
currentTime:1720181559965
AnomalyScore: 0.9973
AlertPath:[Network Connect: Localhost--53.158.101.118:80]->NET_CONNECT->[Process: PName-pEja72mA, ARGUMENTS-]: 0.1: 0
[Process: PName-pEja72mA, ARGUMENTS-]->PROCESS_FORK->[Process: PName-pEja72mA, ARGUMENTS-aue_fork]: 0.1: 39996566
[Process: PName-procstat, ARGUMENTS-]->FILE_WRITE->[File: PATH-<unknown>]: 0.1: 60001263
[File: PATH-<unknown>]->FILE_READ->[Process: PName-pEja72mA, ARGUMENTS-]: 0.1: 360002681

###############Alert###############
currentTime:1720181559966
AnomalyScore: 0.9973
AlertPath:[Network Connect: Localhost--53.158.101.118:80]->NET_CONNECT->[Process: PName-pEja72mA, ARGUMENTS-]: 0.1: 0
[Process: PName-pEja72mA, ARGUMENTS-]->PROCESS_FORK->[Process: PName-pEja72mA, ARGUMENTS-aue_fork]: 0.1: 39996566
[Process: PName-procstat, ARGUMENTS-]->FILE_WRITE->[File: PATH-<unknown>]: 0.1: 60001263
[File: PATH-<unknown>]->FILE_READ->[Process: PName-pEja72mA, ARGUMENTS-]: 0.1: 360002681

###############Alert###############
currentTime:1720181559967
AnomalyScore: 0.9973
AlertPath:[Network Connect: Localhost--53.158.101.118:80]->NET_CONNECT->[Process: PName-pEja72mA, ARGUMENTS-]: 0.1: 0
[Process: PName-pEja72mA, ARGUMENTS-]->PROCESS_FORK->[Process: PName-pEja72mA, ARGUMENTS-aue_fork]: 0.1: 39996566
[Process: PName-procstat, ARGUMENTS-]->FILE_WRITE->[File: PATH-<unknown>]: 0.1: 60001263
[File: PATH-<unknown>]->FILE_READ->[Process: PName-pEja72mA, ARGUMENTS-]: 0.1: 360002681

###############Alert###############
currentTime:1720181559968
AnomalyScore: 0.9973
AlertPath:[Network Connect: Localhost--53.158.101.118:80]->NET_CONNECT->[Process: PName-pEja72mA, ARGUMENTS-]: 0.1: 0
[Process: PName-pEja72mA, ARGUMENTS-]->PROCESS_FORK->[Process: PName-pEja72mA, ARGUMENTS-aue_fork]: 0.1: 39996566
[Process: PName-procstat, ARGUMENTS-]->FILE_WRITE->[File: PATH-<unknown>]: 0.1: 60001263
[File: PATH-<unknown>]->FILE_READ->[Process: PName-pEja72mA, ARGUMENTS-]: 0.1: 360002681

###############Alert###############
currentTime:1720181559968
AnomalyScore: 0.9973
AlertPath:[Network Connect: Localhost--53.158.101.118:80]->NET_CONNECT->[Process: PName-pEja72mA, ARGUMENTS-]: 0.1: 0
[Process: PName-pEja72mA, ARGUMENTS-]->PROCESS_FORK->[Process: PName-pEja72mA, ARGUMENTS-aue_fork]: 0.1: 39996566
[Process: PName-procstat, ARGUMENTS-]->FILE_WRITE->[File: PATH-<unknown>]: 0.1: 60001263
[File: PATH-<unknown>]->FILE_READ->[Process: PName-pEja72mA, ARGUMENTS-]: 0.1: 360002681

###############Alert###############
currentTime:1720181559970
AnomalyScore: 0.9973
AlertPath:[Network Connect: Localhost--53.158.101.118:80]->NET_CONNECT->[Process: PName-pEja72mA, ARGUMENTS-]: 0.1: 0
[Process: PName-pEja72mA, ARGUMENTS-]->PROCESS_FORK->[Process: PName-pEja72mA, ARGUMENTS-aue_fork]: 0.1: 39996566
[Process: PName-procstat, ARGUMENTS-]->FILE_WRITE->[File: PATH-<unknown>]: 0.1: 60001263
[File: PATH-<unknown>]->FILE_READ->[Process: PName-pEja72mA, ARGUMENTS-]: 0.1: 370000330

###############Alert###############
currentTime:1720181559970
AnomalyScore: 0.9973
AlertPath:[Network Connect: Localhost--53.158.101.118:80]->NET_CONNECT->[Process: PName-pEja72mA, ARGUMENTS-]: 0.1: 0
[Process: PName-pEja72mA, ARGUMENTS-]->PROCESS_FORK->[Process: PName-pEja72mA, ARGUMENTS-aue_fork]: 0.1: 39996566
[Process: PName-procstat, ARGUMENTS-]->FILE_WRITE->[File: PATH-<unknown>]: 0.1: 60001263
[File: PATH-<unknown>]->FILE_READ->[Process: PName-pEja72mA, ARGUMENTS-]: 0.1: 370000330

###############Alert###############
currentTime:1720181559971
AnomalyScore: 0.9973
AlertPath:[Network Connect: Localhost--53.158.101.118:80]->NET_CONNECT->[Process: PName-pEja72mA, ARGUMENTS-]: 0.1: 0
[Process: PName-pEja72mA, ARGUMENTS-]->PROCESS_FORK->[Process: PName-pEja72mA, ARGUMENTS-aue_fork]: 0.1: 39996566
[Process: PName-procstat, ARGUMENTS-]->FILE_WRITE->[File: PATH-<unknown>]: 0.1: 60001263
[File: PATH-<unknown>]->FILE_READ->[Process: PName-pEja72mA, ARGUMENTS-]: 0.1: 370000330

###############Alert###############
currentTime:1720181559972
AnomalyScore: 0.9973
AlertPath:[Network Connect: Localhost--53.158.101.118:80]->NET_CONNECT->[Process: PName-pEja72mA, ARGUMENTS-]: 0.1: 0
[Process: PName-pEja72mA, ARGUMENTS-]->PROCESS_FORK->[Process: PName-pEja72mA, ARGUMENTS-aue_fork]: 0.1: 39996566
[Process: PName-procstat, ARGUMENTS-]->FILE_WRITE->[File: PATH-<unknown>]: 0.1: 60001263
[File: PATH-<unknown>]->FILE_READ->[Process: PName-pEja72mA, ARGUMENTS-]: 0.1: 370000330

###############Alert###############
currentTime:1720181559973
AnomalyScore: 0.9973
AlertPath:[Network Connect: Localhost--53.158.101.118:80]->NET_CONNECT->[Process: PName-pEja72mA, ARGUMENTS-]: 0.1: 0
[Process: PName-pEja72mA, ARGUMENTS-]->PROCESS_FORK->[Process: PName-pEja72mA, ARGUMENTS-aue_fork]: 0.1: 39996566
[Process: PName-procstat, ARGUMENTS-]->FILE_WRITE->[File: PATH-<unknown>]: 0.1: 60001263
[File: PATH-<unknown>]->FILE_READ->[Process: PName-pEja72mA, ARGUMENTS-]: 0.1: 370000330

###############Alert###############
currentTime:1720181559974
AnomalyScore: 0.9973
AlertPath:[Network Connect: Localhost--53.158.101.118:80]->NET_CONNECT->[Process: PName-pEja72mA, ARGUMENTS-]: 0.1: 0
[Process: PName-pEja72mA, ARGUMENTS-]->PROCESS_FORK->[Process: PName-pEja72mA, ARGUMENTS-aue_fork]: 0.1: 39996566
[Process: PName-procstat, ARGUMENTS-]->FILE_WRITE->[File: PATH-<unknown>]: 0.1: 60001263
[File: PATH-<unknown>]->FILE_READ->[Process: PName-pEja72mA, ARGUMENTS-]: 0.1: 370000330

###############Alert###############
currentTime:1720181559975
AnomalyScore: 0.9973
AlertPath:[Network Connect: Localhost--53.158.101.118:80]->NET_CONNECT->[Process: PName-pEja72mA, ARGUMENTS-]: 0.1: 0
[Process: PName-pEja72mA, ARGUMENTS-]->PROCESS_FORK->[Process: PName-pEja72mA, ARGUMENTS-aue_fork]: 0.1: 39996566
[Process: PName-procstat, ARGUMENTS-]->FILE_WRITE->[File: PATH-<unknown>]: 0.1: 60001263
[File: PATH-<unknown>]->FILE_READ->[Process: PName-pEja72mA, ARGUMENTS-]: 0.1: 370000330

###############Alert###############
currentTime:1720181559975
AnomalyScore: 0.9973
AlertPath:[Network Connect: Localhost--53.158.101.118:80]->NET_CONNECT->[Process: PName-pEja72mA, ARGUMENTS-]: 0.1: 0
[Process: PName-pEja72mA, ARGUMENTS-]->PROCESS_FORK->[Process: PName-pEja72mA, ARGUMENTS-aue_fork]: 0.1: 39996566
[Process: PName-procstat, ARGUMENTS-]->FILE_WRITE->[File: PATH-<unknown>]: 0.1: 60001263
[File: PATH-<unknown>]->FILE_READ->[Process: PName-pEja72mA, ARGUMENTS-]: 0.1: 370000330

###############Alert###############
currentTime:1720181559977
AnomalyScore: 0.9973
AlertPath:[Network Connect: Localhost--53.158.101.118:80]->NET_CONNECT->[Process: PName-pEja72mA, ARGUMENTS-]: 0.1: 0
[Process: PName-pEja72mA, ARGUMENTS-]->PROCESS_FORK->[Process: PName-pEja72mA, ARGUMENTS-aue_fork]: 0.1: 39996566
[Process: PName-procstat, ARGUMENTS-]->FILE_WRITE->[File: PATH-<unknown>]: 0.1: 60001263
[File: PATH-<unknown>]->FILE_READ->[Process: PName-pEja72mA, ARGUMENTS-]: 0.1: 370000330

###############Alert###############
currentTime:1720181559977
AnomalyScore: 0.9973
AlertPath:[Network Connect: Localhost--53.158.101.118:80]->NET_CONNECT->[Process: PName-pEja72mA, ARGUMENTS-]: 0.1: 0
[Process: PName-pEja72mA, ARGUMENTS-]->PROCESS_FORK->[Process: PName-pEja72mA, ARGUMENTS-aue_fork]: 0.1: 39996566
[Process: PName-procstat, ARGUMENTS-]->FILE_WRITE->[File: PATH-<unknown>]: 0.1: 60001263
[File: PATH-<unknown>]->FILE_READ->[Process: PName-pEja72mA, ARGUMENTS-]: 0.1: 370000330

###############Alert###############
currentTime:1720181559978
AnomalyScore: 0.9973
AlertPath:[Network Connect: Localhost--53.158.101.118:80]->NET_CONNECT->[Process: PName-pEja72mA, ARGUMENTS-]: 0.1: 0
[Process: PName-pEja72mA, ARGUMENTS-]->PROCESS_FORK->[Process: PName-pEja72mA, ARGUMENTS-aue_fork]: 0.1: 39996566
[Process: PName-procstat, ARGUMENTS-]->FILE_WRITE->[File: PATH-<unknown>]: 0.1: 60001263
[File: PATH-<unknown>]->FILE_READ->[Process: PName-pEja72mA, ARGUMENTS-]: 0.1: 370000330

###############Alert###############
currentTime:1720181559979
AnomalyScore: 0.9973
AlertPath:[Network Connect: Localhost--53.158.101.118:80]->NET_CONNECT->[Process: PName-pEja72mA, ARGUMENTS-]: 0.1: 0
[Process: PName-pEja72mA, ARGUMENTS-]->PROCESS_FORK->[Process: PName-pEja72mA, ARGUMENTS-aue_fork]: 0.1: 39996566
[Process: PName-procstat, ARGUMENTS-]->FILE_WRITE->[File: PATH-<unknown>]: 0.1: 60001263
[File: PATH-<unknown>]->FILE_READ->[Process: PName-pEja72mA, ARGUMENTS-]: 0.1: 370000330

###############Alert###############
currentTime:1720181559980
AnomalyScore: 0.9973
AlertPath:[Network Connect: Localhost--53.158.101.118:80]->NET_CONNECT->[Process: PName-pEja72mA, ARGUMENTS-]: 0.1: 0
[Process: PName-pEja72mA, ARGUMENTS-]->PROCESS_FORK->[Process: PName-pEja72mA, ARGUMENTS-aue_fork]: 0.1: 39996566
[Process: PName-procstat, ARGUMENTS-]->FILE_WRITE->[File: PATH-<unknown>]: 0.1: 60001263
[File: PATH-<unknown>]->FILE_READ->[Process: PName-pEja72mA, ARGUMENTS-]: 0.1: 370000330

###############Alert###############
currentTime:1720181559980
AnomalyScore: 0.9973
AlertPath:[Network Connect: Localhost--53.158.101.118:80]->NET_CONNECT->[Process: PName-pEja72mA, ARGUMENTS-]: 0.1: 0
[Process: PName-pEja72mA, ARGUMENTS-]->PROCESS_FORK->[Process: PName-pEja72mA, ARGUMENTS-aue_fork]: 0.1: 39996566
[Process: PName-procstat, ARGUMENTS-]->FILE_WRITE->[File: PATH-<unknown>]: 0.1: 60001263
[File: PATH-<unknown>]->FILE_READ->[Process: PName-pEja72mA, ARGUMENTS-]: 0.1: 370000330

###############Alert###############
currentTime:1720181559981
AnomalyScore: 0.9973
AlertPath:[Network Connect: Localhost--53.158.101.118:80]->NET_CONNECT->[Process: PName-pEja72mA, ARGUMENTS-]: 0.1: 0
[Process: PName-pEja72mA, ARGUMENTS-]->PROCESS_FORK->[Process: PName-pEja72mA, ARGUMENTS-aue_fork]: 0.1: 39996566
[Process: PName-procstat, ARGUMENTS-]->FILE_WRITE->[File: PATH-<unknown>]: 0.1: 60001263
[File: PATH-<unknown>]->FILE_READ->[Process: PName-pEja72mA, ARGUMENTS-]: 0.1: 380002149

###############Alert###############
currentTime:1720181559982
AnomalyScore: 0.9973
AlertPath:[Network Connect: Localhost--53.158.101.118:80]->NET_CONNECT->[Process: PName-pEja72mA, ARGUMENTS-]: 0.1: 0
[Process: PName-pEja72mA, ARGUMENTS-]->PROCESS_FORK->[Process: PName-pEja72mA, ARGUMENTS-aue_fork]: 0.1: 39996566
[Process: PName-procstat, ARGUMENTS-]->FILE_WRITE->[File: PATH-<unknown>]: 0.1: 60001263
[File: PATH-<unknown>]->FILE_READ->[Process: PName-pEja72mA, ARGUMENTS-]: 0.1: 380002149

###############Alert###############
currentTime:1720181559983
AnomalyScore: 0.9973
AlertPath:[Network Connect: Localhost--53.158.101.118:80]->NET_CONNECT->[Process: PName-pEja72mA, ARGUMENTS-]: 0.1: 0
[Process: PName-pEja72mA, ARGUMENTS-]->PROCESS_FORK->[Process: PName-pEja72mA, ARGUMENTS-aue_fork]: 0.1: 39996566
[Process: PName-procstat, ARGUMENTS-]->FILE_WRITE->[File: PATH-<unknown>]: 0.1: 60001263
[File: PATH-<unknown>]->FILE_READ->[Process: PName-pEja72mA, ARGUMENTS-]: 0.1: 380002149

###############Alert###############
currentTime:1720181559983
AnomalyScore: 0.9973
AlertPath:[Network Connect: Localhost--53.158.101.118:80]->NET_CONNECT->[Process: PName-pEja72mA, ARGUMENTS-]: 0.1: 0
[Process: PName-pEja72mA, ARGUMENTS-]->PROCESS_FORK->[Process: PName-pEja72mA, ARGUMENTS-aue_fork]: 0.1: 39996566
[Process: PName-procstat, ARGUMENTS-]->FILE_WRITE->[File: PATH-<unknown>]: 0.1: 60001263
[File: PATH-<unknown>]->FILE_READ->[Process: PName-pEja72mA, ARGUMENTS-]: 0.1: 380002149

###############Alert###############
currentTime:1720181559985
AnomalyScore: 0.9973
AlertPath:[Network Connect: Localhost--53.158.101.118:80]->NET_CONNECT->[Process: PName-pEja72mA, ARGUMENTS-]: 0.1: 0
[Process: PName-pEja72mA, ARGUMENTS-]->PROCESS_FORK->[Process: PName-pEja72mA, ARGUMENTS-aue_fork]: 0.1: 39996566
[Process: PName-procstat, ARGUMENTS-]->FILE_WRITE->[File: PATH-<unknown>]: 0.1: 60001263
[File: PATH-<unknown>]->FILE_READ->[Process: PName-pEja72mA, ARGUMENTS-]: 0.1: 380002149

###############Alert###############
currentTime:1720181559985
AnomalyScore: 0.9973
AlertPath:[Network Connect: Localhost--53.158.101.118:80]->NET_CONNECT->[Process: PName-pEja72mA, ARGUMENTS-]: 0.1: 0
[Process: PName-pEja72mA, ARGUMENTS-]->PROCESS_FORK->[Process: PName-pEja72mA, ARGUMENTS-aue_fork]: 0.1: 39996566
[Process: PName-procstat, ARGUMENTS-]->FILE_WRITE->[File: PATH-<unknown>]: 0.1: 60001263
[File: PATH-<unknown>]->FILE_READ->[Process: PName-pEja72mA, ARGUMENTS-]: 0.1: 380002149

###############Alert###############
currentTime:1720181559987
AnomalyScore: 0.9973
AlertPath:[Network Connect: Localhost--53.158.101.118:80]->NET_CONNECT->[Process: PName-pEja72mA, ARGUMENTS-]: 0.1: 0
[Process: PName-pEja72mA, ARGUMENTS-]->PROCESS_FORK->[Process: PName-pEja72mA, ARGUMENTS-aue_fork]: 0.1: 39996566
[Process: PName-procstat, ARGUMENTS-]->FILE_WRITE->[File: PATH-<unknown>]: 0.1: 60001263
[File: PATH-<unknown>]->FILE_READ->[Process: PName-pEja72mA, ARGUMENTS-]: 0.1: 380002149

###############Alert###############
currentTime:1720181559987
AnomalyScore: 0.9973
AlertPath:[Network Connect: Localhost--53.158.101.118:80]->NET_CONNECT->[Process: PName-pEja72mA, ARGUMENTS-]: 0.1: 0
[Process: PName-pEja72mA, ARGUMENTS-]->PROCESS_FORK->[Process: PName-pEja72mA, ARGUMENTS-aue_fork]: 0.1: 39996566
[Process: PName-procstat, ARGUMENTS-]->FILE_WRITE->[File: PATH-<unknown>]: 0.1: 60001263
[File: PATH-<unknown>]->FILE_READ->[Process: PName-pEja72mA, ARGUMENTS-]: 0.1: 380002149

###############Alert###############
currentTime:1720181559989
AnomalyScore: 0.9973
AlertPath:[Network Connect: Localhost--53.158.101.118:80]->NET_CONNECT->[Process: PName-pEja72mA, ARGUMENTS-]: 0.1: 0
[Process: PName-pEja72mA, ARGUMENTS-]->PROCESS_FORK->[Process: PName-pEja72mA, ARGUMENTS-aue_fork]: 0.1: 39996566
[Process: PName-procstat, ARGUMENTS-]->FILE_WRITE->[File: PATH-<unknown>]: 0.1: 60001263
[File: PATH-<unknown>]->FILE_READ->[Process: PName-pEja72mA, ARGUMENTS-]: 0.1: 380002149

###############Alert###############
currentTime:1720181559989
AnomalyScore: 0.9973
AlertPath:[Network Connect: Localhost--53.158.101.118:80]->NET_CONNECT->[Process: PName-pEja72mA, ARGUMENTS-]: 0.1: 0
[Process: PName-pEja72mA, ARGUMENTS-]->PROCESS_FORK->[Process: PName-pEja72mA, ARGUMENTS-aue_fork]: 0.1: 39996566
[Process: PName-procstat, ARGUMENTS-]->FILE_WRITE->[File: PATH-<unknown>]: 0.1: 60001263
[File: PATH-<unknown>]->FILE_READ->[Process: PName-pEja72mA, ARGUMENTS-]: 0.1: 380002149

###############Alert###############
currentTime:1720181559990
AnomalyScore: 0.9973
AlertPath:[Network Connect: Localhost--53.158.101.118:80]->NET_CONNECT->[Process: PName-pEja72mA, ARGUMENTS-]: 0.1: 0
[Process: PName-pEja72mA, ARGUMENTS-]->PROCESS_FORK->[Process: PName-pEja72mA, ARGUMENTS-aue_fork]: 0.1: 39996566
[Process: PName-procstat, ARGUMENTS-]->FILE_WRITE->[File: PATH-<unknown>]: 0.1: 60001263
[File: PATH-<unknown>]->FILE_READ->[Process: PName-pEja72mA, ARGUMENTS-]: 0.1: 380002149

###############Alert###############
currentTime:1720181559990
AnomalyScore: 0.9973
AlertPath:[Network Connect: Localhost--53.158.101.118:80]->NET_CONNECT->[Process: PName-pEja72mA, ARGUMENTS-]: 0.1: 0
[Process: PName-pEja72mA, ARGUMENTS-]->PROCESS_FORK->[Process: PName-pEja72mA, ARGUMENTS-aue_fork]: 0.1: 39996566
[Process: PName-procstat, ARGUMENTS-]->FILE_WRITE->[File: PATH-<unknown>]: 0.1: 60001263
[File: PATH-<unknown>]->FILE_READ->[Process: PName-pEja72mA, ARGUMENTS-]: 0.1: 380002149

###############Alert###############
currentTime:1720181559991
AnomalyScore: 0.9973
AlertPath:[Network Connect: Localhost--53.158.101.118:80]->NET_CONNECT->[Process: PName-pEja72mA, ARGUMENTS-]: 0.1: 0
[Process: PName-pEja72mA, ARGUMENTS-]->PROCESS_FORK->[Process: PName-pEja72mA, ARGUMENTS-aue_fork]: 0.1: 39996566
[Process: PName-procstat, ARGUMENTS-]->FILE_WRITE->[File: PATH-<unknown>]: 0.1: 60001263
[File: PATH-<unknown>]->FILE_READ->[Process: PName-pEja72mA, ARGUMENTS-]: 0.1: 390002828

###############Alert###############
currentTime:1720181559992
AnomalyScore: 0.9973
AlertPath:[Network Connect: Localhost--53.158.101.118:80]->NET_CONNECT->[Process: PName-pEja72mA, ARGUMENTS-]: 0.1: 0
[Process: PName-pEja72mA, ARGUMENTS-]->PROCESS_FORK->[Process: PName-pEja72mA, ARGUMENTS-aue_fork]: 0.1: 39996566
[Process: PName-procstat, ARGUMENTS-]->FILE_WRITE->[File: PATH-<unknown>]: 0.1: 60001263
[File: PATH-<unknown>]->FILE_READ->[Process: PName-pEja72mA, ARGUMENTS-]: 0.1: 390002828

###############Alert###############
currentTime:1720181559993
AnomalyScore: 0.9973
AlertPath:[Network Connect: Localhost--53.158.101.118:80]->NET_CONNECT->[Process: PName-pEja72mA, ARGUMENTS-]: 0.1: 0
[Process: PName-pEja72mA, ARGUMENTS-]->PROCESS_FORK->[Process: PName-pEja72mA, ARGUMENTS-aue_fork]: 0.1: 39996566
[Process: PName-procstat, ARGUMENTS-]->FILE_WRITE->[File: PATH-<unknown>]: 0.1: 60001263
[File: PATH-<unknown>]->FILE_READ->[Process: PName-pEja72mA, ARGUMENTS-]: 0.1: 390002828

###############Alert###############
currentTime:1720181559994
AnomalyScore: 0.9973
AlertPath:[Network Connect: Localhost--53.158.101.118:80]->NET_CONNECT->[Process: PName-pEja72mA, ARGUMENTS-]: 0.1: 0
[Process: PName-pEja72mA, ARGUMENTS-]->PROCESS_FORK->[Process: PName-pEja72mA, ARGUMENTS-aue_fork]: 0.1: 39996566
[Process: PName-procstat, ARGUMENTS-]->FILE_WRITE->[File: PATH-<unknown>]: 0.1: 60001263
[File: PATH-<unknown>]->FILE_READ->[Process: PName-pEja72mA, ARGUMENTS-]: 0.1: 390002828

###############Alert###############
currentTime:1720181559995
AnomalyScore: 0.9973
AlertPath:[Network Connect: Localhost--53.158.101.118:80]->NET_CONNECT->[Process: PName-pEja72mA, ARGUMENTS-]: 0.1: 0
[Process: PName-pEja72mA, ARGUMENTS-]->PROCESS_FORK->[Process: PName-pEja72mA, ARGUMENTS-aue_fork]: 0.1: 39996566
[Process: PName-procstat, ARGUMENTS-]->FILE_WRITE->[File: PATH-<unknown>]: 0.1: 60001263
[File: PATH-<unknown>]->FILE_READ->[Process: PName-pEja72mA, ARGUMENTS-]: 0.1: 390002828

###############Alert###############
currentTime:1720181559995
AnomalyScore: 0.9973
AlertPath:[Network Connect: Localhost--53.158.101.118:80]->NET_CONNECT->[Process: PName-pEja72mA, ARGUMENTS-]: 0.1: 0
[Process: PName-pEja72mA, ARGUMENTS-]->PROCESS_FORK->[Process: PName-pEja72mA, ARGUMENTS-aue_fork]: 0.1: 39996566
[Process: PName-procstat, ARGUMENTS-]->FILE_WRITE->[File: PATH-<unknown>]: 0.1: 60001263
[File: PATH-<unknown>]->FILE_READ->[Process: PName-pEja72mA, ARGUMENTS-]: 0.1: 390002828

###############Alert###############
currentTime:1720181559997
AnomalyScore: 0.9973
AlertPath:[Network Connect: Localhost--53.158.101.118:80]->NET_CONNECT->[Process: PName-pEja72mA, ARGUMENTS-]: 0.1: 0
[Process: PName-pEja72mA, ARGUMENTS-]->PROCESS_FORK->[Process: PName-pEja72mA, ARGUMENTS-aue_fork]: 0.1: 39996566
[Process: PName-procstat, ARGUMENTS-]->FILE_WRITE->[File: PATH-<unknown>]: 0.1: 60001263
[File: PATH-<unknown>]->FILE_READ->[Process: PName-pEja72mA, ARGUMENTS-]: 0.1: 390002828

###############Alert###############
currentTime:1720181559997
AnomalyScore: 0.9973
AlertPath:[Network Connect: Localhost--53.158.101.118:80]->NET_CONNECT->[Process: PName-pEja72mA, ARGUMENTS-]: 0.1: 0
[Process: PName-pEja72mA, ARGUMENTS-]->PROCESS_FORK->[Process: PName-pEja72mA, ARGUMENTS-aue_fork]: 0.1: 39996566
[Process: PName-procstat, ARGUMENTS-]->FILE_WRITE->[File: PATH-<unknown>]: 0.1: 60001263
[File: PATH-<unknown>]->FILE_READ->[Process: PName-pEja72mA, ARGUMENTS-]: 0.1: 390002828

###############Alert###############
currentTime:1720181559999
AnomalyScore: 0.9973
AlertPath:[Network Connect: Localhost--53.158.101.118:80]->NET_CONNECT->[Process: PName-pEja72mA, ARGUMENTS-]: 0.1: 0
[Process: PName-pEja72mA, ARGUMENTS-]->PROCESS_FORK->[Process: PName-pEja72mA, ARGUMENTS-aue_fork]: 0.1: 39996566
[Process: PName-procstat, ARGUMENTS-]->FILE_WRITE->[File: PATH-<unknown>]: 0.1: 60001263
[File: PATH-<unknown>]->FILE_READ->[Process: PName-pEja72mA, ARGUMENTS-]: 0.1: 390002828

###############Alert###############
currentTime:1720181559999
AnomalyScore: 0.9973
AlertPath:[Network Connect: Localhost--53.158.101.118:80]->NET_CONNECT->[Process: PName-pEja72mA, ARGUMENTS-]: 0.1: 0
[Process: PName-pEja72mA, ARGUMENTS-]->PROCESS_FORK->[Process: PName-pEja72mA, ARGUMENTS-aue_fork]: 0.1: 39996566
[Process: PName-procstat, ARGUMENTS-]->FILE_WRITE->[File: PATH-<unknown>]: 0.1: 60001263
[File: PATH-<unknown>]->FILE_READ->[Process: PName-pEja72mA, ARGUMENTS-]: 0.1: 390002828

###############Alert###############
currentTime:1720181560000
AnomalyScore: 0.9973
AlertPath:[Network Connect: Localhost--53.158.101.118:80]->NET_CONNECT->[Process: PName-pEja72mA, ARGUMENTS-]: 0.1: 0
[Process: PName-pEja72mA, ARGUMENTS-]->PROCESS_FORK->[Process: PName-pEja72mA, ARGUMENTS-aue_fork]: 0.1: 39996566
[Process: PName-procstat, ARGUMENTS-]->FILE_WRITE->[File: PATH-<unknown>]: 0.1: 60001263
[File: PATH-<unknown>]->FILE_READ->[Process: PName-pEja72mA, ARGUMENTS-]: 0.1: 390002828

###############Alert###############
currentTime:1720181560000
AnomalyScore: 0.9973
AlertPath:[Network Connect: Localhost--53.158.101.118:80]->NET_CONNECT->[Process: PName-pEja72mA, ARGUMENTS-]: 0.1: 0
[Process: PName-pEja72mA, ARGUMENTS-]->PROCESS_FORK->[Process: PName-pEja72mA, ARGUMENTS-aue_fork]: 0.1: 39996566
[Process: PName-procstat, ARGUMENTS-]->FILE_WRITE->[File: PATH-<unknown>]: 0.1: 60001263
[File: PATH-<unknown>]->FILE_READ->[Process: PName-pEja72mA, ARGUMENTS-]: 0.1: 390002828

###############Alert###############
currentTime:1720181560002
AnomalyScore: 0.9973
AlertPath:[Network Connect: Localhost--53.158.101.118:80]->NET_CONNECT->[Process: PName-pEja72mA, ARGUMENTS-]: 0.1: 0
[Process: PName-pEja72mA, ARGUMENTS-]->PROCESS_FORK->[Process: PName-pEja72mA, ARGUMENTS-aue_fork]: 0.1: 39996566
[Process: PName-procstat, ARGUMENTS-]->FILE_WRITE->[File: PATH-<unknown>]: 0.1: 60001263
[File: PATH-<unknown>]->FILE_READ->[Process: PName-pEja72mA, ARGUMENTS-]: 0.1: 390002828

###############Alert###############
currentTime:1720181560002
AnomalyScore: 0.9973
AlertPath:[Network Connect: Localhost--53.158.101.118:80]->NET_CONNECT->[Process: PName-pEja72mA, ARGUMENTS-]: 0.1: 0
[Process: PName-pEja72mA, ARGUMENTS-]->PROCESS_FORK->[Process: PName-pEja72mA, ARGUMENTS-aue_fork]: 0.1: 39996566
[Process: PName-procstat, ARGUMENTS-]->FILE_WRITE->[File: PATH-<unknown>]: 0.1: 60001263
[File: PATH-<unknown>]->FILE_READ->[Process: PName-pEja72mA, ARGUMENTS-]: 0.1: 400002007

###############Alert###############
currentTime:1720181560004
AnomalyScore: 0.9973
AlertPath:[Network Connect: Localhost--53.158.101.118:80]->NET_CONNECT->[Process: PName-pEja72mA, ARGUMENTS-]: 0.1: 0
[Process: PName-pEja72mA, ARGUMENTS-]->PROCESS_FORK->[Process: PName-pEja72mA, ARGUMENTS-aue_fork]: 0.1: 39996566
[Process: PName-procstat, ARGUMENTS-]->FILE_WRITE->[File: PATH-<unknown>]: 0.1: 60001263
[File: PATH-<unknown>]->FILE_READ->[Process: PName-pEja72mA, ARGUMENTS-]: 0.1: 400002007

###############Alert###############
currentTime:1720181560004
AnomalyScore: 0.9973
AlertPath:[Network Connect: Localhost--53.158.101.118:80]->NET_CONNECT->[Process: PName-pEja72mA, ARGUMENTS-]: 0.1: 0
[Process: PName-pEja72mA, ARGUMENTS-]->PROCESS_FORK->[Process: PName-pEja72mA, ARGUMENTS-aue_fork]: 0.1: 39996566
[Process: PName-procstat, ARGUMENTS-]->FILE_WRITE->[File: PATH-<unknown>]: 0.1: 60001263
[File: PATH-<unknown>]->FILE_READ->[Process: PName-pEja72mA, ARGUMENTS-]: 0.1: 400002007

###############Alert###############
currentTime:1720181560006
AnomalyScore: 0.9973
AlertPath:[Network Connect: Localhost--53.158.101.118:80]->NET_CONNECT->[Process: PName-pEja72mA, ARGUMENTS-]: 0.1: 0
[Process: PName-pEja72mA, ARGUMENTS-]->PROCESS_FORK->[Process: PName-pEja72mA, ARGUMENTS-aue_fork]: 0.1: 39996566
[Process: PName-procstat, ARGUMENTS-]->FILE_WRITE->[File: PATH-<unknown>]: 0.1: 60001263
[File: PATH-<unknown>]->FILE_READ->[Process: PName-pEja72mA, ARGUMENTS-]: 0.1: 400002007

###############Alert###############
currentTime:1720181560006
AnomalyScore: 0.9973
AlertPath:[Network Connect: Localhost--53.158.101.118:80]->NET_CONNECT->[Process: PName-pEja72mA, ARGUMENTS-]: 0.1: 0
[Process: PName-pEja72mA, ARGUMENTS-]->PROCESS_FORK->[Process: PName-pEja72mA, ARGUMENTS-aue_fork]: 0.1: 39996566
[Process: PName-procstat, ARGUMENTS-]->FILE_WRITE->[File: PATH-<unknown>]: 0.1: 60001263
[File: PATH-<unknown>]->FILE_READ->[Process: PName-pEja72mA, ARGUMENTS-]: 0.1: 400002007

###############Alert###############
currentTime:1720181560007
AnomalyScore: 0.9973
AlertPath:[Network Connect: Localhost--53.158.101.118:80]->NET_CONNECT->[Process: PName-pEja72mA, ARGUMENTS-]: 0.1: 0
[Process: PName-pEja72mA, ARGUMENTS-]->PROCESS_FORK->[Process: PName-pEja72mA, ARGUMENTS-aue_fork]: 0.1: 39996566
[Process: PName-procstat, ARGUMENTS-]->FILE_WRITE->[File: PATH-<unknown>]: 0.1: 60001263
[File: PATH-<unknown>]->FILE_READ->[Process: PName-pEja72mA, ARGUMENTS-]: 0.1: 400002007

###############Alert###############
currentTime:1720181560009
AnomalyScore: 0.9973
AlertPath:[Network Connect: Localhost--53.158.101.118:80]->NET_CONNECT->[Process: PName-pEja72mA, ARGUMENTS-]: 0.1: 0
[Process: PName-pEja72mA, ARGUMENTS-]->PROCESS_FORK->[Process: PName-pEja72mA, ARGUMENTS-aue_fork]: 0.1: 39996566
[Process: PName-procstat, ARGUMENTS-]->FILE_WRITE->[File: PATH-<unknown>]: 0.1: 60001263
[File: PATH-<unknown>]->FILE_READ->[Process: PName-pEja72mA, ARGUMENTS-]: 0.1: 400002007

###############Alert###############
currentTime:1720181560010
AnomalyScore: 0.9973
AlertPath:[Network Connect: Localhost--53.158.101.118:80]->NET_CONNECT->[Process: PName-pEja72mA, ARGUMENTS-]: 0.1: 0
[Process: PName-pEja72mA, ARGUMENTS-]->PROCESS_FORK->[Process: PName-pEja72mA, ARGUMENTS-aue_fork]: 0.1: 39996566
[Process: PName-procstat, ARGUMENTS-]->FILE_WRITE->[File: PATH-<unknown>]: 0.1: 60001263
[File: PATH-<unknown>]->FILE_READ->[Process: PName-pEja72mA, ARGUMENTS-]: 0.1: 400002007

###############Alert###############
currentTime:1720181560010
AnomalyScore: 0.9973
AlertPath:[Network Connect: Localhost--53.158.101.118:80]->NET_CONNECT->[Process: PName-pEja72mA, ARGUMENTS-]: 0.1: 0
[Process: PName-pEja72mA, ARGUMENTS-]->PROCESS_FORK->[Process: PName-pEja72mA, ARGUMENTS-aue_fork]: 0.1: 39996566
[Process: PName-procstat, ARGUMENTS-]->FILE_WRITE->[File: PATH-<unknown>]: 0.1: 60001263
[File: PATH-<unknown>]->FILE_READ->[Process: PName-pEja72mA, ARGUMENTS-]: 0.1: 400002007

###############Alert###############
currentTime:1720181560012
AnomalyScore: 0.9973
AlertPath:[Network Connect: Localhost--53.158.101.118:80]->NET_CONNECT->[Process: PName-pEja72mA, ARGUMENTS-]: 0.1: 0
[Process: PName-pEja72mA, ARGUMENTS-]->PROCESS_FORK->[Process: PName-pEja72mA, ARGUMENTS-aue_fork]: 0.1: 39996566
[Process: PName-procstat, ARGUMENTS-]->FILE_WRITE->[File: PATH-<unknown>]: 0.1: 60001263
[File: PATH-<unknown>]->FILE_READ->[Process: PName-pEja72mA, ARGUMENTS-]: 0.1: 400002007

###############Alert###############
currentTime:1720181560012
AnomalyScore: 0.9973
AlertPath:[Network Connect: Localhost--53.158.101.118:80]->NET_CONNECT->[Process: PName-pEja72mA, ARGUMENTS-]: 0.1: 0
[Process: PName-pEja72mA, ARGUMENTS-]->PROCESS_FORK->[Process: PName-pEja72mA, ARGUMENTS-aue_fork]: 0.1: 39996566
[Process: PName-procstat, ARGUMENTS-]->FILE_WRITE->[File: PATH-<unknown>]: 0.1: 60001263
[File: PATH-<unknown>]->FILE_READ->[Process: PName-pEja72mA, ARGUMENTS-]: 0.1: 400002007

###############Alert###############
currentTime:1720181560014
AnomalyScore: 0.9973
AlertPath:[Network Connect: Localhost--53.158.101.118:80]->NET_CONNECT->[Process: PName-pEja72mA, ARGUMENTS-]: 0.1: 0
[Process: PName-pEja72mA, ARGUMENTS-]->PROCESS_FORK->[Process: PName-pEja72mA, ARGUMENTS-aue_fork]: 0.1: 39996566
[Process: PName-procstat, ARGUMENTS-]->FILE_WRITE->[File: PATH-<unknown>]: 0.1: 60001263
[File: PATH-<unknown>]->FILE_READ->[Process: PName-pEja72mA, ARGUMENTS-]: 0.1: 400002007

###############Alert###############
currentTime:1720181560014
AnomalyScore: 0.9973
AlertPath:[Network Connect: Localhost--53.158.101.118:80]->NET_CONNECT->[Process: PName-pEja72mA, ARGUMENTS-]: 0.1: 0
[Process: PName-pEja72mA, ARGUMENTS-]->PROCESS_FORK->[Process: PName-pEja72mA, ARGUMENTS-aue_fork]: 0.1: 39996566
[Process: PName-procstat, ARGUMENTS-]->FILE_WRITE->[File: PATH-<unknown>]: 0.1: 60001263
[File: PATH-<unknown>]->FILE_READ->[Process: PName-pEja72mA, ARGUMENTS-]: 0.1: 400002007

###############Alert###############
currentTime:1720181560015
AnomalyScore: 0.9973
AlertPath:[Network Connect: Localhost--53.158.101.118:80]->NET_CONNECT->[Process: PName-pEja72mA, ARGUMENTS-]: 0.1: 0
[Process: PName-pEja72mA, ARGUMENTS-]->PROCESS_FORK->[Process: PName-pEja72mA, ARGUMENTS-aue_fork]: 0.1: 39996566
[Process: PName-procstat, ARGUMENTS-]->FILE_WRITE->[File: PATH-<unknown>]: 0.1: 60001263
[File: PATH-<unknown>]->FILE_READ->[Process: PName-pEja72mA, ARGUMENTS-]: 0.1: 410004306

###############Alert###############
currentTime:1720181560016
AnomalyScore: 0.9973
AlertPath:[Network Connect: Localhost--53.158.101.118:80]->NET_CONNECT->[Process: PName-pEja72mA, ARGUMENTS-]: 0.1: 0
[Process: PName-pEja72mA, ARGUMENTS-]->PROCESS_FORK->[Process: PName-pEja72mA, ARGUMENTS-aue_fork]: 0.1: 39996566
[Process: PName-procstat, ARGUMENTS-]->FILE_WRITE->[File: PATH-<unknown>]: 0.1: 60001263
[File: PATH-<unknown>]->FILE_READ->[Process: PName-pEja72mA, ARGUMENTS-]: 0.1: 410004306

###############Alert###############
currentTime:1720181560017
AnomalyScore: 0.9973
AlertPath:[Network Connect: Localhost--53.158.101.118:80]->NET_CONNECT->[Process: PName-pEja72mA, ARGUMENTS-]: 0.1: 0
[Process: PName-pEja72mA, ARGUMENTS-]->PROCESS_FORK->[Process: PName-pEja72mA, ARGUMENTS-aue_fork]: 0.1: 39996566
[Process: PName-procstat, ARGUMENTS-]->FILE_WRITE->[File: PATH-<unknown>]: 0.1: 60001263
[File: PATH-<unknown>]->FILE_READ->[Process: PName-pEja72mA, ARGUMENTS-]: 0.1: 410004306

###############Alert###############
currentTime:1720181560017
AnomalyScore: 0.9973
AlertPath:[Network Connect: Localhost--53.158.101.118:80]->NET_CONNECT->[Process: PName-pEja72mA, ARGUMENTS-]: 0.1: 0
[Process: PName-pEja72mA, ARGUMENTS-]->PROCESS_FORK->[Process: PName-pEja72mA, ARGUMENTS-aue_fork]: 0.1: 39996566
[Process: PName-procstat, ARGUMENTS-]->FILE_WRITE->[File: PATH-<unknown>]: 0.1: 60001263
[File: PATH-<unknown>]->FILE_READ->[Process: PName-pEja72mA, ARGUMENTS-]: 0.1: 410004306

###############Alert###############
currentTime:1720181560019
AnomalyScore: 0.9973
AlertPath:[Network Connect: Localhost--53.158.101.118:80]->NET_CONNECT->[Process: PName-pEja72mA, ARGUMENTS-]: 0.1: 0
[Process: PName-pEja72mA, ARGUMENTS-]->PROCESS_FORK->[Process: PName-pEja72mA, ARGUMENTS-aue_fork]: 0.1: 39996566
[Process: PName-procstat, ARGUMENTS-]->FILE_WRITE->[File: PATH-<unknown>]: 0.1: 60001263
[File: PATH-<unknown>]->FILE_READ->[Process: PName-pEja72mA, ARGUMENTS-]: 0.1: 410004306

###############Alert###############
currentTime:1720181560019
AnomalyScore: 0.9973
AlertPath:[Network Connect: Localhost--53.158.101.118:80]->NET_CONNECT->[Process: PName-pEja72mA, ARGUMENTS-]: 0.1: 0
[Process: PName-pEja72mA, ARGUMENTS-]->PROCESS_FORK->[Process: PName-pEja72mA, ARGUMENTS-aue_fork]: 0.1: 39996566
[Process: PName-procstat, ARGUMENTS-]->FILE_WRITE->[File: PATH-<unknown>]: 0.1: 60001263
[File: PATH-<unknown>]->FILE_READ->[Process: PName-pEja72mA, ARGUMENTS-]: 0.1: 410004306

###############Alert###############
currentTime:1720181560021
AnomalyScore: 0.9973
AlertPath:[Network Connect: Localhost--53.158.101.118:80]->NET_CONNECT->[Process: PName-pEja72mA, ARGUMENTS-]: 0.1: 0
[Process: PName-pEja72mA, ARGUMENTS-]->PROCESS_FORK->[Process: PName-pEja72mA, ARGUMENTS-aue_fork]: 0.1: 39996566
[Process: PName-procstat, ARGUMENTS-]->FILE_WRITE->[File: PATH-<unknown>]: 0.1: 60001263
[File: PATH-<unknown>]->FILE_READ->[Process: PName-pEja72mA, ARGUMENTS-]: 0.1: 410004306

###############Alert###############
currentTime:1720181560021
AnomalyScore: 0.9973
AlertPath:[Network Connect: Localhost--53.158.101.118:80]->NET_CONNECT->[Process: PName-pEja72mA, ARGUMENTS-]: 0.1: 0
[Process: PName-pEja72mA, ARGUMENTS-]->PROCESS_FORK->[Process: PName-pEja72mA, ARGUMENTS-aue_fork]: 0.1: 39996566
[Process: PName-procstat, ARGUMENTS-]->FILE_WRITE->[File: PATH-<unknown>]: 0.1: 60001263
[File: PATH-<unknown>]->FILE_READ->[Process: PName-pEja72mA, ARGUMENTS-]: 0.1: 410004306

###############Alert###############
currentTime:1720181560022
AnomalyScore: 0.9973
AlertPath:[Network Connect: Localhost--53.158.101.118:80]->NET_CONNECT->[Process: PName-pEja72mA, ARGUMENTS-]: 0.1: 0
[Process: PName-pEja72mA, ARGUMENTS-]->PROCESS_FORK->[Process: PName-pEja72mA, ARGUMENTS-aue_fork]: 0.1: 39996566
[Process: PName-procstat, ARGUMENTS-]->FILE_WRITE->[File: PATH-<unknown>]: 0.1: 60001263
[File: PATH-<unknown>]->FILE_READ->[Process: PName-pEja72mA, ARGUMENTS-]: 0.1: 410004306

###############Alert###############
currentTime:1720181560022
AnomalyScore: 0.9973
AlertPath:[Network Connect: Localhost--53.158.101.118:80]->NET_CONNECT->[Process: PName-pEja72mA, ARGUMENTS-]: 0.1: 0
[Process: PName-pEja72mA, ARGUMENTS-]->PROCESS_FORK->[Process: PName-pEja72mA, ARGUMENTS-aue_fork]: 0.1: 39996566
[Process: PName-procstat, ARGUMENTS-]->FILE_WRITE->[File: PATH-<unknown>]: 0.1: 60001263
[File: PATH-<unknown>]->FILE_READ->[Process: PName-pEja72mA, ARGUMENTS-]: 0.1: 410004306

###############Alert###############
currentTime:1720181560024
AnomalyScore: 0.9973
AlertPath:[Network Connect: Localhost--53.158.101.118:80]->NET_CONNECT->[Process: PName-pEja72mA, ARGUMENTS-]: 0.1: 0
[Process: PName-pEja72mA, ARGUMENTS-]->PROCESS_FORK->[Process: PName-pEja72mA, ARGUMENTS-aue_fork]: 0.1: 39996566
[Process: PName-procstat, ARGUMENTS-]->FILE_WRITE->[File: PATH-<unknown>]: 0.1: 60001263
[File: PATH-<unknown>]->FILE_READ->[Process: PName-pEja72mA, ARGUMENTS-]: 0.1: 410004306

###############Alert###############
currentTime:1720181560024
AnomalyScore: 0.9973
AlertPath:[Network Connect: Localhost--53.158.101.118:80]->NET_CONNECT->[Process: PName-pEja72mA, ARGUMENTS-]: 0.1: 0
[Process: PName-pEja72mA, ARGUMENTS-]->PROCESS_FORK->[Process: PName-pEja72mA, ARGUMENTS-aue_fork]: 0.1: 39996566
[Process: PName-procstat, ARGUMENTS-]->FILE_WRITE->[File: PATH-<unknown>]: 0.1: 60001263
[File: PATH-<unknown>]->FILE_READ->[Process: PName-pEja72mA, ARGUMENTS-]: 0.1: 410004306

###############Alert###############
currentTime:1720181560026
AnomalyScore: 0.9973
AlertPath:[Network Connect: Localhost--53.158.101.118:80]->NET_CONNECT->[Process: PName-pEja72mA, ARGUMENTS-]: 0.1: 0
[Process: PName-pEja72mA, ARGUMENTS-]->PROCESS_FORK->[Process: PName-pEja72mA, ARGUMENTS-aue_fork]: 0.1: 39996566
[Process: PName-procstat, ARGUMENTS-]->FILE_WRITE->[File: PATH-<unknown>]: 0.1: 60001263
[File: PATH-<unknown>]->FILE_READ->[Process: PName-pEja72mA, ARGUMENTS-]: 0.1: 410004306

###############Alert###############
currentTime:1720181560026
AnomalyScore: 0.9973
AlertPath:[Network Connect: Localhost--53.158.101.118:80]->NET_CONNECT->[Process: PName-pEja72mA, ARGUMENTS-]: 0.1: 0
[Process: PName-pEja72mA, ARGUMENTS-]->PROCESS_FORK->[Process: PName-pEja72mA, ARGUMENTS-aue_fork]: 0.1: 39996566
[Process: PName-procstat, ARGUMENTS-]->FILE_WRITE->[File: PATH-<unknown>]: 0.1: 60001263
[File: PATH-<unknown>]->FILE_READ->[Process: PName-pEja72mA, ARGUMENTS-]: 0.1: 420001575

###############Alert###############
currentTime:1720181560027
AnomalyScore: 0.9973
AlertPath:[Network Connect: Localhost--53.158.101.118:80]->NET_CONNECT->[Process: PName-pEja72mA, ARGUMENTS-]: 0.1: 0
[Process: PName-pEja72mA, ARGUMENTS-]->PROCESS_FORK->[Process: PName-pEja72mA, ARGUMENTS-aue_fork]: 0.1: 39996566
[Process: PName-procstat, ARGUMENTS-]->FILE_WRITE->[File: PATH-<unknown>]: 0.1: 60001263
[File: PATH-<unknown>]->FILE_READ->[Process: PName-pEja72mA, ARGUMENTS-]: 0.1: 420001575

###############Alert###############
currentTime:1720181560028
AnomalyScore: 0.9973
AlertPath:[Network Connect: Localhost--53.158.101.118:80]->NET_CONNECT->[Process: PName-pEja72mA, ARGUMENTS-]: 0.1: 0
[Process: PName-pEja72mA, ARGUMENTS-]->PROCESS_FORK->[Process: PName-pEja72mA, ARGUMENTS-aue_fork]: 0.1: 39996566
[Process: PName-procstat, ARGUMENTS-]->FILE_WRITE->[File: PATH-<unknown>]: 0.1: 60001263
[File: PATH-<unknown>]->FILE_READ->[Process: PName-pEja72mA, ARGUMENTS-]: 0.1: 420001575

###############Alert###############
currentTime:1720181560029
AnomalyScore: 0.9973
AlertPath:[Network Connect: Localhost--53.158.101.118:80]->NET_CONNECT->[Process: PName-pEja72mA, ARGUMENTS-]: 0.1: 0
[Process: PName-pEja72mA, ARGUMENTS-]->PROCESS_FORK->[Process: PName-pEja72mA, ARGUMENTS-aue_fork]: 0.1: 39996566
[Process: PName-procstat, ARGUMENTS-]->FILE_WRITE->[File: PATH-<unknown>]: 0.1: 60001263
[File: PATH-<unknown>]->FILE_READ->[Process: PName-pEja72mA, ARGUMENTS-]: 0.1: 420001575

###############Alert###############
currentTime:1720181560029
AnomalyScore: 0.9973
AlertPath:[Network Connect: Localhost--53.158.101.118:80]->NET_CONNECT->[Process: PName-pEja72mA, ARGUMENTS-]: 0.1: 0
[Process: PName-pEja72mA, ARGUMENTS-]->PROCESS_FORK->[Process: PName-pEja72mA, ARGUMENTS-aue_fork]: 0.1: 39996566
[Process: PName-procstat, ARGUMENTS-]->FILE_WRITE->[File: PATH-<unknown>]: 0.1: 60001263
[File: PATH-<unknown>]->FILE_READ->[Process: PName-pEja72mA, ARGUMENTS-]: 0.1: 420001575

###############Alert###############
currentTime:1720181560031
AnomalyScore: 0.9973
AlertPath:[Network Connect: Localhost--53.158.101.118:80]->NET_CONNECT->[Process: PName-pEja72mA, ARGUMENTS-]: 0.1: 0
[Process: PName-pEja72mA, ARGUMENTS-]->PROCESS_FORK->[Process: PName-pEja72mA, ARGUMENTS-aue_fork]: 0.1: 39996566
[Process: PName-procstat, ARGUMENTS-]->FILE_WRITE->[File: PATH-<unknown>]: 0.1: 60001263
[File: PATH-<unknown>]->FILE_READ->[Process: PName-pEja72mA, ARGUMENTS-]: 0.1: 420001575

###############Alert###############
currentTime:1720181560031
AnomalyScore: 0.9973
AlertPath:[Network Connect: Localhost--53.158.101.118:80]->NET_CONNECT->[Process: PName-pEja72mA, ARGUMENTS-]: 0.1: 0
[Process: PName-pEja72mA, ARGUMENTS-]->PROCESS_FORK->[Process: PName-pEja72mA, ARGUMENTS-aue_fork]: 0.1: 39996566
[Process: PName-procstat, ARGUMENTS-]->FILE_WRITE->[File: PATH-<unknown>]: 0.1: 60001263
[File: PATH-<unknown>]->FILE_READ->[Process: PName-pEja72mA, ARGUMENTS-]: 0.1: 420001575

###############Alert###############
currentTime:1720181560033
AnomalyScore: 0.9973
AlertPath:[Network Connect: Localhost--53.158.101.118:80]->NET_CONNECT->[Process: PName-pEja72mA, ARGUMENTS-]: 0.1: 0
[Process: PName-pEja72mA, ARGUMENTS-]->PROCESS_FORK->[Process: PName-pEja72mA, ARGUMENTS-aue_fork]: 0.1: 39996566
[Process: PName-procstat, ARGUMENTS-]->FILE_WRITE->[File: PATH-<unknown>]: 0.1: 60001263
[File: PATH-<unknown>]->FILE_READ->[Process: PName-pEja72mA, ARGUMENTS-]: 0.1: 420001575

###############Alert###############
currentTime:1720181560033
AnomalyScore: 0.9973
AlertPath:[Network Connect: Localhost--53.158.101.118:80]->NET_CONNECT->[Process: PName-pEja72mA, ARGUMENTS-]: 0.1: 0
[Process: PName-pEja72mA, ARGUMENTS-]->PROCESS_FORK->[Process: PName-pEja72mA, ARGUMENTS-aue_fork]: 0.1: 39996566
[Process: PName-procstat, ARGUMENTS-]->FILE_WRITE->[File: PATH-<unknown>]: 0.1: 60001263
[File: PATH-<unknown>]->FILE_READ->[Process: PName-pEja72mA, ARGUMENTS-]: 0.1: 420001575

###############Alert###############
currentTime:1720181560035
AnomalyScore: 0.9973
AlertPath:[Network Connect: Localhost--53.158.101.118:80]->NET_CONNECT->[Process: PName-pEja72mA, ARGUMENTS-]: 0.1: 0
[Process: PName-pEja72mA, ARGUMENTS-]->PROCESS_FORK->[Process: PName-pEja72mA, ARGUMENTS-aue_fork]: 0.1: 39996566
[Process: PName-procstat, ARGUMENTS-]->FILE_WRITE->[File: PATH-<unknown>]: 0.1: 60001263
[File: PATH-<unknown>]->FILE_READ->[Process: PName-pEja72mA, ARGUMENTS-]: 0.1: 420001575

###############Alert###############
currentTime:1720181560035
AnomalyScore: 0.9973
AlertPath:[Network Connect: Localhost--53.158.101.118:80]->NET_CONNECT->[Process: PName-pEja72mA, ARGUMENTS-]: 0.1: 0
[Process: PName-pEja72mA, ARGUMENTS-]->PROCESS_FORK->[Process: PName-pEja72mA, ARGUMENTS-aue_fork]: 0.1: 39996566
[Process: PName-procstat, ARGUMENTS-]->FILE_WRITE->[File: PATH-<unknown>]: 0.1: 60001263
[File: PATH-<unknown>]->FILE_READ->[Process: PName-pEja72mA, ARGUMENTS-]: 0.1: 420001575

###############Alert###############
currentTime:1720181560036
AnomalyScore: 0.9973
AlertPath:[Network Connect: Localhost--53.158.101.118:80]->NET_CONNECT->[Process: PName-pEja72mA, ARGUMENTS-]: 0.1: 0
[Process: PName-pEja72mA, ARGUMENTS-]->PROCESS_FORK->[Process: PName-pEja72mA, ARGUMENTS-aue_fork]: 0.1: 39996566
[Process: PName-procstat, ARGUMENTS-]->FILE_WRITE->[File: PATH-<unknown>]: 0.1: 60001263
[File: PATH-<unknown>]->FILE_READ->[Process: PName-pEja72mA, ARGUMENTS-]: 0.1: 420001575

###############Alert###############
currentTime:1720181560037
AnomalyScore: 0.9973
AlertPath:[Network Connect: Localhost--53.158.101.118:80]->NET_CONNECT->[Process: PName-pEja72mA, ARGUMENTS-]: 0.1: 0
[Process: PName-pEja72mA, ARGUMENTS-]->PROCESS_FORK->[Process: PName-pEja72mA, ARGUMENTS-aue_fork]: 0.1: 39996566
[Process: PName-procstat, ARGUMENTS-]->FILE_WRITE->[File: PATH-<unknown>]: 0.1: 60001263
[File: PATH-<unknown>]->FILE_READ->[Process: PName-pEja72mA, ARGUMENTS-]: 0.1: 420001575

###############Alert###############
currentTime:1720181560038
AnomalyScore: 0.9973
AlertPath:[Network Connect: Localhost--53.158.101.118:80]->NET_CONNECT->[Process: PName-pEja72mA, ARGUMENTS-]: 0.1: 0
[Process: PName-pEja72mA, ARGUMENTS-]->PROCESS_FORK->[Process: PName-pEja72mA, ARGUMENTS-aue_fork]: 0.1: 39996566
[Process: PName-procstat, ARGUMENTS-]->FILE_WRITE->[File: PATH-<unknown>]: 0.1: 60001263
[File: PATH-<unknown>]->FILE_READ->[Process: PName-pEja72mA, ARGUMENTS-]: 0.1: 430002154

###############Alert###############
currentTime:1720181560038
AnomalyScore: 0.9973
AlertPath:[Network Connect: Localhost--53.158.101.118:80]->NET_CONNECT->[Process: PName-pEja72mA, ARGUMENTS-]: 0.1: 0
[Process: PName-pEja72mA, ARGUMENTS-]->PROCESS_FORK->[Process: PName-pEja72mA, ARGUMENTS-aue_fork]: 0.1: 39996566
[Process: PName-procstat, ARGUMENTS-]->FILE_WRITE->[File: PATH-<unknown>]: 0.1: 60001263
[File: PATH-<unknown>]->FILE_READ->[Process: PName-pEja72mA, ARGUMENTS-]: 0.1: 430002154

###############Alert###############
currentTime:1720181560039
AnomalyScore: 0.9973
AlertPath:[Network Connect: Localhost--53.158.101.118:80]->NET_CONNECT->[Process: PName-pEja72mA, ARGUMENTS-]: 0.1: 0
[Process: PName-pEja72mA, ARGUMENTS-]->PROCESS_FORK->[Process: PName-pEja72mA, ARGUMENTS-aue_fork]: 0.1: 39996566
[Process: PName-procstat, ARGUMENTS-]->FILE_WRITE->[File: PATH-<unknown>]: 0.1: 60001263
[File: PATH-<unknown>]->FILE_READ->[Process: PName-pEja72mA, ARGUMENTS-]: 0.1: 430002154

###############Alert###############
currentTime:1720181560040
AnomalyScore: 0.9973
AlertPath:[Network Connect: Localhost--53.158.101.118:80]->NET_CONNECT->[Process: PName-pEja72mA, ARGUMENTS-]: 0.1: 0
[Process: PName-pEja72mA, ARGUMENTS-]->PROCESS_FORK->[Process: PName-pEja72mA, ARGUMENTS-aue_fork]: 0.1: 39996566
[Process: PName-procstat, ARGUMENTS-]->FILE_WRITE->[File: PATH-<unknown>]: 0.1: 60001263
[File: PATH-<unknown>]->FILE_READ->[Process: PName-pEja72mA, ARGUMENTS-]: 0.1: 430002154

###############Alert###############
currentTime:1720181560042
AnomalyScore: 0.9973
AlertPath:[Network Connect: Localhost--53.158.101.118:80]->NET_CONNECT->[Process: PName-pEja72mA, ARGUMENTS-]: 0.1: 0
[Process: PName-pEja72mA, ARGUMENTS-]->PROCESS_FORK->[Process: PName-pEja72mA, ARGUMENTS-aue_fork]: 0.1: 39996566
[Process: PName-procstat, ARGUMENTS-]->FILE_WRITE->[File: PATH-<unknown>]: 0.1: 60001263
[File: PATH-<unknown>]->FILE_READ->[Process: PName-pEja72mA, ARGUMENTS-]: 0.1: 430002154

###############Alert###############
currentTime:1720181560042
AnomalyScore: 0.9973
AlertPath:[Network Connect: Localhost--53.158.101.118:80]->NET_CONNECT->[Process: PName-pEja72mA, ARGUMENTS-]: 0.1: 0
[Process: PName-pEja72mA, ARGUMENTS-]->PROCESS_FORK->[Process: PName-pEja72mA, ARGUMENTS-aue_fork]: 0.1: 39996566
[Process: PName-procstat, ARGUMENTS-]->FILE_WRITE->[File: PATH-<unknown>]: 0.1: 60001263
[File: PATH-<unknown>]->FILE_READ->[Process: PName-pEja72mA, ARGUMENTS-]: 0.1: 430002154

###############Alert###############
currentTime:1720181560043
AnomalyScore: 0.9973
AlertPath:[Network Connect: Localhost--53.158.101.118:80]->NET_CONNECT->[Process: PName-pEja72mA, ARGUMENTS-]: 0.1: 0
[Process: PName-pEja72mA, ARGUMENTS-]->PROCESS_FORK->[Process: PName-pEja72mA, ARGUMENTS-aue_fork]: 0.1: 39996566
[Process: PName-procstat, ARGUMENTS-]->FILE_WRITE->[File: PATH-<unknown>]: 0.1: 60001263
[File: PATH-<unknown>]->FILE_READ->[Process: PName-pEja72mA, ARGUMENTS-]: 0.1: 430002154

###############Alert###############
currentTime:1720181560043
AnomalyScore: 0.9973
AlertPath:[Network Connect: Localhost--53.158.101.118:80]->NET_CONNECT->[Process: PName-pEja72mA, ARGUMENTS-]: 0.1: 0
[Process: PName-pEja72mA, ARGUMENTS-]->PROCESS_FORK->[Process: PName-pEja72mA, ARGUMENTS-aue_fork]: 0.1: 39996566
[Process: PName-procstat, ARGUMENTS-]->FILE_WRITE->[File: PATH-<unknown>]: 0.1: 60001263
[File: PATH-<unknown>]->FILE_READ->[Process: PName-pEja72mA, ARGUMENTS-]: 0.1: 430002154

###############Alert###############
currentTime:1720181560045
AnomalyScore: 0.9973
AlertPath:[Network Connect: Localhost--53.158.101.118:80]->NET_CONNECT->[Process: PName-pEja72mA, ARGUMENTS-]: 0.1: 0
[Process: PName-pEja72mA, ARGUMENTS-]->PROCESS_FORK->[Process: PName-pEja72mA, ARGUMENTS-aue_fork]: 0.1: 39996566
[Process: PName-procstat, ARGUMENTS-]->FILE_WRITE->[File: PATH-<unknown>]: 0.1: 60001263
[File: PATH-<unknown>]->FILE_READ->[Process: PName-pEja72mA, ARGUMENTS-]: 0.1: 430002154

###############Alert###############
currentTime:1720181560045
AnomalyScore: 0.9973
AlertPath:[Network Connect: Localhost--53.158.101.118:80]->NET_CONNECT->[Process: PName-pEja72mA, ARGUMENTS-]: 0.1: 0
[Process: PName-pEja72mA, ARGUMENTS-]->PROCESS_FORK->[Process: PName-pEja72mA, ARGUMENTS-aue_fork]: 0.1: 39996566
[Process: PName-procstat, ARGUMENTS-]->FILE_WRITE->[File: PATH-<unknown>]: 0.1: 60001263
[File: PATH-<unknown>]->FILE_READ->[Process: PName-pEja72mA, ARGUMENTS-]: 0.1: 430002154

###############Alert###############
currentTime:1720181560047
AnomalyScore: 0.9973
AlertPath:[Network Connect: Localhost--53.158.101.118:80]->NET_CONNECT->[Process: PName-pEja72mA, ARGUMENTS-]: 0.1: 0
[Process: PName-pEja72mA, ARGUMENTS-]->PROCESS_FORK->[Process: PName-pEja72mA, ARGUMENTS-aue_fork]: 0.1: 39996566
[Process: PName-procstat, ARGUMENTS-]->FILE_WRITE->[File: PATH-<unknown>]: 0.1: 60001263
[File: PATH-<unknown>]->FILE_READ->[Process: PName-pEja72mA, ARGUMENTS-]: 0.1: 430002154

###############Alert###############
currentTime:1720181560047
AnomalyScore: 0.9973
AlertPath:[Network Connect: Localhost--53.158.101.118:80]->NET_CONNECT->[Process: PName-pEja72mA, ARGUMENTS-]: 0.1: 0
[Process: PName-pEja72mA, ARGUMENTS-]->PROCESS_FORK->[Process: PName-pEja72mA, ARGUMENTS-aue_fork]: 0.1: 39996566
[Process: PName-procstat, ARGUMENTS-]->FILE_WRITE->[File: PATH-<unknown>]: 0.1: 60001263
[File: PATH-<unknown>]->FILE_READ->[Process: PName-pEja72mA, ARGUMENTS-]: 0.1: 430002154

###############Alert###############
currentTime:1720181560049
AnomalyScore: 0.9973
AlertPath:[Network Connect: Localhost--53.158.101.118:80]->NET_CONNECT->[Process: PName-pEja72mA, ARGUMENTS-]: 0.1: 0
[Process: PName-pEja72mA, ARGUMENTS-]->PROCESS_FORK->[Process: PName-pEja72mA, ARGUMENTS-aue_fork]: 0.1: 39996566
[Process: PName-procstat, ARGUMENTS-]->FILE_WRITE->[File: PATH-<unknown>]: 0.1: 60001263
[File: PATH-<unknown>]->FILE_READ->[Process: PName-pEja72mA, ARGUMENTS-]: 0.1: 430002154

###############Alert###############
currentTime:1720181560049
AnomalyScore: 0.9973
AlertPath:[Network Connect: Localhost--53.158.101.118:80]->NET_CONNECT->[Process: PName-pEja72mA, ARGUMENTS-]: 0.1: 0
[Process: PName-pEja72mA, ARGUMENTS-]->PROCESS_FORK->[Process: PName-pEja72mA, ARGUMENTS-aue_fork]: 0.1: 39996566
[Process: PName-procstat, ARGUMENTS-]->FILE_WRITE->[File: PATH-<unknown>]: 0.1: 60001263
[File: PATH-<unknown>]->FILE_READ->[Process: PName-pEja72mA, ARGUMENTS-]: 0.1: 440001253

###############Alert###############
currentTime:1720181560051
AnomalyScore: 0.9973
AlertPath:[Network Connect: Localhost--53.158.101.118:80]->NET_CONNECT->[Process: PName-pEja72mA, ARGUMENTS-]: 0.1: 0
[Process: PName-pEja72mA, ARGUMENTS-]->PROCESS_FORK->[Process: PName-pEja72mA, ARGUMENTS-aue_fork]: 0.1: 39996566
[Process: PName-procstat, ARGUMENTS-]->FILE_WRITE->[File: PATH-<unknown>]: 0.1: 60001263
[File: PATH-<unknown>]->FILE_READ->[Process: PName-pEja72mA, ARGUMENTS-]: 0.1: 440001253

###############Alert###############
currentTime:1720181560051
AnomalyScore: 0.9973
AlertPath:[Network Connect: Localhost--53.158.101.118:80]->NET_CONNECT->[Process: PName-pEja72mA, ARGUMENTS-]: 0.1: 0
[Process: PName-pEja72mA, ARGUMENTS-]->PROCESS_FORK->[Process: PName-pEja72mA, ARGUMENTS-aue_fork]: 0.1: 39996566
[Process: PName-procstat, ARGUMENTS-]->FILE_WRITE->[File: PATH-<unknown>]: 0.1: 60001263
[File: PATH-<unknown>]->FILE_READ->[Process: PName-pEja72mA, ARGUMENTS-]: 0.1: 440001253

###############Alert###############
currentTime:1720181560053
AnomalyScore: 0.9973
AlertPath:[Network Connect: Localhost--53.158.101.118:80]->NET_CONNECT->[Process: PName-pEja72mA, ARGUMENTS-]: 0.1: 0
[Process: PName-pEja72mA, ARGUMENTS-]->PROCESS_FORK->[Process: PName-pEja72mA, ARGUMENTS-aue_fork]: 0.1: 39996566
[Process: PName-procstat, ARGUMENTS-]->FILE_WRITE->[File: PATH-<unknown>]: 0.1: 60001263
[File: PATH-<unknown>]->FILE_READ->[Process: PName-pEja72mA, ARGUMENTS-]: 0.1: 440001253

###############Alert###############
currentTime:1720181560053
AnomalyScore: 0.9973
AlertPath:[Network Connect: Localhost--53.158.101.118:80]->NET_CONNECT->[Process: PName-pEja72mA, ARGUMENTS-]: 0.1: 0
[Process: PName-pEja72mA, ARGUMENTS-]->PROCESS_FORK->[Process: PName-pEja72mA, ARGUMENTS-aue_fork]: 0.1: 39996566
[Process: PName-procstat, ARGUMENTS-]->FILE_WRITE->[File: PATH-<unknown>]: 0.1: 60001263
[File: PATH-<unknown>]->FILE_READ->[Process: PName-pEja72mA, ARGUMENTS-]: 0.1: 440001253

###############Alert###############
currentTime:1720181560054
AnomalyScore: 0.9973
AlertPath:[Network Connect: Localhost--53.158.101.118:80]->NET_CONNECT->[Process: PName-pEja72mA, ARGUMENTS-]: 0.1: 0
[Process: PName-pEja72mA, ARGUMENTS-]->PROCESS_FORK->[Process: PName-pEja72mA, ARGUMENTS-aue_fork]: 0.1: 39996566
[Process: PName-procstat, ARGUMENTS-]->FILE_WRITE->[File: PATH-<unknown>]: 0.1: 60001263
[File: PATH-<unknown>]->FILE_READ->[Process: PName-pEja72mA, ARGUMENTS-]: 0.1: 440001253

###############Alert###############
currentTime:1720181560055
AnomalyScore: 0.9973
AlertPath:[Network Connect: Localhost--53.158.101.118:80]->NET_CONNECT->[Process: PName-pEja72mA, ARGUMENTS-]: 0.1: 0
[Process: PName-pEja72mA, ARGUMENTS-]->PROCESS_FORK->[Process: PName-pEja72mA, ARGUMENTS-aue_fork]: 0.1: 39996566
[Process: PName-procstat, ARGUMENTS-]->FILE_WRITE->[File: PATH-<unknown>]: 0.1: 60001263
[File: PATH-<unknown>]->FILE_READ->[Process: PName-pEja72mA, ARGUMENTS-]: 0.1: 440001253

###############Alert###############
currentTime:1720181560056
AnomalyScore: 0.9973
AlertPath:[Network Connect: Localhost--53.158.101.118:80]->NET_CONNECT->[Process: PName-pEja72mA, ARGUMENTS-]: 0.1: 0
[Process: PName-pEja72mA, ARGUMENTS-]->PROCESS_FORK->[Process: PName-pEja72mA, ARGUMENTS-aue_fork]: 0.1: 39996566
[Process: PName-procstat, ARGUMENTS-]->FILE_WRITE->[File: PATH-<unknown>]: 0.1: 60001263
[File: PATH-<unknown>]->FILE_READ->[Process: PName-pEja72mA, ARGUMENTS-]: 0.1: 440001253

###############Alert###############
currentTime:1720181560056
AnomalyScore: 0.9973
AlertPath:[Network Connect: Localhost--53.158.101.118:80]->NET_CONNECT->[Process: PName-pEja72mA, ARGUMENTS-]: 0.1: 0
[Process: PName-pEja72mA, ARGUMENTS-]->PROCESS_FORK->[Process: PName-pEja72mA, ARGUMENTS-aue_fork]: 0.1: 39996566
[Process: PName-procstat, ARGUMENTS-]->FILE_WRITE->[File: PATH-<unknown>]: 0.1: 60001263
[File: PATH-<unknown>]->FILE_READ->[Process: PName-pEja72mA, ARGUMENTS-]: 0.1: 440001253

###############Alert###############
currentTime:1720181560058
AnomalyScore: 0.9973
AlertPath:[Network Connect: Localhost--53.158.101.118:80]->NET_CONNECT->[Process: PName-pEja72mA, ARGUMENTS-]: 0.1: 0
[Process: PName-pEja72mA, ARGUMENTS-]->PROCESS_FORK->[Process: PName-pEja72mA, ARGUMENTS-aue_fork]: 0.1: 39996566
[Process: PName-procstat, ARGUMENTS-]->FILE_WRITE->[File: PATH-<unknown>]: 0.1: 60001263
[File: PATH-<unknown>]->FILE_READ->[Process: PName-pEja72mA, ARGUMENTS-]: 0.1: 440001253

###############Alert###############
currentTime:1720181560058
AnomalyScore: 0.9973
AlertPath:[Network Connect: Localhost--53.158.101.118:80]->NET_CONNECT->[Process: PName-pEja72mA, ARGUMENTS-]: 0.1: 0
[Process: PName-pEja72mA, ARGUMENTS-]->PROCESS_FORK->[Process: PName-pEja72mA, ARGUMENTS-aue_fork]: 0.1: 39996566
[Process: PName-procstat, ARGUMENTS-]->FILE_WRITE->[File: PATH-<unknown>]: 0.1: 60001263
[File: PATH-<unknown>]->FILE_READ->[Process: PName-pEja72mA, ARGUMENTS-]: 0.1: 440001253

###############Alert###############
currentTime:1720181560060
AnomalyScore: 0.9973
AlertPath:[Network Connect: Localhost--53.158.101.118:80]->NET_CONNECT->[Process: PName-pEja72mA, ARGUMENTS-]: 0.1: 0
[Process: PName-pEja72mA, ARGUMENTS-]->PROCESS_FORK->[Process: PName-pEja72mA, ARGUMENTS-aue_fork]: 0.1: 39996566
[Process: PName-procstat, ARGUMENTS-]->FILE_WRITE->[File: PATH-<unknown>]: 0.1: 60001263
[File: PATH-<unknown>]->FILE_READ->[Process: PName-pEja72mA, ARGUMENTS-]: 0.1: 440001253

###############Alert###############
currentTime:1720181560060
AnomalyScore: 0.9973
AlertPath:[Network Connect: Localhost--53.158.101.118:80]->NET_CONNECT->[Process: PName-pEja72mA, ARGUMENTS-]: 0.1: 0
[Process: PName-pEja72mA, ARGUMENTS-]->PROCESS_FORK->[Process: PName-pEja72mA, ARGUMENTS-aue_fork]: 0.1: 39996566
[Process: PName-procstat, ARGUMENTS-]->FILE_WRITE->[File: PATH-<unknown>]: 0.1: 60001263
[File: PATH-<unknown>]->FILE_READ->[Process: PName-pEja72mA, ARGUMENTS-]: 0.1: 440001253

###############Alert###############
currentTime:1720181560062
AnomalyScore: 0.9973
AlertPath:[Network Connect: Localhost--53.158.101.118:80]->NET_CONNECT->[Process: PName-pEja72mA, ARGUMENTS-]: 0.1: 0
[Process: PName-pEja72mA, ARGUMENTS-]->PROCESS_FORK->[Process: PName-pEja72mA, ARGUMENTS-aue_fork]: 0.1: 39996566
[Process: PName-procstat, ARGUMENTS-]->FILE_WRITE->[File: PATH-<unknown>]: 0.1: 60001263
[File: PATH-<unknown>]->FILE_READ->[Process: PName-pEja72mA, ARGUMENTS-]: 0.1: 450001582

###############Alert###############
currentTime:1720181560062
AnomalyScore: 0.9973
AlertPath:[Network Connect: Localhost--53.158.101.118:80]->NET_CONNECT->[Process: PName-pEja72mA, ARGUMENTS-]: 0.1: 0
[Process: PName-pEja72mA, ARGUMENTS-]->PROCESS_FORK->[Process: PName-pEja72mA, ARGUMENTS-aue_fork]: 0.1: 39996566
[Process: PName-procstat, ARGUMENTS-]->FILE_WRITE->[File: PATH-<unknown>]: 0.1: 60001263
[File: PATH-<unknown>]->FILE_READ->[Process: PName-pEja72mA, ARGUMENTS-]: 0.1: 450001582

###############Alert###############
currentTime:1720181560063
AnomalyScore: 0.9973
AlertPath:[Network Connect: Localhost--53.158.101.118:80]->NET_CONNECT->[Process: PName-pEja72mA, ARGUMENTS-]: 0.1: 0
[Process: PName-pEja72mA, ARGUMENTS-]->PROCESS_FORK->[Process: PName-pEja72mA, ARGUMENTS-aue_fork]: 0.1: 39996566
[Process: PName-procstat, ARGUMENTS-]->FILE_WRITE->[File: PATH-<unknown>]: 0.1: 60001263
[File: PATH-<unknown>]->FILE_READ->[Process: PName-pEja72mA, ARGUMENTS-]: 0.1: 450001582

###############Alert###############
currentTime:1720181560064
AnomalyScore: 0.9973
AlertPath:[Network Connect: Localhost--53.158.101.118:80]->NET_CONNECT->[Process: PName-pEja72mA, ARGUMENTS-]: 0.1: 0
[Process: PName-pEja72mA, ARGUMENTS-]->PROCESS_FORK->[Process: PName-pEja72mA, ARGUMENTS-aue_fork]: 0.1: 39996566
[Process: PName-procstat, ARGUMENTS-]->FILE_WRITE->[File: PATH-<unknown>]: 0.1: 60001263
[File: PATH-<unknown>]->FILE_READ->[Process: PName-pEja72mA, ARGUMENTS-]: 0.1: 450001582

###############Alert###############
currentTime:1720181560065
AnomalyScore: 0.9973
AlertPath:[Network Connect: Localhost--53.158.101.118:80]->NET_CONNECT->[Process: PName-pEja72mA, ARGUMENTS-]: 0.1: 0
[Process: PName-pEja72mA, ARGUMENTS-]->PROCESS_FORK->[Process: PName-pEja72mA, ARGUMENTS-aue_fork]: 0.1: 39996566
[Process: PName-procstat, ARGUMENTS-]->FILE_WRITE->[File: PATH-<unknown>]: 0.1: 60001263
[File: PATH-<unknown>]->FILE_READ->[Process: PName-pEja72mA, ARGUMENTS-]: 0.1: 450001582

###############Alert###############
currentTime:1720181560065
AnomalyScore: 0.9973
AlertPath:[Network Connect: Localhost--53.158.101.118:80]->NET_CONNECT->[Process: PName-pEja72mA, ARGUMENTS-]: 0.1: 0
[Process: PName-pEja72mA, ARGUMENTS-]->PROCESS_FORK->[Process: PName-pEja72mA, ARGUMENTS-aue_fork]: 0.1: 39996566
[Process: PName-procstat, ARGUMENTS-]->FILE_WRITE->[File: PATH-<unknown>]: 0.1: 60001263
[File: PATH-<unknown>]->FILE_READ->[Process: PName-pEja72mA, ARGUMENTS-]: 0.1: 450001582

###############Alert###############
currentTime:1720181560067
AnomalyScore: 0.9973
AlertPath:[Network Connect: Localhost--53.158.101.118:80]->NET_CONNECT->[Process: PName-pEja72mA, ARGUMENTS-]: 0.1: 0
[Process: PName-pEja72mA, ARGUMENTS-]->PROCESS_FORK->[Process: PName-pEja72mA, ARGUMENTS-aue_fork]: 0.1: 39996566
[Process: PName-procstat, ARGUMENTS-]->FILE_WRITE->[File: PATH-<unknown>]: 0.1: 60001263
[File: PATH-<unknown>]->FILE_READ->[Process: PName-pEja72mA, ARGUMENTS-]: 0.1: 450001582

###############Alert###############
currentTime:1720181560067
AnomalyScore: 0.9973
AlertPath:[Network Connect: Localhost--53.158.101.118:80]->NET_CONNECT->[Process: PName-pEja72mA, ARGUMENTS-]: 0.1: 0
[Process: PName-pEja72mA, ARGUMENTS-]->PROCESS_FORK->[Process: PName-pEja72mA, ARGUMENTS-aue_fork]: 0.1: 39996566
[Process: PName-procstat, ARGUMENTS-]->FILE_WRITE->[File: PATH-<unknown>]: 0.1: 60001263
[File: PATH-<unknown>]->FILE_READ->[Process: PName-pEja72mA, ARGUMENTS-]: 0.1: 450001582

###############Alert###############
currentTime:1720181560069
AnomalyScore: 0.9973
AlertPath:[Network Connect: Localhost--53.158.101.118:80]->NET_CONNECT->[Process: PName-pEja72mA, ARGUMENTS-]: 0.1: 0
[Process: PName-pEja72mA, ARGUMENTS-]->PROCESS_FORK->[Process: PName-pEja72mA, ARGUMENTS-aue_fork]: 0.1: 39996566
[Process: PName-procstat, ARGUMENTS-]->FILE_WRITE->[File: PATH-<unknown>]: 0.1: 60001263
[File: PATH-<unknown>]->FILE_READ->[Process: PName-pEja72mA, ARGUMENTS-]: 0.1: 450001582

###############Alert###############
currentTime:1720181560069
AnomalyScore: 0.9973
AlertPath:[Network Connect: Localhost--53.158.101.118:80]->NET_CONNECT->[Process: PName-pEja72mA, ARGUMENTS-]: 0.1: 0
[Process: PName-pEja72mA, ARGUMENTS-]->PROCESS_FORK->[Process: PName-pEja72mA, ARGUMENTS-aue_fork]: 0.1: 39996566
[Process: PName-procstat, ARGUMENTS-]->FILE_WRITE->[File: PATH-<unknown>]: 0.1: 60001263
[File: PATH-<unknown>]->FILE_READ->[Process: PName-pEja72mA, ARGUMENTS-]: 0.1: 450001582

###############Alert###############
currentTime:1720181560070
AnomalyScore: 0.9973
AlertPath:[Network Connect: Localhost--53.158.101.118:80]->NET_CONNECT->[Process: PName-pEja72mA, ARGUMENTS-]: 0.1: 0
[Process: PName-pEja72mA, ARGUMENTS-]->PROCESS_FORK->[Process: PName-pEja72mA, ARGUMENTS-aue_fork]: 0.1: 39996566
[Process: PName-procstat, ARGUMENTS-]->FILE_WRITE->[File: PATH-<unknown>]: 0.1: 60001263
[File: PATH-<unknown>]->FILE_READ->[Process: PName-pEja72mA, ARGUMENTS-]: 0.1: 450001582

###############Alert###############
currentTime:1720181560070
AnomalyScore: 0.9973
AlertPath:[Network Connect: Localhost--53.158.101.118:80]->NET_CONNECT->[Process: PName-pEja72mA, ARGUMENTS-]: 0.1: 0
[Process: PName-pEja72mA, ARGUMENTS-]->PROCESS_FORK->[Process: PName-pEja72mA, ARGUMENTS-aue_fork]: 0.1: 39996566
[Process: PName-procstat, ARGUMENTS-]->FILE_WRITE->[File: PATH-<unknown>]: 0.1: 60001263
[File: PATH-<unknown>]->FILE_READ->[Process: PName-pEja72mA, ARGUMENTS-]: 0.1: 450001582

###############Alert###############
currentTime:1720181560072
AnomalyScore: 0.9973
AlertPath:[Network Connect: Localhost--53.158.101.118:80]->NET_CONNECT->[Process: PName-pEja72mA, ARGUMENTS-]: 0.1: 0
[Process: PName-pEja72mA, ARGUMENTS-]->PROCESS_FORK->[Process: PName-pEja72mA, ARGUMENTS-aue_fork]: 0.1: 39996566
[Process: PName-procstat, ARGUMENTS-]->FILE_WRITE->[File: PATH-<unknown>]: 0.1: 60001263
[File: PATH-<unknown>]->FILE_READ->[Process: PName-pEja72mA, ARGUMENTS-]: 0.1: 450001582

###############Alert###############
currentTime:1720181560072
AnomalyScore: 0.9973
AlertPath:[Network Connect: Localhost--53.158.101.118:80]->NET_CONNECT->[Process: PName-pEja72mA, ARGUMENTS-]: 0.1: 0
[Process: PName-pEja72mA, ARGUMENTS-]->PROCESS_FORK->[Process: PName-pEja72mA, ARGUMENTS-aue_fork]: 0.1: 39996566
[Process: PName-procstat, ARGUMENTS-]->FILE_WRITE->[File: PATH-<unknown>]: 0.1: 60001263
[File: PATH-<unknown>]->FILE_READ->[Process: PName-pEja72mA, ARGUMENTS-]: 0.1: 460002790

###############Alert###############
currentTime:1720181560074
AnomalyScore: 0.9973
AlertPath:[Network Connect: Localhost--53.158.101.118:80]->NET_CONNECT->[Process: PName-pEja72mA, ARGUMENTS-]: 0.1: 0
[Process: PName-pEja72mA, ARGUMENTS-]->PROCESS_FORK->[Process: PName-pEja72mA, ARGUMENTS-aue_fork]: 0.1: 39996566
[Process: PName-procstat, ARGUMENTS-]->FILE_WRITE->[File: PATH-<unknown>]: 0.1: 60001263
[File: PATH-<unknown>]->FILE_READ->[Process: PName-pEja72mA, ARGUMENTS-]: 0.1: 460002790

###############Alert###############
currentTime:1720181560074
AnomalyScore: 0.9973
AlertPath:[Network Connect: Localhost--53.158.101.118:80]->NET_CONNECT->[Process: PName-pEja72mA, ARGUMENTS-]: 0.1: 0
[Process: PName-pEja72mA, ARGUMENTS-]->PROCESS_FORK->[Process: PName-pEja72mA, ARGUMENTS-aue_fork]: 0.1: 39996566
[Process: PName-procstat, ARGUMENTS-]->FILE_WRITE->[File: PATH-<unknown>]: 0.1: 60001263
[File: PATH-<unknown>]->FILE_READ->[Process: PName-pEja72mA, ARGUMENTS-]: 0.1: 460002790

###############Alert###############
currentTime:1720181560076
AnomalyScore: 0.9973
AlertPath:[Network Connect: Localhost--53.158.101.118:80]->NET_CONNECT->[Process: PName-pEja72mA, ARGUMENTS-]: 0.1: 0
[Process: PName-pEja72mA, ARGUMENTS-]->PROCESS_FORK->[Process: PName-pEja72mA, ARGUMENTS-aue_fork]: 0.1: 39996566
[Process: PName-procstat, ARGUMENTS-]->FILE_WRITE->[File: PATH-<unknown>]: 0.1: 60001263
[File: PATH-<unknown>]->FILE_READ->[Process: PName-pEja72mA, ARGUMENTS-]: 0.1: 460002790

###############Alert###############
currentTime:1720181560076
AnomalyScore: 0.9973
AlertPath:[Network Connect: Localhost--53.158.101.118:80]->NET_CONNECT->[Process: PName-pEja72mA, ARGUMENTS-]: 0.1: 0
[Process: PName-pEja72mA, ARGUMENTS-]->PROCESS_FORK->[Process: PName-pEja72mA, ARGUMENTS-aue_fork]: 0.1: 39996566
[Process: PName-procstat, ARGUMENTS-]->FILE_WRITE->[File: PATH-<unknown>]: 0.1: 60001263
[File: PATH-<unknown>]->FILE_READ->[Process: PName-pEja72mA, ARGUMENTS-]: 0.1: 460002790

###############Alert###############
currentTime:1720181560077
AnomalyScore: 0.9973
AlertPath:[Network Connect: Localhost--53.158.101.118:80]->NET_CONNECT->[Process: PName-pEja72mA, ARGUMENTS-]: 0.1: 0
[Process: PName-pEja72mA, ARGUMENTS-]->PROCESS_FORK->[Process: PName-pEja72mA, ARGUMENTS-aue_fork]: 0.1: 39996566
[Process: PName-procstat, ARGUMENTS-]->FILE_WRITE->[File: PATH-<unknown>]: 0.1: 60001263
[File: PATH-<unknown>]->FILE_READ->[Process: PName-pEja72mA, ARGUMENTS-]: 0.1: 460002790

###############Alert###############
currentTime:1720181560077
AnomalyScore: 0.9973
AlertPath:[Network Connect: Localhost--53.158.101.118:80]->NET_CONNECT->[Process: PName-pEja72mA, ARGUMENTS-]: 0.1: 0
[Process: PName-pEja72mA, ARGUMENTS-]->PROCESS_FORK->[Process: PName-pEja72mA, ARGUMENTS-aue_fork]: 0.1: 39996566
[Process: PName-procstat, ARGUMENTS-]->FILE_WRITE->[File: PATH-<unknown>]: 0.1: 60001263
[File: PATH-<unknown>]->FILE_READ->[Process: PName-pEja72mA, ARGUMENTS-]: 0.1: 460002790

###############Alert###############
currentTime:1720181560079
AnomalyScore: 0.9973
AlertPath:[Network Connect: Localhost--53.158.101.118:80]->NET_CONNECT->[Process: PName-pEja72mA, ARGUMENTS-]: 0.1: 0
[Process: PName-pEja72mA, ARGUMENTS-]->PROCESS_FORK->[Process: PName-pEja72mA, ARGUMENTS-aue_fork]: 0.1: 39996566
[Process: PName-procstat, ARGUMENTS-]->FILE_WRITE->[File: PATH-<unknown>]: 0.1: 60001263
[File: PATH-<unknown>]->FILE_READ->[Process: PName-pEja72mA, ARGUMENTS-]: 0.1: 460002790

###############Alert###############
currentTime:1720181560079
AnomalyScore: 0.9973
AlertPath:[Network Connect: Localhost--53.158.101.118:80]->NET_CONNECT->[Process: PName-pEja72mA, ARGUMENTS-]: 0.1: 0
[Process: PName-pEja72mA, ARGUMENTS-]->PROCESS_FORK->[Process: PName-pEja72mA, ARGUMENTS-aue_fork]: 0.1: 39996566
[Process: PName-procstat, ARGUMENTS-]->FILE_WRITE->[File: PATH-<unknown>]: 0.1: 60001263
[File: PATH-<unknown>]->FILE_READ->[Process: PName-pEja72mA, ARGUMENTS-]: 0.1: 460002790

###############Alert###############
currentTime:1720181560081
AnomalyScore: 0.9973
AlertPath:[Network Connect: Localhost--53.158.101.118:80]->NET_CONNECT->[Process: PName-pEja72mA, ARGUMENTS-]: 0.1: 0
[Process: PName-pEja72mA, ARGUMENTS-]->PROCESS_FORK->[Process: PName-pEja72mA, ARGUMENTS-aue_fork]: 0.1: 39996566
[Process: PName-procstat, ARGUMENTS-]->FILE_WRITE->[File: PATH-<unknown>]: 0.1: 60001263
[File: PATH-<unknown>]->FILE_READ->[Process: PName-pEja72mA, ARGUMENTS-]: 0.1: 460002790

###############Alert###############
currentTime:1720181560081
AnomalyScore: 0.9973
AlertPath:[Network Connect: Localhost--53.158.101.118:80]->NET_CONNECT->[Process: PName-pEja72mA, ARGUMENTS-]: 0.1: 0
[Process: PName-pEja72mA, ARGUMENTS-]->PROCESS_FORK->[Process: PName-pEja72mA, ARGUMENTS-aue_fork]: 0.1: 39996566
[Process: PName-procstat, ARGUMENTS-]->FILE_WRITE->[File: PATH-<unknown>]: 0.1: 60001263
[File: PATH-<unknown>]->FILE_READ->[Process: PName-pEja72mA, ARGUMENTS-]: 0.1: 460002790

###############Alert###############
currentTime:1720181560082
AnomalyScore: 0.9973
AlertPath:[Network Connect: Localhost--53.158.101.118:80]->NET_CONNECT->[Process: PName-pEja72mA, ARGUMENTS-]: 0.1: 0
[Process: PName-pEja72mA, ARGUMENTS-]->PROCESS_FORK->[Process: PName-pEja72mA, ARGUMENTS-aue_fork]: 0.1: 39996566
[Process: PName-procstat, ARGUMENTS-]->FILE_WRITE->[File: PATH-<unknown>]: 0.1: 60001263
[File: PATH-<unknown>]->FILE_READ->[Process: PName-pEja72mA, ARGUMENTS-]: 0.1: 460002790

###############Alert###############
currentTime:1720181560083
AnomalyScore: 0.9973
AlertPath:[Network Connect: Localhost--53.158.101.118:80]->NET_CONNECT->[Process: PName-pEja72mA, ARGUMENTS-]: 0.1: 0
[Process: PName-pEja72mA, ARGUMENTS-]->PROCESS_FORK->[Process: PName-pEja72mA, ARGUMENTS-aue_fork]: 0.1: 39996566
[Process: PName-procstat, ARGUMENTS-]->FILE_WRITE->[File: PATH-<unknown>]: 0.1: 60001263
[File: PATH-<unknown>]->FILE_READ->[Process: PName-pEja72mA, ARGUMENTS-]: 0.1: 460002790

###############Alert###############
currentTime:1720181560084
AnomalyScore: 0.9973
AlertPath:[Network Connect: Localhost--53.158.101.118:80]->NET_CONNECT->[Process: PName-pEja72mA, ARGUMENTS-]: 0.1: 0
[Process: PName-pEja72mA, ARGUMENTS-]->PROCESS_FORK->[Process: PName-pEja72mA, ARGUMENTS-aue_fork]: 0.1: 39996566
[Process: PName-procstat, ARGUMENTS-]->FILE_WRITE->[File: PATH-<unknown>]: 0.1: 60001263
[File: PATH-<unknown>]->FILE_READ->[Process: PName-pEja72mA, ARGUMENTS-]: 0.1: 470001879

###############Alert###############
currentTime:1720181560084
AnomalyScore: 0.9973
AlertPath:[Network Connect: Localhost--53.158.101.118:80]->NET_CONNECT->[Process: PName-pEja72mA, ARGUMENTS-]: 0.1: 0
[Process: PName-pEja72mA, ARGUMENTS-]->PROCESS_FORK->[Process: PName-pEja72mA, ARGUMENTS-aue_fork]: 0.1: 39996566
[Process: PName-procstat, ARGUMENTS-]->FILE_WRITE->[File: PATH-<unknown>]: 0.1: 60001263
[File: PATH-<unknown>]->FILE_READ->[Process: PName-pEja72mA, ARGUMENTS-]: 0.1: 470001879

###############Alert###############
currentTime:1720181560086
AnomalyScore: 0.9973
AlertPath:[Network Connect: Localhost--53.158.101.118:80]->NET_CONNECT->[Process: PName-pEja72mA, ARGUMENTS-]: 0.1: 0
[Process: PName-pEja72mA, ARGUMENTS-]->PROCESS_FORK->[Process: PName-pEja72mA, ARGUMENTS-aue_fork]: 0.1: 39996566
[Process: PName-procstat, ARGUMENTS-]->FILE_WRITE->[File: PATH-<unknown>]: 0.1: 60001263
[File: PATH-<unknown>]->FILE_READ->[Process: PName-pEja72mA, ARGUMENTS-]: 0.1: 470001879

###############Alert###############
currentTime:1720181560086
AnomalyScore: 0.9973
AlertPath:[Network Connect: Localhost--53.158.101.118:80]->NET_CONNECT->[Process: PName-pEja72mA, ARGUMENTS-]: 0.1: 0
[Process: PName-pEja72mA, ARGUMENTS-]->PROCESS_FORK->[Process: PName-pEja72mA, ARGUMENTS-aue_fork]: 0.1: 39996566
[Process: PName-procstat, ARGUMENTS-]->FILE_WRITE->[File: PATH-<unknown>]: 0.1: 60001263
[File: PATH-<unknown>]->FILE_READ->[Process: PName-pEja72mA, ARGUMENTS-]: 0.1: 470001879

###############Alert###############
currentTime:1720181560088
AnomalyScore: 0.9973
AlertPath:[Network Connect: Localhost--53.158.101.118:80]->NET_CONNECT->[Process: PName-pEja72mA, ARGUMENTS-]: 0.1: 0
[Process: PName-pEja72mA, ARGUMENTS-]->PROCESS_FORK->[Process: PName-pEja72mA, ARGUMENTS-aue_fork]: 0.1: 39996566
[Process: PName-procstat, ARGUMENTS-]->FILE_WRITE->[File: PATH-<unknown>]: 0.1: 60001263
[File: PATH-<unknown>]->FILE_READ->[Process: PName-pEja72mA, ARGUMENTS-]: 0.1: 470001879

###############Alert###############
currentTime:1720181560088
AnomalyScore: 0.9973
AlertPath:[Network Connect: Localhost--53.158.101.118:80]->NET_CONNECT->[Process: PName-pEja72mA, ARGUMENTS-]: 0.1: 0
[Process: PName-pEja72mA, ARGUMENTS-]->PROCESS_FORK->[Process: PName-pEja72mA, ARGUMENTS-aue_fork]: 0.1: 39996566
[Process: PName-procstat, ARGUMENTS-]->FILE_WRITE->[File: PATH-<unknown>]: 0.1: 60001263
[File: PATH-<unknown>]->FILE_READ->[Process: PName-pEja72mA, ARGUMENTS-]: 0.1: 470001879

###############Alert###############
currentTime:1720181560089
AnomalyScore: 0.9973
AlertPath:[Network Connect: Localhost--53.158.101.118:80]->NET_CONNECT->[Process: PName-pEja72mA, ARGUMENTS-]: 0.1: 0
[Process: PName-pEja72mA, ARGUMENTS-]->PROCESS_FORK->[Process: PName-pEja72mA, ARGUMENTS-aue_fork]: 0.1: 39996566
[Process: PName-procstat, ARGUMENTS-]->FILE_WRITE->[File: PATH-<unknown>]: 0.1: 60001263
[File: PATH-<unknown>]->FILE_READ->[Process: PName-pEja72mA, ARGUMENTS-]: 0.1: 470001879

###############Alert###############
currentTime:1720181560089
AnomalyScore: 0.9973
AlertPath:[Network Connect: Localhost--53.158.101.118:80]->NET_CONNECT->[Process: PName-pEja72mA, ARGUMENTS-]: 0.1: 0
[Process: PName-pEja72mA, ARGUMENTS-]->PROCESS_FORK->[Process: PName-pEja72mA, ARGUMENTS-aue_fork]: 0.1: 39996566
[Process: PName-procstat, ARGUMENTS-]->FILE_WRITE->[File: PATH-<unknown>]: 0.1: 60001263
[File: PATH-<unknown>]->FILE_READ->[Process: PName-pEja72mA, ARGUMENTS-]: 0.1: 470001879

###############Alert###############
currentTime:1720181560091
AnomalyScore: 0.9973
AlertPath:[Network Connect: Localhost--53.158.101.118:80]->NET_CONNECT->[Process: PName-pEja72mA, ARGUMENTS-]: 0.1: 0
[Process: PName-pEja72mA, ARGUMENTS-]->PROCESS_FORK->[Process: PName-pEja72mA, ARGUMENTS-aue_fork]: 0.1: 39996566
[Process: PName-procstat, ARGUMENTS-]->FILE_WRITE->[File: PATH-<unknown>]: 0.1: 60001263
[File: PATH-<unknown>]->FILE_READ->[Process: PName-pEja72mA, ARGUMENTS-]: 0.1: 470001879

###############Alert###############
currentTime:1720181560091
AnomalyScore: 0.9973
AlertPath:[Network Connect: Localhost--53.158.101.118:80]->NET_CONNECT->[Process: PName-pEja72mA, ARGUMENTS-]: 0.1: 0
[Process: PName-pEja72mA, ARGUMENTS-]->PROCESS_FORK->[Process: PName-pEja72mA, ARGUMENTS-aue_fork]: 0.1: 39996566
[Process: PName-procstat, ARGUMENTS-]->FILE_WRITE->[File: PATH-<unknown>]: 0.1: 60001263
[File: PATH-<unknown>]->FILE_READ->[Process: PName-pEja72mA, ARGUMENTS-]: 0.1: 470001879

###############Alert###############
currentTime:1720181560093
AnomalyScore: 0.9973
AlertPath:[Network Connect: Localhost--53.158.101.118:80]->NET_CONNECT->[Process: PName-pEja72mA, ARGUMENTS-]: 0.1: 0
[Process: PName-pEja72mA, ARGUMENTS-]->PROCESS_FORK->[Process: PName-pEja72mA, ARGUMENTS-aue_fork]: 0.1: 39996566
[Process: PName-procstat, ARGUMENTS-]->FILE_WRITE->[File: PATH-<unknown>]: 0.1: 60001263
[File: PATH-<unknown>]->FILE_READ->[Process: PName-pEja72mA, ARGUMENTS-]: 0.1: 470001879

###############Alert###############
currentTime:1720181560093
AnomalyScore: 0.9973
AlertPath:[Network Connect: Localhost--53.158.101.118:80]->NET_CONNECT->[Process: PName-pEja72mA, ARGUMENTS-]: 0.1: 0
[Process: PName-pEja72mA, ARGUMENTS-]->PROCESS_FORK->[Process: PName-pEja72mA, ARGUMENTS-aue_fork]: 0.1: 39996566
[Process: PName-procstat, ARGUMENTS-]->FILE_WRITE->[File: PATH-<unknown>]: 0.1: 60001263
[File: PATH-<unknown>]->FILE_READ->[Process: PName-pEja72mA, ARGUMENTS-]: 0.1: 470001879

###############Alert###############
currentTime:1720181560095
AnomalyScore: 0.9973
AlertPath:[Network Connect: Localhost--53.158.101.118:80]->NET_CONNECT->[Process: PName-pEja72mA, ARGUMENTS-]: 0.1: 0
[Process: PName-pEja72mA, ARGUMENTS-]->PROCESS_FORK->[Process: PName-pEja72mA, ARGUMENTS-aue_fork]: 0.1: 39996566
[Process: PName-procstat, ARGUMENTS-]->FILE_WRITE->[File: PATH-<unknown>]: 0.1: 60001263
[File: PATH-<unknown>]->FILE_READ->[Process: PName-pEja72mA, ARGUMENTS-]: 0.1: 470001879

###############Alert###############
currentTime:1720181560095
AnomalyScore: 0.9973
AlertPath:[Network Connect: Localhost--53.158.101.118:80]->NET_CONNECT->[Process: PName-pEja72mA, ARGUMENTS-]: 0.1: 0
[Process: PName-pEja72mA, ARGUMENTS-]->PROCESS_FORK->[Process: PName-pEja72mA, ARGUMENTS-aue_fork]: 0.1: 39996566
[Process: PName-procstat, ARGUMENTS-]->FILE_WRITE->[File: PATH-<unknown>]: 0.1: 60001263
[File: PATH-<unknown>]->FILE_READ->[Process: PName-pEja72mA, ARGUMENTS-]: 0.1: 480002668

###############Alert###############
currentTime:1720181560097
AnomalyScore: 0.9973
AlertPath:[Network Connect: Localhost--53.158.101.118:80]->NET_CONNECT->[Process: PName-pEja72mA, ARGUMENTS-]: 0.1: 0
[Process: PName-pEja72mA, ARGUMENTS-]->PROCESS_FORK->[Process: PName-pEja72mA, ARGUMENTS-aue_fork]: 0.1: 39996566
[Process: PName-procstat, ARGUMENTS-]->FILE_WRITE->[File: PATH-<unknown>]: 0.1: 60001263
[File: PATH-<unknown>]->FILE_READ->[Process: PName-pEja72mA, ARGUMENTS-]: 0.1: 480002668

###############Alert###############
currentTime:1720181560097
AnomalyScore: 0.9973
AlertPath:[Network Connect: Localhost--53.158.101.118:80]->NET_CONNECT->[Process: PName-pEja72mA, ARGUMENTS-]: 0.1: 0
[Process: PName-pEja72mA, ARGUMENTS-]->PROCESS_FORK->[Process: PName-pEja72mA, ARGUMENTS-aue_fork]: 0.1: 39996566
[Process: PName-procstat, ARGUMENTS-]->FILE_WRITE->[File: PATH-<unknown>]: 0.1: 60001263
[File: PATH-<unknown>]->FILE_READ->[Process: PName-pEja72mA, ARGUMENTS-]: 0.1: 480002668

###############Alert###############
currentTime:1720181560098
AnomalyScore: 0.9973
AlertPath:[Network Connect: Localhost--53.158.101.118:80]->NET_CONNECT->[Process: PName-pEja72mA, ARGUMENTS-]: 0.1: 0
[Process: PName-pEja72mA, ARGUMENTS-]->PROCESS_FORK->[Process: PName-pEja72mA, ARGUMENTS-aue_fork]: 0.1: 39996566
[Process: PName-procstat, ARGUMENTS-]->FILE_WRITE->[File: PATH-<unknown>]: 0.1: 60001263
[File: PATH-<unknown>]->FILE_READ->[Process: PName-pEja72mA, ARGUMENTS-]: 0.1: 480002668

###############Alert###############
currentTime:1720181560098
AnomalyScore: 0.9973
AlertPath:[Network Connect: Localhost--53.158.101.118:80]->NET_CONNECT->[Process: PName-pEja72mA, ARGUMENTS-]: 0.1: 0
[Process: PName-pEja72mA, ARGUMENTS-]->PROCESS_FORK->[Process: PName-pEja72mA, ARGUMENTS-aue_fork]: 0.1: 39996566
[Process: PName-procstat, ARGUMENTS-]->FILE_WRITE->[File: PATH-<unknown>]: 0.1: 60001263
[File: PATH-<unknown>]->FILE_READ->[Process: PName-pEja72mA, ARGUMENTS-]: 0.1: 480002668

###############Alert###############
currentTime:1720181560100
AnomalyScore: 0.9973
AlertPath:[Network Connect: Localhost--53.158.101.118:80]->NET_CONNECT->[Process: PName-pEja72mA, ARGUMENTS-]: 0.1: 0
[Process: PName-pEja72mA, ARGUMENTS-]->PROCESS_FORK->[Process: PName-pEja72mA, ARGUMENTS-aue_fork]: 0.1: 39996566
[Process: PName-procstat, ARGUMENTS-]->FILE_WRITE->[File: PATH-<unknown>]: 0.1: 60001263
[File: PATH-<unknown>]->FILE_READ->[Process: PName-pEja72mA, ARGUMENTS-]: 0.1: 480002668

###############Alert###############
currentTime:1720181560100
AnomalyScore: 0.9973
AlertPath:[Network Connect: Localhost--53.158.101.118:80]->NET_CONNECT->[Process: PName-pEja72mA, ARGUMENTS-]: 0.1: 0
[Process: PName-pEja72mA, ARGUMENTS-]->PROCESS_FORK->[Process: PName-pEja72mA, ARGUMENTS-aue_fork]: 0.1: 39996566
[Process: PName-procstat, ARGUMENTS-]->FILE_WRITE->[File: PATH-<unknown>]: 0.1: 60001263
[File: PATH-<unknown>]->FILE_READ->[Process: PName-pEja72mA, ARGUMENTS-]: 0.1: 480002668

###############Alert###############
currentTime:1720181560102
AnomalyScore: 0.9973
AlertPath:[Network Connect: Localhost--53.158.101.118:80]->NET_CONNECT->[Process: PName-pEja72mA, ARGUMENTS-]: 0.1: 0
[Process: PName-pEja72mA, ARGUMENTS-]->PROCESS_FORK->[Process: PName-pEja72mA, ARGUMENTS-aue_fork]: 0.1: 39996566
[Process: PName-procstat, ARGUMENTS-]->FILE_WRITE->[File: PATH-<unknown>]: 0.1: 60001263
[File: PATH-<unknown>]->FILE_READ->[Process: PName-pEja72mA, ARGUMENTS-]: 0.1: 480002668

###############Alert###############
currentTime:1720181560102
AnomalyScore: 0.9973
AlertPath:[Network Connect: Localhost--53.158.101.118:80]->NET_CONNECT->[Process: PName-pEja72mA, ARGUMENTS-]: 0.1: 0
[Process: PName-pEja72mA, ARGUMENTS-]->PROCESS_FORK->[Process: PName-pEja72mA, ARGUMENTS-aue_fork]: 0.1: 39996566
[Process: PName-procstat, ARGUMENTS-]->FILE_WRITE->[File: PATH-<unknown>]: 0.1: 60001263
[File: PATH-<unknown>]->FILE_READ->[Process: PName-pEja72mA, ARGUMENTS-]: 0.1: 480002668

###############Alert###############
currentTime:1720181560103
AnomalyScore: 0.9973
AlertPath:[Network Connect: Localhost--53.158.101.118:80]->NET_CONNECT->[Process: PName-pEja72mA, ARGUMENTS-]: 0.1: 0
[Process: PName-pEja72mA, ARGUMENTS-]->PROCESS_FORK->[Process: PName-pEja72mA, ARGUMENTS-aue_fork]: 0.1: 39996566
[Process: PName-procstat, ARGUMENTS-]->FILE_WRITE->[File: PATH-<unknown>]: 0.1: 60001263
[File: PATH-<unknown>]->FILE_READ->[Process: PName-pEja72mA, ARGUMENTS-]: 0.1: 480002668

###############Alert###############
currentTime:1720181560104
AnomalyScore: 0.9973
AlertPath:[Network Connect: Localhost--53.158.101.118:80]->NET_CONNECT->[Process: PName-pEja72mA, ARGUMENTS-]: 0.1: 0
[Process: PName-pEja72mA, ARGUMENTS-]->PROCESS_FORK->[Process: PName-pEja72mA, ARGUMENTS-aue_fork]: 0.1: 39996566
[Process: PName-procstat, ARGUMENTS-]->FILE_WRITE->[File: PATH-<unknown>]: 0.1: 60001263
[File: PATH-<unknown>]->FILE_READ->[Process: PName-pEja72mA, ARGUMENTS-]: 0.1: 480002668

###############Alert###############
currentTime:1720181560105
AnomalyScore: 0.9973
AlertPath:[Network Connect: Localhost--53.158.101.118:80]->NET_CONNECT->[Process: PName-pEja72mA, ARGUMENTS-]: 0.1: 0
[Process: PName-pEja72mA, ARGUMENTS-]->PROCESS_FORK->[Process: PName-pEja72mA, ARGUMENTS-aue_fork]: 0.1: 39996566
[Process: PName-procstat, ARGUMENTS-]->FILE_WRITE->[File: PATH-<unknown>]: 0.1: 60001263
[File: PATH-<unknown>]->FILE_READ->[Process: PName-pEja72mA, ARGUMENTS-]: 0.1: 480002668

###############Alert###############
currentTime:1720181560105
AnomalyScore: 0.9973
AlertPath:[Network Connect: Localhost--53.158.101.118:80]->NET_CONNECT->[Process: PName-pEja72mA, ARGUMENTS-]: 0.1: 0
[Process: PName-pEja72mA, ARGUMENTS-]->PROCESS_FORK->[Process: PName-pEja72mA, ARGUMENTS-aue_fork]: 0.1: 39996566
[Process: PName-procstat, ARGUMENTS-]->FILE_WRITE->[File: PATH-<unknown>]: 0.1: 60001263
[File: PATH-<unknown>]->FILE_READ->[Process: PName-pEja72mA, ARGUMENTS-]: 0.1: 480002668

###############Alert###############
currentTime:1720181560107
AnomalyScore: 0.9973
AlertPath:[Network Connect: Localhost--53.158.101.118:80]->NET_CONNECT->[Process: PName-pEja72mA, ARGUMENTS-]: 0.1: 0
[Process: PName-pEja72mA, ARGUMENTS-]->PROCESS_FORK->[Process: PName-pEja72mA, ARGUMENTS-aue_fork]: 0.1: 39996566
[Process: PName-procstat, ARGUMENTS-]->FILE_WRITE->[File: PATH-<unknown>]: 0.1: 60001263
[File: PATH-<unknown>]->FILE_READ->[Process: PName-pEja72mA, ARGUMENTS-]: 0.1: 490001837

###############Alert###############
currentTime:1720181560108
AnomalyScore: 0.9973
AlertPath:[Network Connect: Localhost--53.158.101.118:80]->NET_CONNECT->[Process: PName-pEja72mA, ARGUMENTS-]: 0.1: 0
[Process: PName-pEja72mA, ARGUMENTS-]->PROCESS_FORK->[Process: PName-pEja72mA, ARGUMENTS-aue_fork]: 0.1: 39996566
[Process: PName-procstat, ARGUMENTS-]->FILE_WRITE->[File: PATH-<unknown>]: 0.1: 60001263
[File: PATH-<unknown>]->FILE_READ->[Process: PName-pEja72mA, ARGUMENTS-]: 0.1: 490001837

###############Alert###############
currentTime:1720181560110
AnomalyScore: 0.9973
AlertPath:[Network Connect: Localhost--53.158.101.118:80]->NET_CONNECT->[Process: PName-pEja72mA, ARGUMENTS-]: 0.1: 0
[Process: PName-pEja72mA, ARGUMENTS-]->PROCESS_FORK->[Process: PName-pEja72mA, ARGUMENTS-aue_fork]: 0.1: 39996566
[Process: PName-procstat, ARGUMENTS-]->FILE_WRITE->[File: PATH-<unknown>]: 0.1: 60001263
[File: PATH-<unknown>]->FILE_READ->[Process: PName-pEja72mA, ARGUMENTS-]: 0.1: 490001837

###############Alert###############
currentTime:1720181560110
AnomalyScore: 0.9973
AlertPath:[Network Connect: Localhost--53.158.101.118:80]->NET_CONNECT->[Process: PName-pEja72mA, ARGUMENTS-]: 0.1: 0
[Process: PName-pEja72mA, ARGUMENTS-]->PROCESS_FORK->[Process: PName-pEja72mA, ARGUMENTS-aue_fork]: 0.1: 39996566
[Process: PName-procstat, ARGUMENTS-]->FILE_WRITE->[File: PATH-<unknown>]: 0.1: 60001263
[File: PATH-<unknown>]->FILE_READ->[Process: PName-pEja72mA, ARGUMENTS-]: 0.1: 490001837

###############Alert###############
currentTime:1720181560111
AnomalyScore: 0.9973
AlertPath:[Network Connect: Localhost--53.158.101.118:80]->NET_CONNECT->[Process: PName-pEja72mA, ARGUMENTS-]: 0.1: 0
[Process: PName-pEja72mA, ARGUMENTS-]->PROCESS_FORK->[Process: PName-pEja72mA, ARGUMENTS-aue_fork]: 0.1: 39996566
[Process: PName-procstat, ARGUMENTS-]->FILE_WRITE->[File: PATH-<unknown>]: 0.1: 60001263
[File: PATH-<unknown>]->FILE_READ->[Process: PName-pEja72mA, ARGUMENTS-]: 0.1: 490001837

###############Alert###############
currentTime:1720181560112
AnomalyScore: 0.9973
AlertPath:[Network Connect: Localhost--53.158.101.118:80]->NET_CONNECT->[Process: PName-pEja72mA, ARGUMENTS-]: 0.1: 0
[Process: PName-pEja72mA, ARGUMENTS-]->PROCESS_FORK->[Process: PName-pEja72mA, ARGUMENTS-aue_fork]: 0.1: 39996566
[Process: PName-procstat, ARGUMENTS-]->FILE_WRITE->[File: PATH-<unknown>]: 0.1: 60001263
[File: PATH-<unknown>]->FILE_READ->[Process: PName-pEja72mA, ARGUMENTS-]: 0.1: 490001837

###############Alert###############
currentTime:1720181560113
AnomalyScore: 0.9973
AlertPath:[Network Connect: Localhost--53.158.101.118:80]->NET_CONNECT->[Process: PName-pEja72mA, ARGUMENTS-]: 0.1: 0
[Process: PName-pEja72mA, ARGUMENTS-]->PROCESS_FORK->[Process: PName-pEja72mA, ARGUMENTS-aue_fork]: 0.1: 39996566
[Process: PName-procstat, ARGUMENTS-]->FILE_WRITE->[File: PATH-<unknown>]: 0.1: 60001263
[File: PATH-<unknown>]->FILE_READ->[Process: PName-pEja72mA, ARGUMENTS-]: 0.1: 490001837

###############Alert###############
currentTime:1720181560113
AnomalyScore: 0.9973
AlertPath:[Network Connect: Localhost--53.158.101.118:80]->NET_CONNECT->[Process: PName-pEja72mA, ARGUMENTS-]: 0.1: 0
[Process: PName-pEja72mA, ARGUMENTS-]->PROCESS_FORK->[Process: PName-pEja72mA, ARGUMENTS-aue_fork]: 0.1: 39996566
[Process: PName-procstat, ARGUMENTS-]->FILE_WRITE->[File: PATH-<unknown>]: 0.1: 60001263
[File: PATH-<unknown>]->FILE_READ->[Process: PName-pEja72mA, ARGUMENTS-]: 0.1: 490001837

###############Alert###############
currentTime:1720181560115
AnomalyScore: 0.9973
AlertPath:[Network Connect: Localhost--53.158.101.118:80]->NET_CONNECT->[Process: PName-pEja72mA, ARGUMENTS-]: 0.1: 0
[Process: PName-pEja72mA, ARGUMENTS-]->PROCESS_FORK->[Process: PName-pEja72mA, ARGUMENTS-aue_fork]: 0.1: 39996566
[Process: PName-procstat, ARGUMENTS-]->FILE_WRITE->[File: PATH-<unknown>]: 0.1: 60001263
[File: PATH-<unknown>]->FILE_READ->[Process: PName-pEja72mA, ARGUMENTS-]: 0.1: 490001837

###############Alert###############
currentTime:1720181560115
AnomalyScore: 0.9973
AlertPath:[Network Connect: Localhost--53.158.101.118:80]->NET_CONNECT->[Process: PName-pEja72mA, ARGUMENTS-]: 0.1: 0
[Process: PName-pEja72mA, ARGUMENTS-]->PROCESS_FORK->[Process: PName-pEja72mA, ARGUMENTS-aue_fork]: 0.1: 39996566
[Process: PName-procstat, ARGUMENTS-]->FILE_WRITE->[File: PATH-<unknown>]: 0.1: 60001263
[File: PATH-<unknown>]->FILE_READ->[Process: PName-pEja72mA, ARGUMENTS-]: 0.1: 490001837

###############Alert###############
currentTime:1720181560117
AnomalyScore: 0.9973
AlertPath:[Network Connect: Localhost--53.158.101.118:80]->NET_CONNECT->[Process: PName-pEja72mA, ARGUMENTS-]: 0.1: 0
[Process: PName-pEja72mA, ARGUMENTS-]->PROCESS_FORK->[Process: PName-pEja72mA, ARGUMENTS-aue_fork]: 0.1: 39996566
[Process: PName-procstat, ARGUMENTS-]->FILE_WRITE->[File: PATH-<unknown>]: 0.1: 60001263
[File: PATH-<unknown>]->FILE_READ->[Process: PName-pEja72mA, ARGUMENTS-]: 0.1: 490001837

###############Alert###############
currentTime:1720181560117
AnomalyScore: 0.9973
AlertPath:[Network Connect: Localhost--53.158.101.118:80]->NET_CONNECT->[Process: PName-pEja72mA, ARGUMENTS-]: 0.1: 0
[Process: PName-pEja72mA, ARGUMENTS-]->PROCESS_FORK->[Process: PName-pEja72mA, ARGUMENTS-aue_fork]: 0.1: 39996566
[Process: PName-procstat, ARGUMENTS-]->FILE_WRITE->[File: PATH-<unknown>]: 0.1: 60001263
[File: PATH-<unknown>]->FILE_READ->[Process: PName-pEja72mA, ARGUMENTS-]: 0.1: 490001837

###############Alert###############
currentTime:1720181560118
AnomalyScore: 0.9973
AlertPath:[Network Connect: Localhost--53.158.101.118:80]->NET_CONNECT->[Process: PName-pEja72mA, ARGUMENTS-]: 0.1: 0
[Process: PName-pEja72mA, ARGUMENTS-]->PROCESS_FORK->[Process: PName-pEja72mA, ARGUMENTS-aue_fork]: 0.1: 39996566
[Process: PName-procstat, ARGUMENTS-]->FILE_WRITE->[File: PATH-<unknown>]: 0.1: 60001263
[File: PATH-<unknown>]->FILE_READ->[Process: PName-pEja72mA, ARGUMENTS-]: 0.1: 490001837

###############Alert###############
currentTime:1720181560118
AnomalyScore: 0.9973
AlertPath:[Network Connect: Localhost--53.158.101.118:80]->NET_CONNECT->[Process: PName-pEja72mA, ARGUMENTS-]: 0.1: 0
[Process: PName-pEja72mA, ARGUMENTS-]->PROCESS_FORK->[Process: PName-pEja72mA, ARGUMENTS-aue_fork]: 0.1: 39996566
[Process: PName-procstat, ARGUMENTS-]->FILE_WRITE->[File: PATH-<unknown>]: 0.1: 60001263
[File: PATH-<unknown>]->FILE_READ->[Process: PName-pEja72mA, ARGUMENTS-]: 0.1: 499999976

###############Alert###############
currentTime:1720181560120
AnomalyScore: 0.9973
AlertPath:[Network Connect: Localhost--53.158.101.118:80]->NET_CONNECT->[Process: PName-pEja72mA, ARGUMENTS-]: 0.1: 0
[Process: PName-pEja72mA, ARGUMENTS-]->PROCESS_FORK->[Process: PName-pEja72mA, ARGUMENTS-aue_fork]: 0.1: 39996566
[Process: PName-procstat, ARGUMENTS-]->FILE_WRITE->[File: PATH-<unknown>]: 0.1: 60001263
[File: PATH-<unknown>]->FILE_READ->[Process: PName-pEja72mA, ARGUMENTS-]: 0.1: 499999976

###############Alert###############
currentTime:1720181560120
AnomalyScore: 0.9973
AlertPath:[Network Connect: Localhost--53.158.101.118:80]->NET_CONNECT->[Process: PName-pEja72mA, ARGUMENTS-]: 0.1: 0
[Process: PName-pEja72mA, ARGUMENTS-]->PROCESS_FORK->[Process: PName-pEja72mA, ARGUMENTS-aue_fork]: 0.1: 39996566
[Process: PName-procstat, ARGUMENTS-]->FILE_WRITE->[File: PATH-<unknown>]: 0.1: 60001263
[File: PATH-<unknown>]->FILE_READ->[Process: PName-pEja72mA, ARGUMENTS-]: 0.1: 499999976

###############Alert###############
currentTime:1720181560122
AnomalyScore: 0.9973
AlertPath:[Network Connect: Localhost--53.158.101.118:80]->NET_CONNECT->[Process: PName-pEja72mA, ARGUMENTS-]: 0.1: 0
[Process: PName-pEja72mA, ARGUMENTS-]->PROCESS_FORK->[Process: PName-pEja72mA, ARGUMENTS-aue_fork]: 0.1: 39996566
[Process: PName-procstat, ARGUMENTS-]->FILE_WRITE->[File: PATH-<unknown>]: 0.1: 60001263
[File: PATH-<unknown>]->FILE_READ->[Process: PName-pEja72mA, ARGUMENTS-]: 0.1: 499999976

###############Alert###############
currentTime:1720181560122
AnomalyScore: 0.9973
AlertPath:[Network Connect: Localhost--53.158.101.118:80]->NET_CONNECT->[Process: PName-pEja72mA, ARGUMENTS-]: 0.1: 0
[Process: PName-pEja72mA, ARGUMENTS-]->PROCESS_FORK->[Process: PName-pEja72mA, ARGUMENTS-aue_fork]: 0.1: 39996566
[Process: PName-procstat, ARGUMENTS-]->FILE_WRITE->[File: PATH-<unknown>]: 0.1: 60001263
[File: PATH-<unknown>]->FILE_READ->[Process: PName-pEja72mA, ARGUMENTS-]: 0.1: 499999976

###############Alert###############
currentTime:1720181560123
AnomalyScore: 0.9973
AlertPath:[Network Connect: Localhost--53.158.101.118:80]->NET_CONNECT->[Process: PName-pEja72mA, ARGUMENTS-]: 0.1: 0
[Process: PName-pEja72mA, ARGUMENTS-]->PROCESS_FORK->[Process: PName-pEja72mA, ARGUMENTS-aue_fork]: 0.1: 39996566
[Process: PName-procstat, ARGUMENTS-]->FILE_WRITE->[File: PATH-<unknown>]: 0.1: 60001263
[File: PATH-<unknown>]->FILE_READ->[Process: PName-pEja72mA, ARGUMENTS-]: 0.1: 499999976

###############Alert###############
currentTime:1720181560124
AnomalyScore: 0.9973
AlertPath:[Network Connect: Localhost--53.158.101.118:80]->NET_CONNECT->[Process: PName-pEja72mA, ARGUMENTS-]: 0.1: 0
[Process: PName-pEja72mA, ARGUMENTS-]->PROCESS_FORK->[Process: PName-pEja72mA, ARGUMENTS-aue_fork]: 0.1: 39996566
[Process: PName-procstat, ARGUMENTS-]->FILE_WRITE->[File: PATH-<unknown>]: 0.1: 60001263
[File: PATH-<unknown>]->FILE_READ->[Process: PName-pEja72mA, ARGUMENTS-]: 0.1: 499999976

###############Alert###############
currentTime:1720181560125
AnomalyScore: 0.9973
AlertPath:[Network Connect: Localhost--53.158.101.118:80]->NET_CONNECT->[Process: PName-pEja72mA, ARGUMENTS-]: 0.1: 0
[Process: PName-pEja72mA, ARGUMENTS-]->PROCESS_FORK->[Process: PName-pEja72mA, ARGUMENTS-aue_fork]: 0.1: 39996566
[Process: PName-procstat, ARGUMENTS-]->FILE_WRITE->[File: PATH-<unknown>]: 0.1: 60001263
[File: PATH-<unknown>]->FILE_READ->[Process: PName-pEja72mA, ARGUMENTS-]: 0.1: 499999976

###############Alert###############
currentTime:1720181560125
AnomalyScore: 0.9973
AlertPath:[Network Connect: Localhost--53.158.101.118:80]->NET_CONNECT->[Process: PName-pEja72mA, ARGUMENTS-]: 0.1: 0
[Process: PName-pEja72mA, ARGUMENTS-]->PROCESS_FORK->[Process: PName-pEja72mA, ARGUMENTS-aue_fork]: 0.1: 39996566
[Process: PName-procstat, ARGUMENTS-]->FILE_WRITE->[File: PATH-<unknown>]: 0.1: 60001263
[File: PATH-<unknown>]->FILE_READ->[Process: PName-pEja72mA, ARGUMENTS-]: 0.1: 499999976

###############Alert###############
currentTime:1720181560127
AnomalyScore: 0.9973
AlertPath:[Network Connect: Localhost--53.158.101.118:80]->NET_CONNECT->[Process: PName-pEja72mA, ARGUMENTS-]: 0.1: 0
[Process: PName-pEja72mA, ARGUMENTS-]->PROCESS_FORK->[Process: PName-pEja72mA, ARGUMENTS-aue_fork]: 0.1: 39996566
[Process: PName-procstat, ARGUMENTS-]->FILE_WRITE->[File: PATH-<unknown>]: 0.1: 60001263
[File: PATH-<unknown>]->FILE_READ->[Process: PName-pEja72mA, ARGUMENTS-]: 0.1: 499999976

###############Alert###############
currentTime:1720181560127
AnomalyScore: 0.9973
AlertPath:[Network Connect: Localhost--53.158.101.118:80]->NET_CONNECT->[Process: PName-pEja72mA, ARGUMENTS-]: 0.1: 0
[Process: PName-pEja72mA, ARGUMENTS-]->PROCESS_FORK->[Process: PName-pEja72mA, ARGUMENTS-aue_fork]: 0.1: 39996566
[Process: PName-procstat, ARGUMENTS-]->FILE_WRITE->[File: PATH-<unknown>]: 0.1: 60001263
[File: PATH-<unknown>]->FILE_READ->[Process: PName-pEja72mA, ARGUMENTS-]: 0.1: 499999976

###############Alert###############
currentTime:1720181560129
AnomalyScore: 0.9973
AlertPath:[Network Connect: Localhost--53.158.101.118:80]->NET_CONNECT->[Process: PName-pEja72mA, ARGUMENTS-]: 0.1: 0
[Process: PName-pEja72mA, ARGUMENTS-]->PROCESS_FORK->[Process: PName-pEja72mA, ARGUMENTS-aue_fork]: 0.1: 39996566
[Process: PName-procstat, ARGUMENTS-]->FILE_WRITE->[File: PATH-<unknown>]: 0.1: 60001263
[File: PATH-<unknown>]->FILE_READ->[Process: PName-pEja72mA, ARGUMENTS-]: 0.1: 499999976

###############Alert###############
currentTime:1720181560129
AnomalyScore: 0.9973
AlertPath:[Network Connect: Localhost--53.158.101.118:80]->NET_CONNECT->[Process: PName-pEja72mA, ARGUMENTS-]: 0.1: 0
[Process: PName-pEja72mA, ARGUMENTS-]->PROCESS_FORK->[Process: PName-pEja72mA, ARGUMENTS-aue_fork]: 0.1: 39996566
[Process: PName-procstat, ARGUMENTS-]->FILE_WRITE->[File: PATH-<unknown>]: 0.1: 60001263
[File: PATH-<unknown>]->FILE_READ->[Process: PName-pEja72mA, ARGUMENTS-]: 0.1: 499999976

###############Alert###############
currentTime:1720181560130
AnomalyScore: 0.9973
AlertPath:[Network Connect: Localhost--53.158.101.118:80]->NET_CONNECT->[Process: PName-pEja72mA, ARGUMENTS-]: 0.1: 0
[Process: PName-pEja72mA, ARGUMENTS-]->PROCESS_FORK->[Process: PName-pEja72mA, ARGUMENTS-aue_fork]: 0.1: 39996566
[Process: PName-procstat, ARGUMENTS-]->FILE_WRITE->[File: PATH-<unknown>]: 0.1: 60001263
[File: PATH-<unknown>]->FILE_READ->[Process: PName-pEja72mA, ARGUMENTS-]: 0.1: 509999975

###############Alert###############
currentTime:1720181560131
AnomalyScore: 0.9973
AlertPath:[Network Connect: Localhost--53.158.101.118:80]->NET_CONNECT->[Process: PName-pEja72mA, ARGUMENTS-]: 0.1: 0
[Process: PName-pEja72mA, ARGUMENTS-]->PROCESS_FORK->[Process: PName-pEja72mA, ARGUMENTS-aue_fork]: 0.1: 39996566
[Process: PName-procstat, ARGUMENTS-]->FILE_WRITE->[File: PATH-<unknown>]: 0.1: 60001263
[File: PATH-<unknown>]->FILE_READ->[Process: PName-pEja72mA, ARGUMENTS-]: 0.1: 509999975

###############Alert###############
currentTime:1720181560132
AnomalyScore: 0.9973
AlertPath:[Network Connect: Localhost--53.158.101.118:80]->NET_CONNECT->[Process: PName-pEja72mA, ARGUMENTS-]: 0.1: 0
[Process: PName-pEja72mA, ARGUMENTS-]->PROCESS_FORK->[Process: PName-pEja72mA, ARGUMENTS-aue_fork]: 0.1: 39996566
[Process: PName-procstat, ARGUMENTS-]->FILE_WRITE->[File: PATH-<unknown>]: 0.1: 60001263
[File: PATH-<unknown>]->FILE_READ->[Process: PName-pEja72mA, ARGUMENTS-]: 0.1: 509999975

###############Alert###############
currentTime:1720181560132
AnomalyScore: 0.9973
AlertPath:[Network Connect: Localhost--53.158.101.118:80]->NET_CONNECT->[Process: PName-pEja72mA, ARGUMENTS-]: 0.1: 0
[Process: PName-pEja72mA, ARGUMENTS-]->PROCESS_FORK->[Process: PName-pEja72mA, ARGUMENTS-aue_fork]: 0.1: 39996566
[Process: PName-procstat, ARGUMENTS-]->FILE_WRITE->[File: PATH-<unknown>]: 0.1: 60001263
[File: PATH-<unknown>]->FILE_READ->[Process: PName-pEja72mA, ARGUMENTS-]: 0.1: 509999975

###############Alert###############
currentTime:1720181560134
AnomalyScore: 0.9973
AlertPath:[Network Connect: Localhost--53.158.101.118:80]->NET_CONNECT->[Process: PName-pEja72mA, ARGUMENTS-]: 0.1: 0
[Process: PName-pEja72mA, ARGUMENTS-]->PROCESS_FORK->[Process: PName-pEja72mA, ARGUMENTS-aue_fork]: 0.1: 39996566
[Process: PName-procstat, ARGUMENTS-]->FILE_WRITE->[File: PATH-<unknown>]: 0.1: 60001263
[File: PATH-<unknown>]->FILE_READ->[Process: PName-pEja72mA, ARGUMENTS-]: 0.1: 509999975

###############Alert###############
currentTime:1720181560134
AnomalyScore: 0.9973
AlertPath:[Network Connect: Localhost--53.158.101.118:80]->NET_CONNECT->[Process: PName-pEja72mA, ARGUMENTS-]: 0.1: 0
[Process: PName-pEja72mA, ARGUMENTS-]->PROCESS_FORK->[Process: PName-pEja72mA, ARGUMENTS-aue_fork]: 0.1: 39996566
[Process: PName-procstat, ARGUMENTS-]->FILE_WRITE->[File: PATH-<unknown>]: 0.1: 60001263
[File: PATH-<unknown>]->FILE_READ->[Process: PName-pEja72mA, ARGUMENTS-]: 0.1: 509999975

###############Alert###############
currentTime:1720181560135
AnomalyScore: 0.9973
AlertPath:[Network Connect: Localhost--53.158.101.118:80]->NET_CONNECT->[Process: PName-pEja72mA, ARGUMENTS-]: 0.1: 0
[Process: PName-pEja72mA, ARGUMENTS-]->PROCESS_FORK->[Process: PName-pEja72mA, ARGUMENTS-aue_fork]: 0.1: 39996566
[Process: PName-procstat, ARGUMENTS-]->FILE_WRITE->[File: PATH-<unknown>]: 0.1: 60001263
[File: PATH-<unknown>]->FILE_READ->[Process: PName-pEja72mA, ARGUMENTS-]: 0.1: 509999975

###############Alert###############
currentTime:1720181560136
AnomalyScore: 0.9973
AlertPath:[Network Connect: Localhost--53.158.101.118:80]->NET_CONNECT->[Process: PName-pEja72mA, ARGUMENTS-]: 0.1: 0
[Process: PName-pEja72mA, ARGUMENTS-]->PROCESS_FORK->[Process: PName-pEja72mA, ARGUMENTS-aue_fork]: 0.1: 39996566
[Process: PName-procstat, ARGUMENTS-]->FILE_WRITE->[File: PATH-<unknown>]: 0.1: 60001263
[File: PATH-<unknown>]->FILE_READ->[Process: PName-pEja72mA, ARGUMENTS-]: 0.1: 509999975

###############Alert###############
currentTime:1720181560137
AnomalyScore: 0.9973
AlertPath:[Network Connect: Localhost--53.158.101.118:80]->NET_CONNECT->[Process: PName-pEja72mA, ARGUMENTS-]: 0.1: 0
[Process: PName-pEja72mA, ARGUMENTS-]->PROCESS_FORK->[Process: PName-pEja72mA, ARGUMENTS-aue_fork]: 0.1: 39996566
[Process: PName-procstat, ARGUMENTS-]->FILE_WRITE->[File: PATH-<unknown>]: 0.1: 60001263
[File: PATH-<unknown>]->FILE_READ->[Process: PName-pEja72mA, ARGUMENTS-]: 0.1: 509999975

###############Alert###############
currentTime:1720181560137
AnomalyScore: 0.9973
AlertPath:[Network Connect: Localhost--53.158.101.118:80]->NET_CONNECT->[Process: PName-pEja72mA, ARGUMENTS-]: 0.1: 0
[Process: PName-pEja72mA, ARGUMENTS-]->PROCESS_FORK->[Process: PName-pEja72mA, ARGUMENTS-aue_fork]: 0.1: 39996566
[Process: PName-procstat, ARGUMENTS-]->FILE_WRITE->[File: PATH-<unknown>]: 0.1: 60001263
[File: PATH-<unknown>]->FILE_READ->[Process: PName-pEja72mA, ARGUMENTS-]: 0.1: 509999975

###############Alert###############
currentTime:1720181560139
AnomalyScore: 0.9973
AlertPath:[Network Connect: Localhost--53.158.101.118:80]->NET_CONNECT->[Process: PName-pEja72mA, ARGUMENTS-]: 0.1: 0
[Process: PName-pEja72mA, ARGUMENTS-]->PROCESS_FORK->[Process: PName-pEja72mA, ARGUMENTS-aue_fork]: 0.1: 39996566
[Process: PName-procstat, ARGUMENTS-]->FILE_WRITE->[File: PATH-<unknown>]: 0.1: 60001263
[File: PATH-<unknown>]->FILE_READ->[Process: PName-pEja72mA, ARGUMENTS-]: 0.1: 509999975

###############Alert###############
currentTime:1720181560139
AnomalyScore: 0.9973
AlertPath:[Network Connect: Localhost--53.158.101.118:80]->NET_CONNECT->[Process: PName-pEja72mA, ARGUMENTS-]: 0.1: 0
[Process: PName-pEja72mA, ARGUMENTS-]->PROCESS_FORK->[Process: PName-pEja72mA, ARGUMENTS-aue_fork]: 0.1: 39996566
[Process: PName-procstat, ARGUMENTS-]->FILE_WRITE->[File: PATH-<unknown>]: 0.1: 60001263
[File: PATH-<unknown>]->FILE_READ->[Process: PName-pEja72mA, ARGUMENTS-]: 0.1: 509999975

###############Alert###############
currentTime:1720181560141
AnomalyScore: 0.9973
AlertPath:[Network Connect: Localhost--53.158.101.118:80]->NET_CONNECT->[Process: PName-pEja72mA, ARGUMENTS-]: 0.1: 0
[Process: PName-pEja72mA, ARGUMENTS-]->PROCESS_FORK->[Process: PName-pEja72mA, ARGUMENTS-aue_fork]: 0.1: 39996566
[Process: PName-procstat, ARGUMENTS-]->FILE_WRITE->[File: PATH-<unknown>]: 0.1: 60001263
[File: PATH-<unknown>]->FILE_READ->[Process: PName-pEja72mA, ARGUMENTS-]: 0.1: 509999975

###############Alert###############
currentTime:1720181560141
AnomalyScore: 0.9973
AlertPath:[Network Connect: Localhost--53.158.101.118:80]->NET_CONNECT->[Process: PName-pEja72mA, ARGUMENTS-]: 0.1: 0
[Process: PName-pEja72mA, ARGUMENTS-]->PROCESS_FORK->[Process: PName-pEja72mA, ARGUMENTS-aue_fork]: 0.1: 39996566
[Process: PName-procstat, ARGUMENTS-]->FILE_WRITE->[File: PATH-<unknown>]: 0.1: 60001263
[File: PATH-<unknown>]->FILE_READ->[Process: PName-pEja72mA, ARGUMENTS-]: 0.1: 520000944

###############Alert###############
currentTime:1720181560143
AnomalyScore: 0.9973
AlertPath:[Network Connect: Localhost--53.158.101.118:80]->NET_CONNECT->[Process: PName-pEja72mA, ARGUMENTS-]: 0.1: 0
[Process: PName-pEja72mA, ARGUMENTS-]->PROCESS_FORK->[Process: PName-pEja72mA, ARGUMENTS-aue_fork]: 0.1: 39996566
[Process: PName-procstat, ARGUMENTS-]->FILE_WRITE->[File: PATH-<unknown>]: 0.1: 60001263
[File: PATH-<unknown>]->FILE_READ->[Process: PName-pEja72mA, ARGUMENTS-]: 0.1: 520000944

###############Alert###############
currentTime:1720181560144
AnomalyScore: 0.9973
AlertPath:[Network Connect: Localhost--53.158.101.118:80]->NET_CONNECT->[Process: PName-pEja72mA, ARGUMENTS-]: 0.1: 0
[Process: PName-pEja72mA, ARGUMENTS-]->PROCESS_FORK->[Process: PName-pEja72mA, ARGUMENTS-aue_fork]: 0.1: 39996566
[Process: PName-procstat, ARGUMENTS-]->FILE_WRITE->[File: PATH-<unknown>]: 0.1: 60001263
[File: PATH-<unknown>]->FILE_READ->[Process: PName-pEja72mA, ARGUMENTS-]: 0.1: 520000944

###############Alert###############
currentTime:1720181560145
AnomalyScore: 0.9973
AlertPath:[Network Connect: Localhost--53.158.101.118:80]->NET_CONNECT->[Process: PName-pEja72mA, ARGUMENTS-]: 0.1: 0
[Process: PName-pEja72mA, ARGUMENTS-]->PROCESS_FORK->[Process: PName-pEja72mA, ARGUMENTS-aue_fork]: 0.1: 39996566
[Process: PName-procstat, ARGUMENTS-]->FILE_WRITE->[File: PATH-<unknown>]: 0.1: 60001263
[File: PATH-<unknown>]->FILE_READ->[Process: PName-pEja72mA, ARGUMENTS-]: 0.1: 520000944

###############Alert###############
currentTime:1720181560145
AnomalyScore: 0.9973
AlertPath:[Network Connect: Localhost--53.158.101.118:80]->NET_CONNECT->[Process: PName-pEja72mA, ARGUMENTS-]: 0.1: 0
[Process: PName-pEja72mA, ARGUMENTS-]->PROCESS_FORK->[Process: PName-pEja72mA, ARGUMENTS-aue_fork]: 0.1: 39996566
[Process: PName-procstat, ARGUMENTS-]->FILE_WRITE->[File: PATH-<unknown>]: 0.1: 60001263
[File: PATH-<unknown>]->FILE_READ->[Process: PName-pEja72mA, ARGUMENTS-]: 0.1: 520000944

###############Alert###############
currentTime:1720181560146
AnomalyScore: 0.9973
AlertPath:[Network Connect: Localhost--53.158.101.118:80]->NET_CONNECT->[Process: PName-pEja72mA, ARGUMENTS-]: 0.1: 0
[Process: PName-pEja72mA, ARGUMENTS-]->PROCESS_FORK->[Process: PName-pEja72mA, ARGUMENTS-aue_fork]: 0.1: 39996566
[Process: PName-procstat, ARGUMENTS-]->FILE_WRITE->[File: PATH-<unknown>]: 0.1: 60001263
[File: PATH-<unknown>]->FILE_READ->[Process: PName-pEja72mA, ARGUMENTS-]: 0.1: 520000944

###############Alert###############
currentTime:1720181560147
AnomalyScore: 0.9973
AlertPath:[Network Connect: Localhost--53.158.101.118:80]->NET_CONNECT->[Process: PName-pEja72mA, ARGUMENTS-]: 0.1: 0
[Process: PName-pEja72mA, ARGUMENTS-]->PROCESS_FORK->[Process: PName-pEja72mA, ARGUMENTS-aue_fork]: 0.1: 39996566
[Process: PName-procstat, ARGUMENTS-]->FILE_WRITE->[File: PATH-<unknown>]: 0.1: 60001263
[File: PATH-<unknown>]->FILE_READ->[Process: PName-pEja72mA, ARGUMENTS-]: 0.1: 520000944

###############Alert###############
currentTime:1720181560148
AnomalyScore: 0.9973
AlertPath:[Network Connect: Localhost--53.158.101.118:80]->NET_CONNECT->[Process: PName-pEja72mA, ARGUMENTS-]: 0.1: 0
[Process: PName-pEja72mA, ARGUMENTS-]->PROCESS_FORK->[Process: PName-pEja72mA, ARGUMENTS-aue_fork]: 0.1: 39996566
[Process: PName-procstat, ARGUMENTS-]->FILE_WRITE->[File: PATH-<unknown>]: 0.1: 60001263
[File: PATH-<unknown>]->FILE_READ->[Process: PName-pEja72mA, ARGUMENTS-]: 0.1: 520000944

###############Alert###############
currentTime:1720181560148
AnomalyScore: 0.9973
AlertPath:[Network Connect: Localhost--53.158.101.118:80]->NET_CONNECT->[Process: PName-pEja72mA, ARGUMENTS-]: 0.1: 0
[Process: PName-pEja72mA, ARGUMENTS-]->PROCESS_FORK->[Process: PName-pEja72mA, ARGUMENTS-aue_fork]: 0.1: 39996566
[Process: PName-procstat, ARGUMENTS-]->FILE_WRITE->[File: PATH-<unknown>]: 0.1: 60001263
[File: PATH-<unknown>]->FILE_READ->[Process: PName-pEja72mA, ARGUMENTS-]: 0.1: 520000944

###############Alert###############
currentTime:1720181560150
AnomalyScore: 0.9973
AlertPath:[Network Connect: Localhost--53.158.101.118:80]->NET_CONNECT->[Process: PName-pEja72mA, ARGUMENTS-]: 0.1: 0
[Process: PName-pEja72mA, ARGUMENTS-]->PROCESS_FORK->[Process: PName-pEja72mA, ARGUMENTS-aue_fork]: 0.1: 39996566
[Process: PName-procstat, ARGUMENTS-]->FILE_WRITE->[File: PATH-<unknown>]: 0.1: 60001263
[File: PATH-<unknown>]->FILE_READ->[Process: PName-pEja72mA, ARGUMENTS-]: 0.1: 520000944

###############Alert###############
currentTime:1720181560150
AnomalyScore: 0.9973
AlertPath:[Network Connect: Localhost--53.158.101.118:80]->NET_CONNECT->[Process: PName-pEja72mA, ARGUMENTS-]: 0.1: 0
[Process: PName-pEja72mA, ARGUMENTS-]->PROCESS_FORK->[Process: PName-pEja72mA, ARGUMENTS-aue_fork]: 0.1: 39996566
[Process: PName-procstat, ARGUMENTS-]->FILE_WRITE->[File: PATH-<unknown>]: 0.1: 60001263
[File: PATH-<unknown>]->FILE_READ->[Process: PName-pEja72mA, ARGUMENTS-]: 0.1: 520000944

###############Alert###############
currentTime:1720181560152
AnomalyScore: 0.9973
AlertPath:[Network Connect: Localhost--53.158.101.118:80]->NET_CONNECT->[Process: PName-pEja72mA, ARGUMENTS-]: 0.1: 0
[Process: PName-pEja72mA, ARGUMENTS-]->PROCESS_FORK->[Process: PName-pEja72mA, ARGUMENTS-aue_fork]: 0.1: 39996566
[Process: PName-procstat, ARGUMENTS-]->FILE_WRITE->[File: PATH-<unknown>]: 0.1: 60001263
[File: PATH-<unknown>]->FILE_READ->[Process: PName-pEja72mA, ARGUMENTS-]: 0.1: 520000944

###############Alert###############
currentTime:1720181560152
AnomalyScore: 0.9973
AlertPath:[Network Connect: Localhost--53.158.101.118:80]->NET_CONNECT->[Process: PName-pEja72mA, ARGUMENTS-]: 0.1: 0
[Process: PName-pEja72mA, ARGUMENTS-]->PROCESS_FORK->[Process: PName-pEja72mA, ARGUMENTS-aue_fork]: 0.1: 39996566
[Process: PName-procstat, ARGUMENTS-]->FILE_WRITE->[File: PATH-<unknown>]: 0.1: 60001263
[File: PATH-<unknown>]->FILE_READ->[Process: PName-pEja72mA, ARGUMENTS-]: 0.1: 520000944

###############Alert###############
currentTime:1720181560154
AnomalyScore: 0.9973
AlertPath:[Network Connect: Localhost--53.158.101.118:80]->NET_CONNECT->[Process: PName-pEja72mA, ARGUMENTS-]: 0.1: 0
[Process: PName-pEja72mA, ARGUMENTS-]->PROCESS_FORK->[Process: PName-pEja72mA, ARGUMENTS-aue_fork]: 0.1: 39996566
[Process: PName-procstat, ARGUMENTS-]->FILE_WRITE->[File: PATH-<unknown>]: 0.1: 60001263
[File: PATH-<unknown>]->FILE_READ->[Process: PName-pEja72mA, ARGUMENTS-]: 0.1: 530002573

###############Alert###############
currentTime:1720181560154
AnomalyScore: 0.9973
AlertPath:[Network Connect: Localhost--53.158.101.118:80]->NET_CONNECT->[Process: PName-pEja72mA, ARGUMENTS-]: 0.1: 0
[Process: PName-pEja72mA, ARGUMENTS-]->PROCESS_FORK->[Process: PName-pEja72mA, ARGUMENTS-aue_fork]: 0.1: 39996566
[Process: PName-procstat, ARGUMENTS-]->FILE_WRITE->[File: PATH-<unknown>]: 0.1: 60001263
[File: PATH-<unknown>]->FILE_READ->[Process: PName-pEja72mA, ARGUMENTS-]: 0.1: 530002573

###############Alert###############
currentTime:1720181560156
AnomalyScore: 0.9973
AlertPath:[Network Connect: Localhost--53.158.101.118:80]->NET_CONNECT->[Process: PName-pEja72mA, ARGUMENTS-]: 0.1: 0
[Process: PName-pEja72mA, ARGUMENTS-]->PROCESS_FORK->[Process: PName-pEja72mA, ARGUMENTS-aue_fork]: 0.1: 39996566
[Process: PName-procstat, ARGUMENTS-]->FILE_WRITE->[File: PATH-<unknown>]: 0.1: 60001263
[File: PATH-<unknown>]->FILE_READ->[Process: PName-pEja72mA, ARGUMENTS-]: 0.1: 530002573

###############Alert###############
currentTime:1720181560156
AnomalyScore: 0.9973
AlertPath:[Network Connect: Localhost--53.158.101.118:80]->NET_CONNECT->[Process: PName-pEja72mA, ARGUMENTS-]: 0.1: 0
[Process: PName-pEja72mA, ARGUMENTS-]->PROCESS_FORK->[Process: PName-pEja72mA, ARGUMENTS-aue_fork]: 0.1: 39996566
[Process: PName-procstat, ARGUMENTS-]->FILE_WRITE->[File: PATH-<unknown>]: 0.1: 60001263
[File: PATH-<unknown>]->FILE_READ->[Process: PName-pEja72mA, ARGUMENTS-]: 0.1: 530002573

###############Alert###############
currentTime:1720181560157
AnomalyScore: 0.9973
AlertPath:[Network Connect: Localhost--53.158.101.118:80]->NET_CONNECT->[Process: PName-pEja72mA, ARGUMENTS-]: 0.1: 0
[Process: PName-pEja72mA, ARGUMENTS-]->PROCESS_FORK->[Process: PName-pEja72mA, ARGUMENTS-aue_fork]: 0.1: 39996566
[Process: PName-procstat, ARGUMENTS-]->FILE_WRITE->[File: PATH-<unknown>]: 0.1: 60001263
[File: PATH-<unknown>]->FILE_READ->[Process: PName-pEja72mA, ARGUMENTS-]: 0.1: 530002573

###############Alert###############
currentTime:1720181560158
AnomalyScore: 0.9973
AlertPath:[Network Connect: Localhost--53.158.101.118:80]->NET_CONNECT->[Process: PName-pEja72mA, ARGUMENTS-]: 0.1: 0
[Process: PName-pEja72mA, ARGUMENTS-]->PROCESS_FORK->[Process: PName-pEja72mA, ARGUMENTS-aue_fork]: 0.1: 39996566
[Process: PName-procstat, ARGUMENTS-]->FILE_WRITE->[File: PATH-<unknown>]: 0.1: 60001263
[File: PATH-<unknown>]->FILE_READ->[Process: PName-pEja72mA, ARGUMENTS-]: 0.1: 530002573

###############Alert###############
currentTime:1720181560159
AnomalyScore: 0.9973
AlertPath:[Network Connect: Localhost--53.158.101.118:80]->NET_CONNECT->[Process: PName-pEja72mA, ARGUMENTS-]: 0.1: 0
[Process: PName-pEja72mA, ARGUMENTS-]->PROCESS_FORK->[Process: PName-pEja72mA, ARGUMENTS-aue_fork]: 0.1: 39996566
[Process: PName-procstat, ARGUMENTS-]->FILE_WRITE->[File: PATH-<unknown>]: 0.1: 60001263
[File: PATH-<unknown>]->FILE_READ->[Process: PName-pEja72mA, ARGUMENTS-]: 0.1: 530002573

###############Alert###############
currentTime:1720181560159
AnomalyScore: 0.9973
AlertPath:[Network Connect: Localhost--53.158.101.118:80]->NET_CONNECT->[Process: PName-pEja72mA, ARGUMENTS-]: 0.1: 0
[Process: PName-pEja72mA, ARGUMENTS-]->PROCESS_FORK->[Process: PName-pEja72mA, ARGUMENTS-aue_fork]: 0.1: 39996566
[Process: PName-procstat, ARGUMENTS-]->FILE_WRITE->[File: PATH-<unknown>]: 0.1: 60001263
[File: PATH-<unknown>]->FILE_READ->[Process: PName-pEja72mA, ARGUMENTS-]: 0.1: 530002573

###############Alert###############
currentTime:1720181560161
AnomalyScore: 0.9973
AlertPath:[Network Connect: Localhost--53.158.101.118:80]->NET_CONNECT->[Process: PName-pEja72mA, ARGUMENTS-]: 0.1: 0
[Process: PName-pEja72mA, ARGUMENTS-]->PROCESS_FORK->[Process: PName-pEja72mA, ARGUMENTS-aue_fork]: 0.1: 39996566
[Process: PName-procstat, ARGUMENTS-]->FILE_WRITE->[File: PATH-<unknown>]: 0.1: 60001263
[File: PATH-<unknown>]->FILE_READ->[Process: PName-pEja72mA, ARGUMENTS-]: 0.1: 530002573

###############Alert###############
currentTime:1720181560161
AnomalyScore: 0.9973
AlertPath:[Network Connect: Localhost--53.158.101.118:80]->NET_CONNECT->[Process: PName-pEja72mA, ARGUMENTS-]: 0.1: 0
[Process: PName-pEja72mA, ARGUMENTS-]->PROCESS_FORK->[Process: PName-pEja72mA, ARGUMENTS-aue_fork]: 0.1: 39996566
[Process: PName-procstat, ARGUMENTS-]->FILE_WRITE->[File: PATH-<unknown>]: 0.1: 60001263
[File: PATH-<unknown>]->FILE_READ->[Process: PName-pEja72mA, ARGUMENTS-]: 0.1: 530002573

###############Alert###############
currentTime:1720181560162
AnomalyScore: 0.9973
AlertPath:[Network Connect: Localhost--53.158.101.118:80]->NET_CONNECT->[Process: PName-pEja72mA, ARGUMENTS-]: 0.1: 0
[Process: PName-pEja72mA, ARGUMENTS-]->PROCESS_FORK->[Process: PName-pEja72mA, ARGUMENTS-aue_fork]: 0.1: 39996566
[Process: PName-procstat, ARGUMENTS-]->FILE_WRITE->[File: PATH-<unknown>]: 0.1: 60001263
[File: PATH-<unknown>]->FILE_READ->[Process: PName-pEja72mA, ARGUMENTS-]: 0.1: 530002573

###############Alert###############
currentTime:1720181560163
AnomalyScore: 0.9973
AlertPath:[Network Connect: Localhost--53.158.101.118:80]->NET_CONNECT->[Process: PName-pEja72mA, ARGUMENTS-]: 0.1: 0
[Process: PName-pEja72mA, ARGUMENTS-]->PROCESS_FORK->[Process: PName-pEja72mA, ARGUMENTS-aue_fork]: 0.1: 39996566
[Process: PName-procstat, ARGUMENTS-]->FILE_WRITE->[File: PATH-<unknown>]: 0.1: 60001263
[File: PATH-<unknown>]->FILE_READ->[Process: PName-pEja72mA, ARGUMENTS-]: 0.1: 530002573

###############Alert###############
currentTime:1720181560164
AnomalyScore: 0.9973
AlertPath:[Network Connect: Localhost--53.158.101.118:80]->NET_CONNECT->[Process: PName-pEja72mA, ARGUMENTS-]: 0.1: 0
[Process: PName-pEja72mA, ARGUMENTS-]->PROCESS_FORK->[Process: PName-pEja72mA, ARGUMENTS-aue_fork]: 0.1: 39996566
[Process: PName-procstat, ARGUMENTS-]->FILE_WRITE->[File: PATH-<unknown>]: 0.1: 60001263
[File: PATH-<unknown>]->FILE_READ->[Process: PName-pEja72mA, ARGUMENTS-]: 0.1: 540000552

###############Alert###############
currentTime:1720181560164
AnomalyScore: 0.9973
AlertPath:[Network Connect: Localhost--53.158.101.118:80]->NET_CONNECT->[Process: PName-pEja72mA, ARGUMENTS-]: 0.1: 0
[Process: PName-pEja72mA, ARGUMENTS-]->PROCESS_FORK->[Process: PName-pEja72mA, ARGUMENTS-aue_fork]: 0.1: 39996566
[Process: PName-procstat, ARGUMENTS-]->FILE_WRITE->[File: PATH-<unknown>]: 0.1: 60001263
[File: PATH-<unknown>]->FILE_READ->[Process: PName-pEja72mA, ARGUMENTS-]: 0.1: 540000552

###############Alert###############
currentTime:1720181560166
AnomalyScore: 0.9973
AlertPath:[Network Connect: Localhost--53.158.101.118:80]->NET_CONNECT->[Process: PName-pEja72mA, ARGUMENTS-]: 0.1: 0
[Process: PName-pEja72mA, ARGUMENTS-]->PROCESS_FORK->[Process: PName-pEja72mA, ARGUMENTS-aue_fork]: 0.1: 39996566
[Process: PName-procstat, ARGUMENTS-]->FILE_WRITE->[File: PATH-<unknown>]: 0.1: 60001263
[File: PATH-<unknown>]->FILE_READ->[Process: PName-pEja72mA, ARGUMENTS-]: 0.1: 540000552

###############Alert###############
currentTime:1720181560166
AnomalyScore: 0.9973
AlertPath:[Network Connect: Localhost--53.158.101.118:80]->NET_CONNECT->[Process: PName-pEja72mA, ARGUMENTS-]: 0.1: 0
[Process: PName-pEja72mA, ARGUMENTS-]->PROCESS_FORK->[Process: PName-pEja72mA, ARGUMENTS-aue_fork]: 0.1: 39996566
[Process: PName-procstat, ARGUMENTS-]->FILE_WRITE->[File: PATH-<unknown>]: 0.1: 60001263
[File: PATH-<unknown>]->FILE_READ->[Process: PName-pEja72mA, ARGUMENTS-]: 0.1: 540000552

###############Alert###############
currentTime:1720181560168
AnomalyScore: 0.9973
AlertPath:[Network Connect: Localhost--53.158.101.118:80]->NET_CONNECT->[Process: PName-pEja72mA, ARGUMENTS-]: 0.1: 0
[Process: PName-pEja72mA, ARGUMENTS-]->PROCESS_FORK->[Process: PName-pEja72mA, ARGUMENTS-aue_fork]: 0.1: 39996566
[Process: PName-procstat, ARGUMENTS-]->FILE_WRITE->[File: PATH-<unknown>]: 0.1: 60001263
[File: PATH-<unknown>]->FILE_READ->[Process: PName-pEja72mA, ARGUMENTS-]: 0.1: 540000552

###############Alert###############
currentTime:1720181560168
AnomalyScore: 0.9973
AlertPath:[Network Connect: Localhost--53.158.101.118:80]->NET_CONNECT->[Process: PName-pEja72mA, ARGUMENTS-]: 0.1: 0
[Process: PName-pEja72mA, ARGUMENTS-]->PROCESS_FORK->[Process: PName-pEja72mA, ARGUMENTS-aue_fork]: 0.1: 39996566
[Process: PName-procstat, ARGUMENTS-]->FILE_WRITE->[File: PATH-<unknown>]: 0.1: 60001263
[File: PATH-<unknown>]->FILE_READ->[Process: PName-pEja72mA, ARGUMENTS-]: 0.1: 540000552

###############Alert###############
currentTime:1720181560169
AnomalyScore: 0.9973
AlertPath:[Network Connect: Localhost--53.158.101.118:80]->NET_CONNECT->[Process: PName-pEja72mA, ARGUMENTS-]: 0.1: 0
[Process: PName-pEja72mA, ARGUMENTS-]->PROCESS_FORK->[Process: PName-pEja72mA, ARGUMENTS-aue_fork]: 0.1: 39996566
[Process: PName-procstat, ARGUMENTS-]->FILE_WRITE->[File: PATH-<unknown>]: 0.1: 60001263
[File: PATH-<unknown>]->FILE_READ->[Process: PName-pEja72mA, ARGUMENTS-]: 0.1: 540000552

###############Alert###############
currentTime:1720181560169
AnomalyScore: 0.9973
AlertPath:[Network Connect: Localhost--53.158.101.118:80]->NET_CONNECT->[Process: PName-pEja72mA, ARGUMENTS-]: 0.1: 0
[Process: PName-pEja72mA, ARGUMENTS-]->PROCESS_FORK->[Process: PName-pEja72mA, ARGUMENTS-aue_fork]: 0.1: 39996566
[Process: PName-procstat, ARGUMENTS-]->FILE_WRITE->[File: PATH-<unknown>]: 0.1: 60001263
[File: PATH-<unknown>]->FILE_READ->[Process: PName-pEja72mA, ARGUMENTS-]: 0.1: 540000552

###############Alert###############
currentTime:1720181560171
AnomalyScore: 0.9973
AlertPath:[Network Connect: Localhost--53.158.101.118:80]->NET_CONNECT->[Process: PName-pEja72mA, ARGUMENTS-]: 0.1: 0
[Process: PName-pEja72mA, ARGUMENTS-]->PROCESS_FORK->[Process: PName-pEja72mA, ARGUMENTS-aue_fork]: 0.1: 39996566
[Process: PName-procstat, ARGUMENTS-]->FILE_WRITE->[File: PATH-<unknown>]: 0.1: 60001263
[File: PATH-<unknown>]->FILE_READ->[Process: PName-pEja72mA, ARGUMENTS-]: 0.1: 540000552

###############Alert###############
currentTime:1720181560171
AnomalyScore: 0.9973
AlertPath:[Network Connect: Localhost--53.158.101.118:80]->NET_CONNECT->[Process: PName-pEja72mA, ARGUMENTS-]: 0.1: 0
[Process: PName-pEja72mA, ARGUMENTS-]->PROCESS_FORK->[Process: PName-pEja72mA, ARGUMENTS-aue_fork]: 0.1: 39996566
[Process: PName-procstat, ARGUMENTS-]->FILE_WRITE->[File: PATH-<unknown>]: 0.1: 60001263
[File: PATH-<unknown>]->FILE_READ->[Process: PName-pEja72mA, ARGUMENTS-]: 0.1: 540000552

###############Alert###############
currentTime:1720181560173
AnomalyScore: 0.9973
AlertPath:[Network Connect: Localhost--53.158.101.118:80]->NET_CONNECT->[Process: PName-pEja72mA, ARGUMENTS-]: 0.1: 0
[Process: PName-pEja72mA, ARGUMENTS-]->PROCESS_FORK->[Process: PName-pEja72mA, ARGUMENTS-aue_fork]: 0.1: 39996566
[Process: PName-procstat, ARGUMENTS-]->FILE_WRITE->[File: PATH-<unknown>]: 0.1: 60001263
[File: PATH-<unknown>]->FILE_READ->[Process: PName-pEja72mA, ARGUMENTS-]: 0.1: 540000552

###############Alert###############
currentTime:1720181560174
AnomalyScore: 0.9973
AlertPath:[Network Connect: Localhost--53.158.101.118:80]->NET_CONNECT->[Process: PName-pEja72mA, ARGUMENTS-]: 0.1: 0
[Process: PName-pEja72mA, ARGUMENTS-]->PROCESS_FORK->[Process: PName-pEja72mA, ARGUMENTS-aue_fork]: 0.1: 39996566
[Process: PName-procstat, ARGUMENTS-]->FILE_WRITE->[File: PATH-<unknown>]: 0.1: 60001263
[File: PATH-<unknown>]->FILE_READ->[Process: PName-pEja72mA, ARGUMENTS-]: 0.1: 540000552

###############Alert###############
currentTime:1720181560175
AnomalyScore: 0.9973
AlertPath:[Network Connect: Localhost--53.158.101.118:80]->NET_CONNECT->[Process: PName-pEja72mA, ARGUMENTS-]: 0.1: 0
[Process: PName-pEja72mA, ARGUMENTS-]->PROCESS_FORK->[Process: PName-pEja72mA, ARGUMENTS-aue_fork]: 0.1: 39996566
[Process: PName-procstat, ARGUMENTS-]->FILE_WRITE->[File: PATH-<unknown>]: 0.1: 60001263
[File: PATH-<unknown>]->FILE_READ->[Process: PName-pEja72mA, ARGUMENTS-]: 0.1: 540000552

###############Alert###############
currentTime:1720181560175
AnomalyScore: 0.9973
AlertPath:[Network Connect: Localhost--53.158.101.118:80]->NET_CONNECT->[Process: PName-pEja72mA, ARGUMENTS-]: 0.1: 0
[Process: PName-pEja72mA, ARGUMENTS-]->PROCESS_FORK->[Process: PName-pEja72mA, ARGUMENTS-aue_fork]: 0.1: 39996566
[Process: PName-procstat, ARGUMENTS-]->FILE_WRITE->[File: PATH-<unknown>]: 0.1: 60001263
[File: PATH-<unknown>]->FILE_READ->[Process: PName-pEja72mA, ARGUMENTS-]: 0.1: 540000552

###############Alert###############
currentTime:1720181560177
AnomalyScore: 0.9973
AlertPath:[Network Connect: Localhost--53.158.101.118:80]->NET_CONNECT->[Process: PName-pEja72mA, ARGUMENTS-]: 0.1: 0
[Process: PName-pEja72mA, ARGUMENTS-]->PROCESS_FORK->[Process: PName-pEja72mA, ARGUMENTS-aue_fork]: 0.1: 39996566
[Process: PName-procstat, ARGUMENTS-]->FILE_WRITE->[File: PATH-<unknown>]: 0.1: 60001263
[File: PATH-<unknown>]->FILE_READ->[Process: PName-pEja72mA, ARGUMENTS-]: 0.1: 550000711

###############Alert###############
currentTime:1720181560177
AnomalyScore: 0.9973
AlertPath:[Network Connect: Localhost--53.158.101.118:80]->NET_CONNECT->[Process: PName-pEja72mA, ARGUMENTS-]: 0.1: 0
[Process: PName-pEja72mA, ARGUMENTS-]->PROCESS_FORK->[Process: PName-pEja72mA, ARGUMENTS-aue_fork]: 0.1: 39996566
[Process: PName-procstat, ARGUMENTS-]->FILE_WRITE->[File: PATH-<unknown>]: 0.1: 60001263
[File: PATH-<unknown>]->FILE_READ->[Process: PName-pEja72mA, ARGUMENTS-]: 0.1: 550000711

###############Alert###############
currentTime:1720181560178
AnomalyScore: 0.9973
AlertPath:[Network Connect: Localhost--53.158.101.118:80]->NET_CONNECT->[Process: PName-pEja72mA, ARGUMENTS-]: 0.1: 0
[Process: PName-pEja72mA, ARGUMENTS-]->PROCESS_FORK->[Process: PName-pEja72mA, ARGUMENTS-aue_fork]: 0.1: 39996566
[Process: PName-procstat, ARGUMENTS-]->FILE_WRITE->[File: PATH-<unknown>]: 0.1: 60001263
[File: PATH-<unknown>]->FILE_READ->[Process: PName-pEja72mA, ARGUMENTS-]: 0.1: 550000711

###############Alert###############
currentTime:1720181560179
AnomalyScore: 0.9973
AlertPath:[Network Connect: Localhost--53.158.101.118:80]->NET_CONNECT->[Process: PName-pEja72mA, ARGUMENTS-]: 0.1: 0
[Process: PName-pEja72mA, ARGUMENTS-]->PROCESS_FORK->[Process: PName-pEja72mA, ARGUMENTS-aue_fork]: 0.1: 39996566
[Process: PName-procstat, ARGUMENTS-]->FILE_WRITE->[File: PATH-<unknown>]: 0.1: 60001263
[File: PATH-<unknown>]->FILE_READ->[Process: PName-pEja72mA, ARGUMENTS-]: 0.1: 550000711

###############Alert###############
currentTime:1720181560180
AnomalyScore: 0.9973
AlertPath:[Network Connect: Localhost--53.158.101.118:80]->NET_CONNECT->[Process: PName-pEja72mA, ARGUMENTS-]: 0.1: 0
[Process: PName-pEja72mA, ARGUMENTS-]->PROCESS_FORK->[Process: PName-pEja72mA, ARGUMENTS-aue_fork]: 0.1: 39996566
[Process: PName-procstat, ARGUMENTS-]->FILE_WRITE->[File: PATH-<unknown>]: 0.1: 60001263
[File: PATH-<unknown>]->FILE_READ->[Process: PName-pEja72mA, ARGUMENTS-]: 0.1: 550000711

###############Alert###############
currentTime:1720181560180
AnomalyScore: 0.9973
AlertPath:[Network Connect: Localhost--53.158.101.118:80]->NET_CONNECT->[Process: PName-pEja72mA, ARGUMENTS-]: 0.1: 0
[Process: PName-pEja72mA, ARGUMENTS-]->PROCESS_FORK->[Process: PName-pEja72mA, ARGUMENTS-aue_fork]: 0.1: 39996566
[Process: PName-procstat, ARGUMENTS-]->FILE_WRITE->[File: PATH-<unknown>]: 0.1: 60001263
[File: PATH-<unknown>]->FILE_READ->[Process: PName-pEja72mA, ARGUMENTS-]: 0.1: 550000711

###############Alert###############
currentTime:1720181560182
AnomalyScore: 0.9973
AlertPath:[Network Connect: Localhost--53.158.101.118:80]->NET_CONNECT->[Process: PName-pEja72mA, ARGUMENTS-]: 0.1: 0
[Process: PName-pEja72mA, ARGUMENTS-]->PROCESS_FORK->[Process: PName-pEja72mA, ARGUMENTS-aue_fork]: 0.1: 39996566
[Process: PName-procstat, ARGUMENTS-]->FILE_WRITE->[File: PATH-<unknown>]: 0.1: 60001263
[File: PATH-<unknown>]->FILE_READ->[Process: PName-pEja72mA, ARGUMENTS-]: 0.1: 550000711

###############Alert###############
currentTime:1720181560182
AnomalyScore: 0.9973
AlertPath:[Network Connect: Localhost--53.158.101.118:80]->NET_CONNECT->[Process: PName-pEja72mA, ARGUMENTS-]: 0.1: 0
[Process: PName-pEja72mA, ARGUMENTS-]->PROCESS_FORK->[Process: PName-pEja72mA, ARGUMENTS-aue_fork]: 0.1: 39996566
[Process: PName-procstat, ARGUMENTS-]->FILE_WRITE->[File: PATH-<unknown>]: 0.1: 60001263
[File: PATH-<unknown>]->FILE_READ->[Process: PName-pEja72mA, ARGUMENTS-]: 0.1: 550000711

###############Alert###############
currentTime:1720181560183
AnomalyScore: 0.9973
AlertPath:[Network Connect: Localhost--53.158.101.118:80]->NET_CONNECT->[Process: PName-pEja72mA, ARGUMENTS-]: 0.1: 0
[Process: PName-pEja72mA, ARGUMENTS-]->PROCESS_FORK->[Process: PName-pEja72mA, ARGUMENTS-aue_fork]: 0.1: 39996566
[Process: PName-procstat, ARGUMENTS-]->FILE_WRITE->[File: PATH-<unknown>]: 0.1: 60001263
[File: PATH-<unknown>]->FILE_READ->[Process: PName-pEja72mA, ARGUMENTS-]: 0.1: 550000711

###############Alert###############
currentTime:1720181560184
AnomalyScore: 0.9973
AlertPath:[Network Connect: Localhost--53.158.101.118:80]->NET_CONNECT->[Process: PName-pEja72mA, ARGUMENTS-]: 0.1: 0
[Process: PName-pEja72mA, ARGUMENTS-]->PROCESS_FORK->[Process: PName-pEja72mA, ARGUMENTS-aue_fork]: 0.1: 39996566
[Process: PName-procstat, ARGUMENTS-]->FILE_WRITE->[File: PATH-<unknown>]: 0.1: 60001263
[File: PATH-<unknown>]->FILE_READ->[Process: PName-pEja72mA, ARGUMENTS-]: 0.1: 550000711

###############Alert###############
currentTime:1720181560185
AnomalyScore: 0.9973
AlertPath:[Network Connect: Localhost--53.158.101.118:80]->NET_CONNECT->[Process: PName-pEja72mA, ARGUMENTS-]: 0.1: 0
[Process: PName-pEja72mA, ARGUMENTS-]->PROCESS_FORK->[Process: PName-pEja72mA, ARGUMENTS-aue_fork]: 0.1: 39996566
[Process: PName-procstat, ARGUMENTS-]->FILE_WRITE->[File: PATH-<unknown>]: 0.1: 60001263
[File: PATH-<unknown>]->FILE_READ->[Process: PName-pEja72mA, ARGUMENTS-]: 0.1: 550000711

###############Alert###############
currentTime:1720181560185
AnomalyScore: 0.9973
AlertPath:[Network Connect: Localhost--53.158.101.118:80]->NET_CONNECT->[Process: PName-pEja72mA, ARGUMENTS-]: 0.1: 0
[Process: PName-pEja72mA, ARGUMENTS-]->PROCESS_FORK->[Process: PName-pEja72mA, ARGUMENTS-aue_fork]: 0.1: 39996566
[Process: PName-procstat, ARGUMENTS-]->FILE_WRITE->[File: PATH-<unknown>]: 0.1: 60001263
[File: PATH-<unknown>]->FILE_READ->[Process: PName-pEja72mA, ARGUMENTS-]: 0.1: 550000711

###############Alert###############
currentTime:1720181560187
AnomalyScore: 0.9973
AlertPath:[Network Connect: Localhost--53.158.101.118:80]->NET_CONNECT->[Process: PName-pEja72mA, ARGUMENTS-]: 0.1: 0
[Process: PName-pEja72mA, ARGUMENTS-]->PROCESS_FORK->[Process: PName-pEja72mA, ARGUMENTS-aue_fork]: 0.1: 39996566
[Process: PName-procstat, ARGUMENTS-]->FILE_WRITE->[File: PATH-<unknown>]: 0.1: 60001263
[File: PATH-<unknown>]->FILE_READ->[Process: PName-pEja72mA, ARGUMENTS-]: 0.1: 560000780

###############Alert###############
currentTime:1720181560187
AnomalyScore: 0.9973
AlertPath:[Network Connect: Localhost--53.158.101.118:80]->NET_CONNECT->[Process: PName-pEja72mA, ARGUMENTS-]: 0.1: 0
[Process: PName-pEja72mA, ARGUMENTS-]->PROCESS_FORK->[Process: PName-pEja72mA, ARGUMENTS-aue_fork]: 0.1: 39996566
[Process: PName-procstat, ARGUMENTS-]->FILE_WRITE->[File: PATH-<unknown>]: 0.1: 60001263
[File: PATH-<unknown>]->FILE_READ->[Process: PName-pEja72mA, ARGUMENTS-]: 0.1: 560000780

###############Alert###############
currentTime:1720181560188
AnomalyScore: 0.9973
AlertPath:[Network Connect: Localhost--53.158.101.118:80]->NET_CONNECT->[Process: PName-pEja72mA, ARGUMENTS-]: 0.1: 0
[Process: PName-pEja72mA, ARGUMENTS-]->PROCESS_FORK->[Process: PName-pEja72mA, ARGUMENTS-aue_fork]: 0.1: 39996566
[Process: PName-procstat, ARGUMENTS-]->FILE_WRITE->[File: PATH-<unknown>]: 0.1: 60001263
[File: PATH-<unknown>]->FILE_READ->[Process: PName-pEja72mA, ARGUMENTS-]: 0.1: 560000780

###############Alert###############
currentTime:1720181560189
AnomalyScore: 0.9973
AlertPath:[Network Connect: Localhost--53.158.101.118:80]->NET_CONNECT->[Process: PName-pEja72mA, ARGUMENTS-]: 0.1: 0
[Process: PName-pEja72mA, ARGUMENTS-]->PROCESS_FORK->[Process: PName-pEja72mA, ARGUMENTS-aue_fork]: 0.1: 39996566
[Process: PName-procstat, ARGUMENTS-]->FILE_WRITE->[File: PATH-<unknown>]: 0.1: 60001263
[File: PATH-<unknown>]->FILE_READ->[Process: PName-pEja72mA, ARGUMENTS-]: 0.1: 560000780

###############Alert###############
currentTime:1720181560190
AnomalyScore: 0.9973
AlertPath:[Network Connect: Localhost--53.158.101.118:80]->NET_CONNECT->[Process: PName-pEja72mA, ARGUMENTS-]: 0.1: 0
[Process: PName-pEja72mA, ARGUMENTS-]->PROCESS_FORK->[Process: PName-pEja72mA, ARGUMENTS-aue_fork]: 0.1: 39996566
[Process: PName-procstat, ARGUMENTS-]->FILE_WRITE->[File: PATH-<unknown>]: 0.1: 60001263
[File: PATH-<unknown>]->FILE_READ->[Process: PName-pEja72mA, ARGUMENTS-]: 0.1: 560000780

###############Alert###############
currentTime:1720181560190
AnomalyScore: 0.9973
AlertPath:[Network Connect: Localhost--53.158.101.118:80]->NET_CONNECT->[Process: PName-pEja72mA, ARGUMENTS-]: 0.1: 0
[Process: PName-pEja72mA, ARGUMENTS-]->PROCESS_FORK->[Process: PName-pEja72mA, ARGUMENTS-aue_fork]: 0.1: 39996566
[Process: PName-procstat, ARGUMENTS-]->FILE_WRITE->[File: PATH-<unknown>]: 0.1: 60001263
[File: PATH-<unknown>]->FILE_READ->[Process: PName-pEja72mA, ARGUMENTS-]: 0.1: 560000780

###############Alert###############
currentTime:1720181560192
AnomalyScore: 0.9973
AlertPath:[Network Connect: Localhost--53.158.101.118:80]->NET_CONNECT->[Process: PName-pEja72mA, ARGUMENTS-]: 0.1: 0
[Process: PName-pEja72mA, ARGUMENTS-]->PROCESS_FORK->[Process: PName-pEja72mA, ARGUMENTS-aue_fork]: 0.1: 39996566
[Process: PName-procstat, ARGUMENTS-]->FILE_WRITE->[File: PATH-<unknown>]: 0.1: 60001263
[File: PATH-<unknown>]->FILE_READ->[Process: PName-pEja72mA, ARGUMENTS-]: 0.1: 560000780

###############Alert###############
currentTime:1720181560192
AnomalyScore: 0.9973
AlertPath:[Network Connect: Localhost--53.158.101.118:80]->NET_CONNECT->[Process: PName-pEja72mA, ARGUMENTS-]: 0.1: 0
[Process: PName-pEja72mA, ARGUMENTS-]->PROCESS_FORK->[Process: PName-pEja72mA, ARGUMENTS-aue_fork]: 0.1: 39996566
[Process: PName-procstat, ARGUMENTS-]->FILE_WRITE->[File: PATH-<unknown>]: 0.1: 60001263
[File: PATH-<unknown>]->FILE_READ->[Process: PName-pEja72mA, ARGUMENTS-]: 0.1: 560000780

###############Alert###############
currentTime:1720181560194
AnomalyScore: 0.9973
AlertPath:[Network Connect: Localhost--53.158.101.118:80]->NET_CONNECT->[Process: PName-pEja72mA, ARGUMENTS-]: 0.1: 0
[Process: PName-pEja72mA, ARGUMENTS-]->PROCESS_FORK->[Process: PName-pEja72mA, ARGUMENTS-aue_fork]: 0.1: 39996566
[Process: PName-procstat, ARGUMENTS-]->FILE_WRITE->[File: PATH-<unknown>]: 0.1: 60001263
[File: PATH-<unknown>]->FILE_READ->[Process: PName-pEja72mA, ARGUMENTS-]: 0.1: 560000780

###############Alert###############
currentTime:1720181560194
AnomalyScore: 0.9973
AlertPath:[Network Connect: Localhost--53.158.101.118:80]->NET_CONNECT->[Process: PName-pEja72mA, ARGUMENTS-]: 0.1: 0
[Process: PName-pEja72mA, ARGUMENTS-]->PROCESS_FORK->[Process: PName-pEja72mA, ARGUMENTS-aue_fork]: 0.1: 39996566
[Process: PName-procstat, ARGUMENTS-]->FILE_WRITE->[File: PATH-<unknown>]: 0.1: 60001263
[File: PATH-<unknown>]->FILE_READ->[Process: PName-pEja72mA, ARGUMENTS-]: 0.1: 560000780

###############Alert###############
currentTime:1720181560195
AnomalyScore: 0.9973
AlertPath:[Network Connect: Localhost--53.158.101.118:80]->NET_CONNECT->[Process: PName-pEja72mA, ARGUMENTS-]: 0.1: 0
[Process: PName-pEja72mA, ARGUMENTS-]->PROCESS_FORK->[Process: PName-pEja72mA, ARGUMENTS-aue_fork]: 0.1: 39996566
[Process: PName-procstat, ARGUMENTS-]->FILE_WRITE->[File: PATH-<unknown>]: 0.1: 60001263
[File: PATH-<unknown>]->FILE_READ->[Process: PName-pEja72mA, ARGUMENTS-]: 0.1: 560000780

###############Alert###############
currentTime:1720181560195
AnomalyScore: 0.9973
AlertPath:[Network Connect: Localhost--53.158.101.118:80]->NET_CONNECT->[Process: PName-pEja72mA, ARGUMENTS-]: 0.1: 0
[Process: PName-pEja72mA, ARGUMENTS-]->PROCESS_FORK->[Process: PName-pEja72mA, ARGUMENTS-aue_fork]: 0.1: 39996566
[Process: PName-procstat, ARGUMENTS-]->FILE_WRITE->[File: PATH-<unknown>]: 0.1: 60001263
[File: PATH-<unknown>]->FILE_READ->[Process: PName-pEja72mA, ARGUMENTS-]: 0.1: 560000780

###############Alert###############
currentTime:1720181560197
AnomalyScore: 0.9973
AlertPath:[Network Connect: Localhost--53.158.101.118:80]->NET_CONNECT->[Process: PName-pEja72mA, ARGUMENTS-]: 0.1: 0
[Process: PName-pEja72mA, ARGUMENTS-]->PROCESS_FORK->[Process: PName-pEja72mA, ARGUMENTS-aue_fork]: 0.1: 39996566
[Process: PName-procstat, ARGUMENTS-]->FILE_WRITE->[File: PATH-<unknown>]: 0.1: 60001263
[File: PATH-<unknown>]->FILE_READ->[Process: PName-pEja72mA, ARGUMENTS-]: 0.1: 560000780

###############Alert###############
currentTime:1720181560197
AnomalyScore: 0.9973
AlertPath:[Network Connect: Localhost--53.158.101.118:80]->NET_CONNECT->[Process: PName-pEja72mA, ARGUMENTS-]: 0.1: 0
[Process: PName-pEja72mA, ARGUMENTS-]->PROCESS_FORK->[Process: PName-pEja72mA, ARGUMENTS-aue_fork]: 0.1: 39996566
[Process: PName-procstat, ARGUMENTS-]->FILE_WRITE->[File: PATH-<unknown>]: 0.1: 60001263
[File: PATH-<unknown>]->FILE_READ->[Process: PName-pEja72mA, ARGUMENTS-]: 0.1: 570000669

###############Alert###############
currentTime:1720181560199
AnomalyScore: 0.9973
AlertPath:[Network Connect: Localhost--53.158.101.118:80]->NET_CONNECT->[Process: PName-pEja72mA, ARGUMENTS-]: 0.1: 0
[Process: PName-pEja72mA, ARGUMENTS-]->PROCESS_FORK->[Process: PName-pEja72mA, ARGUMENTS-aue_fork]: 0.1: 39996566
[Process: PName-procstat, ARGUMENTS-]->FILE_WRITE->[File: PATH-<unknown>]: 0.1: 60001263
[File: PATH-<unknown>]->FILE_READ->[Process: PName-pEja72mA, ARGUMENTS-]: 0.1: 570000669

###############Alert###############
currentTime:1720181560199
AnomalyScore: 0.9973
AlertPath:[Network Connect: Localhost--53.158.101.118:80]->NET_CONNECT->[Process: PName-pEja72mA, ARGUMENTS-]: 0.1: 0
[Process: PName-pEja72mA, ARGUMENTS-]->PROCESS_FORK->[Process: PName-pEja72mA, ARGUMENTS-aue_fork]: 0.1: 39996566
[Process: PName-procstat, ARGUMENTS-]->FILE_WRITE->[File: PATH-<unknown>]: 0.1: 60001263
[File: PATH-<unknown>]->FILE_READ->[Process: PName-pEja72mA, ARGUMENTS-]: 0.1: 570000669

###############Alert###############
currentTime:1720181560201
AnomalyScore: 0.9973
AlertPath:[Network Connect: Localhost--53.158.101.118:80]->NET_CONNECT->[Process: PName-pEja72mA, ARGUMENTS-]: 0.1: 0
[Process: PName-pEja72mA, ARGUMENTS-]->PROCESS_FORK->[Process: PName-pEja72mA, ARGUMENTS-aue_fork]: 0.1: 39996566
[Process: PName-procstat, ARGUMENTS-]->FILE_WRITE->[File: PATH-<unknown>]: 0.1: 60001263
[File: PATH-<unknown>]->FILE_READ->[Process: PName-pEja72mA, ARGUMENTS-]: 0.1: 570000669

###############Alert###############
currentTime:1720181560201
AnomalyScore: 0.9973
AlertPath:[Network Connect: Localhost--53.158.101.118:80]->NET_CONNECT->[Process: PName-pEja72mA, ARGUMENTS-]: 0.1: 0
[Process: PName-pEja72mA, ARGUMENTS-]->PROCESS_FORK->[Process: PName-pEja72mA, ARGUMENTS-aue_fork]: 0.1: 39996566
[Process: PName-procstat, ARGUMENTS-]->FILE_WRITE->[File: PATH-<unknown>]: 0.1: 60001263
[File: PATH-<unknown>]->FILE_READ->[Process: PName-pEja72mA, ARGUMENTS-]: 0.1: 570000669

###############Alert###############
currentTime:1720181560202
AnomalyScore: 0.9973
AlertPath:[Network Connect: Localhost--53.158.101.118:80]->NET_CONNECT->[Process: PName-pEja72mA, ARGUMENTS-]: 0.1: 0
[Process: PName-pEja72mA, ARGUMENTS-]->PROCESS_FORK->[Process: PName-pEja72mA, ARGUMENTS-aue_fork]: 0.1: 39996566
[Process: PName-procstat, ARGUMENTS-]->FILE_WRITE->[File: PATH-<unknown>]: 0.1: 60001263
[File: PATH-<unknown>]->FILE_READ->[Process: PName-pEja72mA, ARGUMENTS-]: 0.1: 570000669

###############Alert###############
currentTime:1720181560203
AnomalyScore: 0.9973
AlertPath:[Network Connect: Localhost--53.158.101.118:80]->NET_CONNECT->[Process: PName-pEja72mA, ARGUMENTS-]: 0.1: 0
[Process: PName-pEja72mA, ARGUMENTS-]->PROCESS_FORK->[Process: PName-pEja72mA, ARGUMENTS-aue_fork]: 0.1: 39996566
[Process: PName-procstat, ARGUMENTS-]->FILE_WRITE->[File: PATH-<unknown>]: 0.1: 60001263
[File: PATH-<unknown>]->FILE_READ->[Process: PName-pEja72mA, ARGUMENTS-]: 0.1: 570000669

###############Alert###############
currentTime:1720181560204
AnomalyScore: 0.9973
AlertPath:[Network Connect: Localhost--53.158.101.118:80]->NET_CONNECT->[Process: PName-pEja72mA, ARGUMENTS-]: 0.1: 0
[Process: PName-pEja72mA, ARGUMENTS-]->PROCESS_FORK->[Process: PName-pEja72mA, ARGUMENTS-aue_fork]: 0.1: 39996566
[Process: PName-procstat, ARGUMENTS-]->FILE_WRITE->[File: PATH-<unknown>]: 0.1: 60001263
[File: PATH-<unknown>]->FILE_READ->[Process: PName-pEja72mA, ARGUMENTS-]: 0.1: 570000669

###############Alert###############
currentTime:1720181560204
AnomalyScore: 0.9973
AlertPath:[Network Connect: Localhost--53.158.101.118:80]->NET_CONNECT->[Process: PName-pEja72mA, ARGUMENTS-]: 0.1: 0
[Process: PName-pEja72mA, ARGUMENTS-]->PROCESS_FORK->[Process: PName-pEja72mA, ARGUMENTS-aue_fork]: 0.1: 39996566
[Process: PName-procstat, ARGUMENTS-]->FILE_WRITE->[File: PATH-<unknown>]: 0.1: 60001263
[File: PATH-<unknown>]->FILE_READ->[Process: PName-pEja72mA, ARGUMENTS-]: 0.1: 580007748

###############Alert###############
currentTime:1720181560205
AnomalyScore: 0.9973
AlertPath:[Network Connect: Localhost--53.158.101.118:80]->NET_CONNECT->[Process: PName-pEja72mA, ARGUMENTS-]: 0.1: 0
[Process: PName-pEja72mA, ARGUMENTS-]->PROCESS_FORK->[Process: PName-pEja72mA, ARGUMENTS-aue_fork]: 0.1: 39996566
[Process: PName-procstat, ARGUMENTS-]->FILE_WRITE->[File: PATH-<unknown>]: 0.1: 60001263
[File: PATH-<unknown>]->FILE_READ->[Process: PName-pEja72mA, ARGUMENTS-]: 0.1: 580007748

###############Alert###############
currentTime:1720181560206
AnomalyScore: 0.9973
AlertPath:[Network Connect: Localhost--53.158.101.118:80]->NET_CONNECT->[Process: PName-pEja72mA, ARGUMENTS-]: 0.1: 0
[Process: PName-pEja72mA, ARGUMENTS-]->PROCESS_FORK->[Process: PName-pEja72mA, ARGUMENTS-aue_fork]: 0.1: 39996566
[Process: PName-procstat, ARGUMENTS-]->FILE_WRITE->[File: PATH-<unknown>]: 0.1: 60001263
[File: PATH-<unknown>]->FILE_READ->[Process: PName-pEja72mA, ARGUMENTS-]: 0.1: 580007748

###############Alert###############
currentTime:1720181560207
AnomalyScore: 0.9973
AlertPath:[Network Connect: Localhost--53.158.101.118:80]->NET_CONNECT->[Process: PName-pEja72mA, ARGUMENTS-]: 0.1: 0
[Process: PName-pEja72mA, ARGUMENTS-]->PROCESS_FORK->[Process: PName-pEja72mA, ARGUMENTS-aue_fork]: 0.1: 39996566
[Process: PName-procstat, ARGUMENTS-]->FILE_WRITE->[File: PATH-<unknown>]: 0.1: 60001263
[File: PATH-<unknown>]->FILE_READ->[Process: PName-pEja72mA, ARGUMENTS-]: 0.1: 580007748

###############Alert###############
currentTime:1720181560207
AnomalyScore: 0.9973
AlertPath:[Network Connect: Localhost--53.158.101.118:80]->NET_CONNECT->[Process: PName-pEja72mA, ARGUMENTS-]: 0.1: 0
[Process: PName-pEja72mA, ARGUMENTS-]->PROCESS_FORK->[Process: PName-pEja72mA, ARGUMENTS-aue_fork]: 0.1: 39996566
[Process: PName-procstat, ARGUMENTS-]->FILE_WRITE->[File: PATH-<unknown>]: 0.1: 60001263
[File: PATH-<unknown>]->FILE_READ->[Process: PName-pEja72mA, ARGUMENTS-]: 0.1: 580007748

###############Alert###############
currentTime:1720181560209
AnomalyScore: 0.9973
AlertPath:[Network Connect: Localhost--53.158.101.118:80]->NET_CONNECT->[Process: PName-pEja72mA, ARGUMENTS-]: 0.1: 0
[Process: PName-pEja72mA, ARGUMENTS-]->PROCESS_FORK->[Process: PName-pEja72mA, ARGUMENTS-aue_fork]: 0.1: 39996566
[Process: PName-procstat, ARGUMENTS-]->FILE_WRITE->[File: PATH-<unknown>]: 0.1: 60001263
[File: PATH-<unknown>]->FILE_READ->[Process: PName-pEja72mA, ARGUMENTS-]: 0.1: 580007748

###############Alert###############
currentTime:1720181560209
AnomalyScore: 0.9973
AlertPath:[Network Connect: Localhost--53.158.101.118:80]->NET_CONNECT->[Process: PName-pEja72mA, ARGUMENTS-]: 0.1: 0
[Process: PName-pEja72mA, ARGUMENTS-]->PROCESS_FORK->[Process: PName-pEja72mA, ARGUMENTS-aue_fork]: 0.1: 39996566
[Process: PName-procstat, ARGUMENTS-]->FILE_WRITE->[File: PATH-<unknown>]: 0.1: 60001263
[File: PATH-<unknown>]->FILE_READ->[Process: PName-pEja72mA, ARGUMENTS-]: 0.1: 580007748

###############Alert###############
currentTime:1720181560211
AnomalyScore: 0.9973
AlertPath:[Network Connect: Localhost--53.158.101.118:80]->NET_CONNECT->[Process: PName-pEja72mA, ARGUMENTS-]: 0.1: 0
[Process: PName-pEja72mA, ARGUMENTS-]->PROCESS_FORK->[Process: PName-pEja72mA, ARGUMENTS-aue_fork]: 0.1: 39996566
[Process: PName-procstat, ARGUMENTS-]->FILE_WRITE->[File: PATH-<unknown>]: 0.1: 60001263
[File: PATH-<unknown>]->FILE_READ->[Process: PName-pEja72mA, ARGUMENTS-]: 0.1: 590004726

###############Alert###############
currentTime:1720181560211
AnomalyScore: 0.9973
AlertPath:[Network Connect: Localhost--53.158.101.118:80]->NET_CONNECT->[Process: PName-pEja72mA, ARGUMENTS-]: 0.1: 0
[Process: PName-pEja72mA, ARGUMENTS-]->PROCESS_FORK->[Process: PName-pEja72mA, ARGUMENTS-aue_fork]: 0.1: 39996566
[Process: PName-procstat, ARGUMENTS-]->FILE_WRITE->[File: PATH-<unknown>]: 0.1: 60001263
[File: PATH-<unknown>]->FILE_READ->[Process: PName-pEja72mA, ARGUMENTS-]: 0.1: 590004726

###############Alert###############
currentTime:1720181560213
AnomalyScore: 0.9973
AlertPath:[Network Connect: Localhost--53.158.101.118:80]->NET_CONNECT->[Process: PName-pEja72mA, ARGUMENTS-]: 0.1: 0
[Process: PName-pEja72mA, ARGUMENTS-]->PROCESS_FORK->[Process: PName-pEja72mA, ARGUMENTS-aue_fork]: 0.1: 39996566
[Process: PName-procstat, ARGUMENTS-]->FILE_WRITE->[File: PATH-<unknown>]: 0.1: 60001263
[File: PATH-<unknown>]->FILE_READ->[Process: PName-pEja72mA, ARGUMENTS-]: 0.1: 590004726

###############Alert###############
currentTime:1720181560213
AnomalyScore: 0.9973
AlertPath:[Network Connect: Localhost--53.158.101.118:80]->NET_CONNECT->[Process: PName-pEja72mA, ARGUMENTS-]: 0.1: 0
[Process: PName-pEja72mA, ARGUMENTS-]->PROCESS_FORK->[Process: PName-pEja72mA, ARGUMENTS-aue_fork]: 0.1: 39996566
[Process: PName-procstat, ARGUMENTS-]->FILE_WRITE->[File: PATH-<unknown>]: 0.1: 60001263
[File: PATH-<unknown>]->FILE_READ->[Process: PName-pEja72mA, ARGUMENTS-]: 0.1: 590004726

###############Alert###############
currentTime:1720181560215
AnomalyScore: 0.9973
AlertPath:[Network Connect: Localhost--53.158.101.118:80]->NET_CONNECT->[Process: PName-pEja72mA, ARGUMENTS-]: 0.1: 0
[Process: PName-pEja72mA, ARGUMENTS-]->PROCESS_FORK->[Process: PName-pEja72mA, ARGUMENTS-aue_fork]: 0.1: 39996566
[Process: PName-procstat, ARGUMENTS-]->FILE_WRITE->[File: PATH-<unknown>]: 0.1: 60001263
[File: PATH-<unknown>]->FILE_READ->[Process: PName-pEja72mA, ARGUMENTS-]: 0.1: 590004726

###############Alert###############
currentTime:1720181560215
AnomalyScore: 0.9973
AlertPath:[Network Connect: Localhost--53.158.101.118:80]->NET_CONNECT->[Process: PName-pEja72mA, ARGUMENTS-]: 0.1: 0
[Process: PName-pEja72mA, ARGUMENTS-]->PROCESS_FORK->[Process: PName-pEja72mA, ARGUMENTS-aue_fork]: 0.1: 39996566
[Process: PName-procstat, ARGUMENTS-]->FILE_WRITE->[File: PATH-<unknown>]: 0.1: 60001263
[File: PATH-<unknown>]->FILE_READ->[Process: PName-pEja72mA, ARGUMENTS-]: 0.1: 590004726

###############Alert###############
currentTime:1720181560216
AnomalyScore: 0.9973
AlertPath:[Network Connect: Localhost--53.158.101.118:80]->NET_CONNECT->[Process: PName-pEja72mA, ARGUMENTS-]: 0.1: 0
[Process: PName-pEja72mA, ARGUMENTS-]->PROCESS_FORK->[Process: PName-pEja72mA, ARGUMENTS-aue_fork]: 0.1: 39996566
[Process: PName-procstat, ARGUMENTS-]->FILE_WRITE->[File: PATH-<unknown>]: 0.1: 60001263
[File: PATH-<unknown>]->FILE_READ->[Process: PName-pEja72mA, ARGUMENTS-]: 0.1: 590004726

0/13800000 of Events lost!
Overall Processing Info: [ProcessingStartTime: 1720180659 (s), CurrentTime: 1720181622 (s),
	Event Process Rate: 14330.217773 (event per second) = 13800000 (event) / 963 (s),
	Alert Generation Rate: 16870.416016 (event per alert) = 13800000 (event) / 818 (alert)]
Single Host Processing Info: [CurrentEventTime: 1523655142 (s)
	Alert Generation Rate: 1.177262 (second per alert) = 963 (second) / 818 (alert)]
Anomaly Tag Status Info: [TotalEventCount: 13800000, TotalTagCount: 451243 = InitialTagCount: 215396 + PropagationCount: 235847, DecayedTagCount: 22739, TotalAlertCount: 818]